molecule_chembl_id,canonical_smiles,target_chembl_id,document_chembl_id,target_pref_name,assay_chembl_id,assay_description,assay_type,standard_type,standard_relation,standard_value,standard_units,pchembl_value,activity_comment,document_year,assay_variant_context,assay_mechanism_context
CHEMBL174255,CCCCc1c(O)c2c(Cl)cccc2[n+]2ccccc12.[Cl-],CHEMBL4051,CHEMBL1148470,Cystic fibrosis transmembrane conductance regulator,CHEMBL665293,Half-Maximal effective concentration of compound required to stimulate of wild type-CFTR activity in the presence of 10 uM Fsk,F,EC50,=,1700.0,nM,5.77,,2004,wild type,unspecified
CHEMBL174255,CCCCc1c(O)c2c(Cl)cccc2[n+]2ccccc12.[Cl-],CHEMBL4051,CHEMBL1148470,Cystic fibrosis transmembrane conductance regulator,CHEMBL665292,Half-Maximal effective concentration of compound required to stimulate of G551D-CFTR activity in the presence of 10 uM Fsk,F,EC50,=,750.0,nM,6.12,,2004,G551D,unspecified
CHEMBL173488,CCCc1c(O)c2cccc(Cl)c2[n+]2ccccc12.[Cl-],CHEMBL4051,CHEMBL1148470,Cystic fibrosis transmembrane conductance regulator,CHEMBL665293,Half-Maximal effective concentration of compound required to stimulate of wild type-CFTR activity in the presence of 10 uM Fsk,F,EC50,=,54200.0,nM,4.27,,2004,wild type,unspecified
CHEMBL173488,CCCc1c(O)c2cccc(Cl)c2[n+]2ccccc12.[Cl-],CHEMBL4051,CHEMBL1148470,Cystic fibrosis transmembrane conductance regulator,CHEMBL665292,Half-Maximal effective concentration of compound required to stimulate of G551D-CFTR activity in the presence of 10 uM Fsk,F,EC50,=,48000.0,nM,4.32,,2004,G551D,unspecified
CHEMBL176333,CC(C)Cc1c(O)c2cccc(Cl)c2[n+]2ccccc12.[Cl-],CHEMBL4051,CHEMBL1148470,Cystic fibrosis transmembrane conductance regulator,CHEMBL665293,Half-Maximal effective concentration of compound required to stimulate of wild type-CFTR activity in the presence of 10 uM Fsk,F,EC50,=,26000.0,nM,4.58,,2004,wild type,unspecified
CHEMBL176333,CC(C)Cc1c(O)c2cccc(Cl)c2[n+]2ccccc12.[Cl-],CHEMBL4051,CHEMBL1148470,Cystic fibrosis transmembrane conductance regulator,CHEMBL665292,Half-Maximal effective concentration of compound required to stimulate of G551D-CFTR activity in the presence of 10 uM Fsk,F,EC50,=,32000.0,nM,4.50,,2004,G551D,unspecified
CHEMBL367928,Oc1cc2cccc[n+]2c2cccc(Cl)c12.[Cl-],CHEMBL4051,CHEMBL1148470,Cystic fibrosis transmembrane conductance regulator,CHEMBL665293,Half-Maximal effective concentration of compound required to stimulate of wild type-CFTR activity in the presence of 10 uM Fsk,F,EC50,=,146000.0,nM,,,2004,wild type,unspecified
CHEMBL367928,Oc1cc2cccc[n+]2c2cccc(Cl)c12.[Cl-],CHEMBL4051,CHEMBL1148470,Cystic fibrosis transmembrane conductance regulator,CHEMBL665292,Half-Maximal effective concentration of compound required to stimulate of G551D-CFTR activity in the presence of 10 uM Fsk,F,EC50,>,200000.0,nM,,,2004,G551D,unspecified
CHEMBL177276,CCCCCc1c(O)c2cccc(Cl)c2[n+]2ccccc12.[Cl-],CHEMBL4051,CHEMBL1148470,Cystic fibrosis transmembrane conductance regulator,CHEMBL665293,Half-Maximal effective concentration of compound required to stimulate of wild type-CFTR activity in the presence of 10 uM Fsk,F,EC50,=,21000.0,nM,4.68,,2004,wild type,unspecified
CHEMBL177276,CCCCCc1c(O)c2cccc(Cl)c2[n+]2ccccc12.[Cl-],CHEMBL4051,CHEMBL1148470,Cystic fibrosis transmembrane conductance regulator,CHEMBL665292,Half-Maximal effective concentration of compound required to stimulate of G551D-CFTR activity in the presence of 10 uM Fsk,F,EC50,=,20000.0,nM,4.70,,2004,G551D,unspecified
CHEMBL173487,CCCCc1c(O)c2cccc(Cl)c2[n+]2ccccc12.[Cl-],CHEMBL4051,CHEMBL1148470,Cystic fibrosis transmembrane conductance regulator,CHEMBL665293,Half-Maximal effective concentration of compound required to stimulate of wild type-CFTR activity in the presence of 10 uM Fsk,F,EC50,=,23500.0,nM,4.63,,2004,wild type,unspecified
CHEMBL173487,CCCCc1c(O)c2cccc(Cl)c2[n+]2ccccc12.[Cl-],CHEMBL4051,CHEMBL1148470,Cystic fibrosis transmembrane conductance regulator,CHEMBL665292,Half-Maximal effective concentration of compound required to stimulate of G551D-CFTR activity in the presence of 10 uM Fsk,F,EC50,=,34000.0,nM,4.47,,2004,G551D,unspecified
CHEMBL175225,Oc1cc2cccc[n+]2c2c(Cl)cccc12.[Cl-],CHEMBL4051,CHEMBL1148470,Cystic fibrosis transmembrane conductance regulator,CHEMBL665293,Half-Maximal effective concentration of compound required to stimulate of wild type-CFTR activity in the presence of 10 uM Fsk,F,EC50,=,141000.0,nM,,,2004,wild type,unspecified
CHEMBL175225,Oc1cc2cccc[n+]2c2c(Cl)cccc12.[Cl-],CHEMBL4051,CHEMBL1148470,Cystic fibrosis transmembrane conductance regulator,CHEMBL665292,Half-Maximal effective concentration of compound required to stimulate of G551D-CFTR activity in the presence of 10 uM Fsk,F,EC50,>,200000.0,nM,,,2004,G551D,unspecified
CHEMBL177257,CCOC(=O)c1c(O)c2cccc(F)c2[n+]2ccccc12.[Cl-],CHEMBL4051,CHEMBL1148470,Cystic fibrosis transmembrane conductance regulator,CHEMBL665293,Half-Maximal effective concentration of compound required to stimulate of wild type-CFTR activity in the presence of 10 uM Fsk,F,EC50,=,70500.0,nM,4.15,,2004,wild type,unspecified
CHEMBL177257,CCOC(=O)c1c(O)c2cccc(F)c2[n+]2ccccc12.[Cl-],CHEMBL4051,CHEMBL1148470,Cystic fibrosis transmembrane conductance regulator,CHEMBL665292,Half-Maximal effective concentration of compound required to stimulate of G551D-CFTR activity in the presence of 10 uM Fsk,F,EC50,=,95000.0,nM,4.02,,2004,G551D,unspecified
CHEMBL190630,O=C(Nc1ccc(Cl)cc1)C1Cc2ccccc2CN1C(=O)c1cccc(Oc2ccccc2)c1,CHEMBL4051,CHEMBL1143534,Cystic fibrosis transmembrane conductance regulator,CHEMBL833631,Effective concentration for cellular chloride transport in C127 mouse epithelial cell transfected with recombinant Delta F508 CFTR,F,EC50,=,294.0,nM,6.53,,2005,unspecified,unspecified
CHEMBL365755,O=C(Nc1ccc(F)cc1)[C@H]1Cc2ccccc2CN1C(=O)c1cccc(Oc2ccccc2)c1,CHEMBL4051,CHEMBL1143534,Cystic fibrosis transmembrane conductance regulator,CHEMBL833631,Effective concentration for cellular chloride transport in C127 mouse epithelial cell transfected with recombinant Delta F508 CFTR,F,EC50,=,202.0,nM,6.70,,2005,unspecified,unspecified
CHEMBL369882,O=C(Nc1ccc(Cl)cc1)[C@@H]1Cc2ccccc2CN1C(=O)c1cccc(Oc2ccccc2)c1,CHEMBL4051,CHEMBL1143534,Cystic fibrosis transmembrane conductance regulator,CHEMBL833631,Effective concentration for cellular chloride transport in C127 mouse epithelial cell transfected with recombinant Delta F508 CFTR,F,EC50,=,119.0,nM,6.92,,2005,unspecified,unspecified
CHEMBL176160,O=C(Nc1ccc(Br)cc1)[C@H]1Cc2ccccc2CN1C(=O)c1cccc(Oc2ccccc2)c1,CHEMBL4051,CHEMBL1143534,Cystic fibrosis transmembrane conductance regulator,CHEMBL833631,Effective concentration for cellular chloride transport in C127 mouse epithelial cell transfected with recombinant Delta F508 CFTR,F,EC50,=,292.0,nM,6.54,,2005,unspecified,unspecified
CHEMBL367321,O=C(Nc1ccc(I)cc1)[C@H]1Cc2ccccc2CN1C(=O)c1cccc(Oc2ccccc2)c1,CHEMBL4051,CHEMBL1143534,Cystic fibrosis transmembrane conductance regulator,CHEMBL833631,Effective concentration for cellular chloride transport in C127 mouse epithelial cell transfected with recombinant Delta F508 CFTR,F,EC50,=,314.0,nM,6.50,,2005,unspecified,unspecified
CHEMBL427361,CCCCc1ccc(NC(=O)[C@H]2Cc3ccccc3CN2C(=O)c2cccc(Oc3ccccc3)c2)cc1,CHEMBL4051,CHEMBL1143534,Cystic fibrosis transmembrane conductance regulator,CHEMBL833631,Effective concentration for cellular chloride transport in C127 mouse epithelial cell transfected with recombinant Delta F508 CFTR,F,EC50,=,202.0,nM,6.70,,2005,unspecified,unspecified
CHEMBL195690,CCCCCc1ccc(NC(=O)[C@H]2Cc3ccccc3CN2C(=O)c2cccc(Oc3ccccc3)c2)cc1,CHEMBL4051,CHEMBL1143534,Cystic fibrosis transmembrane conductance regulator,CHEMBL833631,Effective concentration for cellular chloride transport in C127 mouse epithelial cell transfected with recombinant Delta F508 CFTR,F,EC50,=,61.0,nM,7.21,,2005,unspecified,unspecified
CHEMBL192735,CCCCCc1ccc(NC(=O)[C@@H]2Cc3ccccc3CN2C(=O)c2cccc(Oc3ccccc3)c2)cc1,CHEMBL4051,CHEMBL1143534,Cystic fibrosis transmembrane conductance regulator,CHEMBL833631,Effective concentration for cellular chloride transport in C127 mouse epithelial cell transfected with recombinant Delta F508 CFTR,F,EC50,=,23.0,nM,7.64,,2005,unspecified,unspecified
CHEMBL195376,CCCCCCc1ccc(NC(=O)[C@H]2Cc3ccccc3CN2C(=O)c2cccc(Oc3ccccc3)c2)cc1,CHEMBL4051,CHEMBL1143534,Cystic fibrosis transmembrane conductance regulator,CHEMBL833631,Effective concentration for cellular chloride transport in C127 mouse epithelial cell transfected with recombinant Delta F508 CFTR,F,EC50,=,100.0,nM,7.00,,2005,unspecified,unspecified
CHEMBL192245,CCCCCCCc1ccc(NC(=O)[C@H]2Cc3ccccc3CN2C(=O)c2cccc(Oc3ccccc3)c2)cc1,CHEMBL4051,CHEMBL1143534,Cystic fibrosis transmembrane conductance regulator,CHEMBL833631,Effective concentration for cellular chloride transport in C127 mouse epithelial cell transfected with recombinant Delta F508 CFTR,F,EC50,=,230.0,nM,6.64,,2005,unspecified,unspecified
CHEMBL364669,CC(C)CCCc1ccc(NC(=O)[C@H]2Cc3ccccc3CN2C(=O)c2cccc(Oc3ccccc3)c2)cc1,CHEMBL4051,CHEMBL1143534,Cystic fibrosis transmembrane conductance regulator,CHEMBL833631,Effective concentration for cellular chloride transport in C127 mouse epithelial cell transfected with recombinant Delta F508 CFTR,F,EC50,=,160.0,nM,6.80,,2005,unspecified,unspecified
CHEMBL425191,CCOc1ccc(NC(=O)[C@H]2Cc3ccccc3CN2C(=O)c2cccc(Oc3ccccc3)c2)cc1,CHEMBL4051,CHEMBL1143534,Cystic fibrosis transmembrane conductance regulator,CHEMBL833631,Effective concentration for cellular chloride transport in C127 mouse epithelial cell transfected with recombinant Delta F508 CFTR,F,EC50,=,420.0,nM,6.38,,2005,unspecified,unspecified
CHEMBL370964,CCCCOc1ccc(NC(=O)[C@H]2Cc3ccccc3CN2C(=O)c2cccc(Oc3ccccc3)c2)cc1,CHEMBL4051,CHEMBL1143534,Cystic fibrosis transmembrane conductance regulator,CHEMBL833631,Effective concentration for cellular chloride transport in C127 mouse epithelial cell transfected with recombinant Delta F508 CFTR,F,EC50,=,145.0,nM,6.84,,2005,unspecified,unspecified
CHEMBL195438,CCCCN(C(C)=O)c1ccc(NC(=O)[C@H]2Cc3ccccc3CN2C(=O)c2cccc(Oc3ccccc3)c2)cc1,CHEMBL4051,CHEMBL1143534,Cystic fibrosis transmembrane conductance regulator,CHEMBL833631,Effective concentration for cellular chloride transport in C127 mouse epithelial cell transfected with recombinant Delta F508 CFTR,F,EC50,=,66.0,nM,7.18,,2005,unspecified,unspecified
CHEMBL365601,CCCCCN(C(C)=O)c1ccc(NC(=O)[C@H]2Cc3ccccc3CN2C(=O)c2cccc(Oc3ccccc3)c2)cc1,CHEMBL4051,CHEMBL1143534,Cystic fibrosis transmembrane conductance regulator,CHEMBL833631,Effective concentration for cellular chloride transport in C127 mouse epithelial cell transfected with recombinant Delta F508 CFTR,F,EC50,=,71.0,nM,7.15,,2005,unspecified,unspecified
CHEMBL370291,O=C(Nc1cccnc1)[C@H]1Cc2ccccc2CN1C(=O)c1cccc(Oc2ccccc2)c1,CHEMBL4051,CHEMBL1143534,Cystic fibrosis transmembrane conductance regulator,CHEMBL833631,Effective concentration for cellular chloride transport in C127 mouse epithelial cell transfected with recombinant Delta F508 CFTR,F,EC50,=,41.0,nM,7.39,,2005,unspecified,unspecified
CHEMBL366200,O=C(Nc1ccc(Cl)nc1)[C@H]1Cc2ccccc2CN1C(=O)c1cccc(Oc2ccccc2)c1,CHEMBL4051,CHEMBL1143534,Cystic fibrosis transmembrane conductance regulator,CHEMBL833631,Effective concentration for cellular chloride transport in C127 mouse epithelial cell transfected with recombinant Delta F508 CFTR,F,EC50,=,66.0,nM,7.18,,2005,unspecified,unspecified
CHEMBL372489,CCCCCc1ccc(NC(=O)[C@@H]2Cc3ccccc3CN2C(=O)c2cccc(Oc3ccccc3)c2)cn1,CHEMBL4051,CHEMBL1143534,Cystic fibrosis transmembrane conductance regulator,CHEMBL833631,Effective concentration for cellular chloride transport in C127 mouse epithelial cell transfected with recombinant Delta F508 CFTR,F,EC50,=,53.0,nM,7.28,,2005,unspecified,unspecified
CHEMBL192134,O=C(Nc1ccc(Cl)cc1)[C@H]1Cc2ccccc2CN1C(=O)c1ccccc1Oc1ccccc1,CHEMBL4051,CHEMBL1143534,Cystic fibrosis transmembrane conductance regulator,CHEMBL833631,Effective concentration for cellular chloride transport in C127 mouse epithelial cell transfected with recombinant Delta F508 CFTR,F,EC50,=,338.0,nM,6.47,,2005,unspecified,unspecified
CHEMBL364514,O=C(Nc1ccc(Cl)cc1)[C@H]1Cc2ccccc2CN1C(=O)c1cccc(Oc2ccccc2)c1,CHEMBL4051,CHEMBL1143534,Cystic fibrosis transmembrane conductance regulator,CHEMBL833631,Effective concentration for cellular chloride transport in C127 mouse epithelial cell transfected with recombinant Delta F508 CFTR,F,EC50,=,336.0,nM,6.47,,2005,unspecified,unspecified
CHEMBL434733,O=C(Nc1ccc(Cl)cc1)[C@H]1Cc2ccccc2CN1C(=O)c1cccc(Cc2ccccc2)c1,CHEMBL4051,CHEMBL1143534,Cystic fibrosis transmembrane conductance regulator,CHEMBL833631,Effective concentration for cellular chloride transport in C127 mouse epithelial cell transfected with recombinant Delta F508 CFTR,F,EC50,=,291.0,nM,6.54,,2005,unspecified,unspecified
CHEMBL370945,O=C(Nc1ccc(Cl)cc1)[C@H]1Cc2ccccc2CN1C(=O)c1cccc(Sc2ccccc2)c1,CHEMBL4051,CHEMBL1143534,Cystic fibrosis transmembrane conductance regulator,CHEMBL833631,Effective concentration for cellular chloride transport in C127 mouse epithelial cell transfected with recombinant Delta F508 CFTR,F,EC50,=,394.0,nM,6.41,,2005,unspecified,unspecified
CHEMBL191191,COc1ccc(Oc2cccc(C(=O)N3Cc4ccccc4C[C@@H]3C(=O)Nc3ccc(Cl)cc3)c2)cc1,CHEMBL4051,CHEMBL1143534,Cystic fibrosis transmembrane conductance regulator,CHEMBL833631,Effective concentration for cellular chloride transport in C127 mouse epithelial cell transfected with recombinant Delta F508 CFTR,F,EC50,=,167.0,nM,6.78,,2005,unspecified,unspecified
CHEMBL195850,O=C(Nc1ccc(Cl)cc1)[C@H]1Cc2ccccc2CN1C(=O)c1cccc(Oc2ccc(C(F)(F)F)cc2)c1,CHEMBL4051,CHEMBL1143534,Cystic fibrosis transmembrane conductance regulator,CHEMBL833631,Effective concentration for cellular chloride transport in C127 mouse epithelial cell transfected with recombinant Delta F508 CFTR,F,EC50,=,282.0,nM,6.55,,2005,unspecified,unspecified
CHEMBL195151,O=C(Nc1ccc(Cl)cc1)[C@H]1Cc2ccccc2CN1C(=O)c1cccc(Oc2ccc(F)cc2)c1,CHEMBL4051,CHEMBL1143534,Cystic fibrosis transmembrane conductance regulator,CHEMBL833631,Effective concentration for cellular chloride transport in C127 mouse epithelial cell transfected with recombinant Delta F508 CFTR,F,EC50,=,590.0,nM,6.23,,2005,unspecified,unspecified
CHEMBL364672,O=C(Nc1ccc(Cl)cc1)[C@H]1Cc2ccccc2CN1C(=O)c1cccc(Oc2ccccn2)c1,CHEMBL4051,CHEMBL1143534,Cystic fibrosis transmembrane conductance regulator,CHEMBL833631,Effective concentration for cellular chloride transport in C127 mouse epithelial cell transfected with recombinant Delta F508 CFTR,F,EC50,=,268.0,nM,6.57,,2005,unspecified,unspecified
CHEMBL191294,CCCCCc1ccc(NC(=O)[C@@H]2Cc3ccccc3CN2C(=O)c2cccc(OC)c2)cc1,CHEMBL4051,CHEMBL1143534,Cystic fibrosis transmembrane conductance regulator,CHEMBL833631,Effective concentration for cellular chloride transport in C127 mouse epithelial cell transfected with recombinant Delta F508 CFTR,F,EC50,=,176.0,nM,6.75,,2005,unspecified,unspecified
CHEMBL195793,CCCCCc1ccc(NC(=O)[C@@H]2Cc3ccccc3CN2C(=O)c2cccc(OCC)c2)cc1,CHEMBL4051,CHEMBL1143534,Cystic fibrosis transmembrane conductance regulator,CHEMBL833631,Effective concentration for cellular chloride transport in C127 mouse epithelial cell transfected with recombinant Delta F508 CFTR,F,EC50,=,26.0,nM,7.58,,2005,unspecified,unspecified
CHEMBL366586,CCCCCc1ccc(NC(=O)[C@@H]2Cc3ccccc3CN2C(=O)c2cccc(OC(C)C)c2)cc1,CHEMBL4051,CHEMBL1143534,Cystic fibrosis transmembrane conductance regulator,CHEMBL833631,Effective concentration for cellular chloride transport in C127 mouse epithelial cell transfected with recombinant Delta F508 CFTR,F,EC50,=,6.3,nM,8.20,,2005,unspecified,unspecified
CHEMBL191926,CCCCCc1ccc(NC(=O)[C@@H]2Cc3ccccc3CN2C(=O)c2cccc(OCC(C)C)c2)cc1,CHEMBL4051,CHEMBL1143534,Cystic fibrosis transmembrane conductance regulator,CHEMBL833631,Effective concentration for cellular chloride transport in C127 mouse epithelial cell transfected with recombinant Delta F508 CFTR,F,EC50,=,10.0,nM,8.00,,2005,unspecified,unspecified
CHEMBL192583,CCCCCc1ccc(NC(=O)[C@@H]2Cc3ccccc3CN2C(=O)c2cccc(OC3CCCC3)c2)cc1,CHEMBL4051,CHEMBL1143534,Cystic fibrosis transmembrane conductance regulator,CHEMBL833631,Effective concentration for cellular chloride transport in C127 mouse epithelial cell transfected with recombinant Delta F508 CFTR,F,EC50,=,15.0,nM,7.82,,2005,unspecified,unspecified
CHEMBL373288,CCCCCc1ccc(NC(=O)[C@@H]2Cc3ccccc3CN2C(=O)c2cccc(OC3CCCCC3)c2)cc1,CHEMBL4051,CHEMBL1143534,Cystic fibrosis transmembrane conductance regulator,CHEMBL833631,Effective concentration for cellular chloride transport in C127 mouse epithelial cell transfected with recombinant Delta F508 CFTR,F,EC50,=,20.0,nM,7.70,,2005,unspecified,unspecified
CHEMBL363368,CCCCCc1ccc(NC(=O)[C@@H]2Cc3ccccc3CN2C(=O)c2cccc(Cl)c2)cc1,CHEMBL4051,CHEMBL1143534,Cystic fibrosis transmembrane conductance regulator,CHEMBL833631,Effective concentration for cellular chloride transport in C127 mouse epithelial cell transfected with recombinant Delta F508 CFTR,F,EC50,=,51.0,nM,7.29,,2005,unspecified,unspecified
CHEMBL191797,CCCCCc1ccc(NC(=O)[C@@H]2Cc3ccccc3CN2C(=O)c2ccc(Cl)c(Cl)c2)cc1,CHEMBL4051,CHEMBL1143534,Cystic fibrosis transmembrane conductance regulator,CHEMBL833631,Effective concentration for cellular chloride transport in C127 mouse epithelial cell transfected with recombinant Delta F508 CFTR,F,EC50,=,82.0,nM,7.09,,2005,unspecified,unspecified
CHEMBL192086,CCCCCc1ccc(NC(=O)[C@@H]2Cc3ccccc3CN2C(=O)c2ccc(OC)c(Oc3ccccc3)c2)cc1,CHEMBL4051,CHEMBL1143534,Cystic fibrosis transmembrane conductance regulator,CHEMBL833631,Effective concentration for cellular chloride transport in C127 mouse epithelial cell transfected with recombinant Delta F508 CFTR,F,EC50,=,12.0,nM,7.92,,2005,unspecified,unspecified
CHEMBL191928,CCCCCc1ccc(NC(=O)[C@@H]2Cc3ccccc3CN2C(=O)c2ccc(OC)c(OC(C)C)c2)cc1,CHEMBL4051,CHEMBL1143534,Cystic fibrosis transmembrane conductance regulator,CHEMBL833631,Effective concentration for cellular chloride transport in C127 mouse epithelial cell transfected with recombinant Delta F508 CFTR,F,EC50,=,3.5,nM,8.46,,2005,unspecified,unspecified
CHEMBL372893,CCCCCc1ccc(NC(=O)[C@@H]2Cc3ccccc3CN2C(=O)c2cc(Oc3ccccc3)ccn2)cc1,CHEMBL4051,CHEMBL1143534,Cystic fibrosis transmembrane conductance regulator,CHEMBL833631,Effective concentration for cellular chloride transport in C127 mouse epithelial cell transfected with recombinant Delta F508 CFTR,F,EC50,=,20.0,nM,7.70,,2005,unspecified,unspecified
CHEMBL192547,CCCCCc1ccc(NC(=O)[C@@H]2Cc3ccccc3CN2C(=O)c2cc(OC(C)C)ccn2)cc1,CHEMBL4051,CHEMBL1143534,Cystic fibrosis transmembrane conductance regulator,CHEMBL833631,Effective concentration for cellular chloride transport in C127 mouse epithelial cell transfected with recombinant Delta F508 CFTR,F,EC50,=,6.0,nM,8.22,,2005,unspecified,unspecified
CHEMBL195630,CCCCCc1ccc(NC(=O)[C@@H]2Cc3ccccc3CN2C(=O)c2cc(OC3CCCCC3)ccn2)cc1,CHEMBL4051,CHEMBL1143534,Cystic fibrosis transmembrane conductance regulator,CHEMBL833631,Effective concentration for cellular chloride transport in C127 mouse epithelial cell transfected with recombinant Delta F508 CFTR,F,EC50,=,9.4,nM,8.03,,2005,unspecified,unspecified
CHEMBL189924,CCCCCc1ccc(NC(=O)[C@@H]2Cc3ccccc3CN2C(=O)c2cc(Cl)ccn2)cc1,CHEMBL4051,CHEMBL1143534,Cystic fibrosis transmembrane conductance regulator,CHEMBL833631,Effective concentration for cellular chloride transport in C127 mouse epithelial cell transfected with recombinant Delta F508 CFTR,F,EC50,=,79.0,nM,7.10,,2005,unspecified,unspecified
CHEMBL372215,CCCCCc1ccc(NC(=O)[C@@H]2Cc3ccccc3CN2C(=O)c2cncc(OC3CCCCC3)c2)cc1,CHEMBL4051,CHEMBL1143534,Cystic fibrosis transmembrane conductance regulator,CHEMBL833631,Effective concentration for cellular chloride transport in C127 mouse epithelial cell transfected with recombinant Delta F508 CFTR,F,EC50,=,35.0,nM,7.46,,2005,unspecified,unspecified
CHEMBL439856,CCCCCc1ccc(NC(=O)[C@@H]2Cc3ccccc3CN2C(=O)c2cncc(OC(C)C)c2)cc1,CHEMBL4051,CHEMBL1143534,Cystic fibrosis transmembrane conductance regulator,CHEMBL833631,Effective concentration for cellular chloride transport in C127 mouse epithelial cell transfected with recombinant Delta F508 CFTR,F,EC50,=,16.0,nM,7.80,,2005,unspecified,unspecified
CHEMBL191243,CCCCCc1ccc(NC(=O)[C@@H]2Cc3ccccc3CN2C(=O)c2ccnc(OC(C)C)c2)cc1,CHEMBL4051,CHEMBL1143534,Cystic fibrosis transmembrane conductance regulator,CHEMBL833631,Effective concentration for cellular chloride transport in C127 mouse epithelial cell transfected with recombinant Delta F508 CFTR,F,EC50,=,11.0,nM,7.96,,2005,unspecified,unspecified
CHEMBL403296,CCCCC(O)c1[nH]c2cc(C)c(C(=O)O)cc2c1CCc1ccccc1,CHEMBL4051,CHEMBL1141464,Cystic fibrosis transmembrane conductance regulator,CHEMBL944926,Binding affinity to GST tagged human CFTR PDZ2 domain,B,IC50,=,160000.0,nM,,,2008,unspecified,unspecified
CHEMBL403297,Cc1cc2c(CO)c(CCCCC(=O)O)n(CCc3ccccc3)c2cc1C(=O)O,CHEMBL4051,CHEMBL1141464,Cystic fibrosis transmembrane conductance regulator,CHEMBL944926,Binding affinity to GST tagged human CFTR PDZ2 domain,B,IC50,=,170000.0,nM,,,2008,unspecified,unspecified
CHEMBL250740,CCCCCc1c(CO)c2cc(C)c(C(=O)O)cc2n1CCc1ccccc1,CHEMBL4051,CHEMBL1141464,Cystic fibrosis transmembrane conductance regulator,CHEMBL944926,Binding affinity to GST tagged human CFTR PDZ2 domain,B,IC50,=,380000.0,nM,,,2008,unspecified,unspecified
CHEMBL252273,Cc1cc2[nH]c(C(=O)NCCC(=O)O)c(CCc3ccccc3)c2cc1C(=O)O,CHEMBL4051,CHEMBL1141464,Cystic fibrosis transmembrane conductance regulator,CHEMBL944926,Binding affinity to GST tagged human CFTR PDZ2 domain,B,IC50,=,490000.0,nM,,,2008,unspecified,unspecified
CHEMBL252077,Cc1cc2[nH]c(C(O)CCCC(=O)O)c(CCc3ccccc3)c2cc1C(=O)O,CHEMBL4051,CHEMBL1141464,Cystic fibrosis transmembrane conductance regulator,CHEMBL944926,Binding affinity to GST tagged human CFTR PDZ2 domain,B,IC50,=,330000.0,nM,,,2008,unspecified,unspecified
CHEMBL75680,CCCCc1c(-c2ccc(O)cc2)[nH]c2nccnc12,CHEMBL4051,CHEMBL1145498,Cystic fibrosis transmembrane conductance regulator,CHEMBL936826,Activity at human wild type CFTR expressed in CHO cells assessed as forskolin stimulated iodide flux,B,EC50,=,150.0,nM,6.82,,2007,wild type,unspecified
CHEMBL75680,CCCCc1c(-c2ccc(O)cc2)[nH]c2nccnc12,CHEMBL4051,CHEMBL1145498,Cystic fibrosis transmembrane conductance regulator,CHEMBL939224,Activity at human wild type CFTR expressed in Calu3 cells assessed as forskolin stimulated iodide flux,B,EC50,=,140.0,nM,6.85,,2007,wild type,unspecified
CHEMBL75680,CCCCc1c(-c2ccc(O)cc2)[nH]c2nccnc12,CHEMBL4051,CHEMBL1145498,Cystic fibrosis transmembrane conductance regulator,CHEMBL939223,Activity at human wild type CFTR expressed in F508del-CF1 cells assessed as forskolin stimulated iodide flux,B,EC50,=,111.0,nM,6.96,,2007,wild type,unspecified
CHEMBL262629,Cc1ccc(Nc2nc(-c3sc(NC(=O)c4ccc(Cl)cc4)nc3C)cs2)cc1,CHEMBL4051,CHEMBL1144813,Cystic fibrosis transmembrane conductance regulator,CHEMBL928176,Corrector activity at human CFTR deltaF508 mutant expressed in FRT cells assessed as iodide influx,B,Kd,=,1100.0,nM,5.96,,2008,F508del,corrector
CHEMBL260775,COc1ccc(Cl)cc1Nc1nc(-c2sc(NC(=O)c3ccccc3)nc2C)cs1,CHEMBL4051,CHEMBL1144813,Cystic fibrosis transmembrane conductance regulator,CHEMBL928176,Corrector activity at human CFTR deltaF508 mutant expressed in FRT cells assessed as iodide influx,B,Kd,=,900.0,nM,6.05,,2008,F508del,corrector
CHEMBL260774,CCCCCCC(=O)Nc1nc(C)c(-c2csc(Nc3cc(OC)ccc3OC)n2)s1,CHEMBL4051,CHEMBL1144813,Cystic fibrosis transmembrane conductance regulator,CHEMBL928176,Corrector activity at human CFTR deltaF508 mutant expressed in FRT cells assessed as iodide influx,B,Kd,=,1100.0,nM,5.96,,2008,F508del,corrector
CHEMBL411307,COc1ccccc1Nc1nc(-c2sc(NC(=O)C(C)(C)C)nc2C)cs1,CHEMBL4051,CHEMBL1144813,Cystic fibrosis transmembrane conductance regulator,CHEMBL928176,Corrector activity at human CFTR deltaF508 mutant expressed in FRT cells assessed as iodide influx,B,Kd,=,1100.0,nM,5.96,,2008,F508del,corrector
CHEMBL258536,Cc1nc(NC(=O)c2ccc([N+](=O)[O-])cc2)sc1-c1csc(Nc2ccc(Cl)cc2)n1,CHEMBL4051,CHEMBL1144813,Cystic fibrosis transmembrane conductance regulator,CHEMBL928176,Corrector activity at human CFTR deltaF508 mutant expressed in FRT cells assessed as iodide influx,B,Kd,=,800.0,nM,6.10,,2008,F508del,corrector
CHEMBL258750,Cc1nc(NC(=O)c2ccc(Cl)cc2)sc1-c1csc(Nc2ccc(Cl)cc2)n1,CHEMBL4051,CHEMBL1144813,Cystic fibrosis transmembrane conductance regulator,CHEMBL928176,Corrector activity at human CFTR deltaF508 mutant expressed in FRT cells assessed as iodide influx,B,Kd,=,1100.0,nM,5.96,,2008,F508del,corrector
CHEMBL258749,CCOc1ccccc1Nc1nc(-c2sc(NC(=O)C(C)(C)C)nc2C)cs1,CHEMBL4051,CHEMBL1144813,Cystic fibrosis transmembrane conductance regulator,CHEMBL928176,Corrector activity at human CFTR deltaF508 mutant expressed in FRT cells assessed as iodide influx,B,Kd,=,800.0,nM,6.10,,2008,F508del,corrector
CHEMBL262627,COc1ccc(Cl)cc1Nc1nc(-c2sc(NC(=O)C(C)(C)C)nc2C)cs1,CHEMBL4051,CHEMBL1144813,Cystic fibrosis transmembrane conductance regulator,CHEMBL928176,Corrector activity at human CFTR deltaF508 mutant expressed in FRT cells assessed as iodide influx,B,Kd,=,700.0,nM,6.16,,2008,F508del,corrector
CHEMBL262886,COc1ccc(OC)c(Nc2nc(-c3sc(NC(=O)c4ccc(Cl)cc4)nc3C)cs2)c1,CHEMBL4051,CHEMBL1144813,Cystic fibrosis transmembrane conductance regulator,CHEMBL928176,Corrector activity at human CFTR deltaF508 mutant expressed in FRT cells assessed as iodide influx,B,Kd,=,1100.0,nM,5.96,,2008,F508del,corrector
CHEMBL513072,O=C(O)c1cc(/C=C2\SC(=S)N(c3ccccc3C(F)(F)F)C2=O)ccc1O,CHEMBL4051,CHEMBL1139397,Cystic fibrosis transmembrane conductance regulator,CHEMBL976298,Inhibition of human wild type CFTR expressed in rat FRT cells assessed as chloride current by short-circuit current measurements,B,IC50,=,14000.0,nM,4.85,,2008,wild type,unspecified
CHEMBL472354,O=C(O)c1ccc(/C=C2\SC(=S)N(c3cc(C(F)(F)F)cc(C(F)(F)F)c3)C2=O)cc1,CHEMBL4051,CHEMBL1139397,Cystic fibrosis transmembrane conductance regulator,CHEMBL976298,Inhibition of human wild type CFTR expressed in rat FRT cells assessed as chloride current by short-circuit current measurements,B,IC50,=,14000.0,nM,4.85,,2008,wild type,unspecified
CHEMBL472355,O=C(O)c1ccc(/C=C2\SC(=S)N(c3ccc(Cl)c(C(F)(F)F)c3)C2=O)cc1,CHEMBL4051,CHEMBL1139397,Cystic fibrosis transmembrane conductance regulator,CHEMBL976298,Inhibition of human wild type CFTR expressed in rat FRT cells assessed as chloride current by short-circuit current measurements,B,IC50,=,15000.0,nM,4.82,,2008,wild type,unspecified
CHEMBL511818,O=C(O)c1ccccc1/C=C1\SC(=S)N(c2cccc(C(F)(F)F)c2)C1=O,CHEMBL4051,CHEMBL1139397,Cystic fibrosis transmembrane conductance regulator,CHEMBL976298,Inhibition of human wild type CFTR expressed in rat FRT cells assessed as chloride current by short-circuit current measurements,B,IC50,=,15000.0,nM,4.82,,2008,wild type,unspecified
CHEMBL512017,O=C(O)c1ccc(/C=C2\SC(=S)N(c3ccc(C(F)(F)F)cc3)C2=O)cc1,CHEMBL4051,CHEMBL1139397,Cystic fibrosis transmembrane conductance regulator,CHEMBL976298,Inhibition of human wild type CFTR expressed in rat FRT cells assessed as chloride current by short-circuit current measurements,B,IC50,=,15000.0,nM,4.82,,2008,wild type,unspecified
CHEMBL512539,O=C(O)c1ccccc1/C=C1\SC(=S)N(c2ccccc2C(F)(F)F)C1=O,CHEMBL4051,CHEMBL1139397,Cystic fibrosis transmembrane conductance regulator,CHEMBL976298,Inhibition of human wild type CFTR expressed in rat FRT cells assessed as chloride current by short-circuit current measurements,B,IC50,=,18000.0,nM,4.75,,2008,wild type,unspecified
CHEMBL472528,O=C(O)c1cccc(/C=C2\SC(=S)N(c3ccccc3C(F)(F)F)C2=O)c1,CHEMBL4051,CHEMBL1139397,Cystic fibrosis transmembrane conductance regulator,CHEMBL976298,Inhibition of human wild type CFTR expressed in rat FRT cells assessed as chloride current by short-circuit current measurements,B,IC50,=,19000.0,nM,4.72,,2008,wild type,unspecified
CHEMBL470100,O=C(O)c1ccccc1/C=C1\SC(=S)N(c2ccc(C(F)(F)F)cc2)C1=O,CHEMBL4051,CHEMBL1139397,Cystic fibrosis transmembrane conductance regulator,CHEMBL976298,Inhibition of human wild type CFTR expressed in rat FRT cells assessed as chloride current by short-circuit current measurements,B,IC50,=,20000.0,nM,4.70,,2008,wild type,unspecified
CHEMBL470101,O=C(O)c1ccc(/C=C2\SC(=S)N(c3cc(C(F)(F)F)ccc3Cl)C2=O)cc1,CHEMBL4051,CHEMBL1139397,Cystic fibrosis transmembrane conductance regulator,CHEMBL976298,Inhibition of human wild type CFTR expressed in rat FRT cells assessed as chloride current by short-circuit current measurements,B,IC50,=,20000.0,nM,4.70,,2008,wild type,unspecified
CHEMBL513552,O=C1/C(=C/c2ccc(O)cc2)SC(=S)N1c1cccc(C(F)(F)F)c1,CHEMBL4051,CHEMBL1139397,Cystic fibrosis transmembrane conductance regulator,CHEMBL976298,Inhibition of human wild type CFTR expressed in rat FRT cells assessed as chloride current by short-circuit current measurements,B,IC50,=,24000.0,nM,4.62,,2008,wild type,unspecified
CHEMBL488016,O=C(O)c1cc(/C=C2\SC(=S)N(c3ccc(C(F)(F)F)cc3)C2=O)ccc1O,CHEMBL4051,CHEMBL1139397,Cystic fibrosis transmembrane conductance regulator,CHEMBL976298,Inhibition of human wild type CFTR expressed in rat FRT cells assessed as chloride current by short-circuit current measurements,B,IC50,=,25000.0,nM,4.60,,2008,wild type,unspecified
CHEMBL520739,O=C1/C(=C/c2ccncc2)SC(=S)N1c1cccc(C(F)(F)F)c1,CHEMBL4051,CHEMBL1139397,Cystic fibrosis transmembrane conductance regulator,CHEMBL976298,Inhibition of human wild type CFTR expressed in rat FRT cells assessed as chloride current by short-circuit current measurements,B,IC50,=,28000.0,nM,4.55,,2008,wild type,unspecified
CHEMBL486671,O=C1/C(=C/c2ccc(O)c(O)c2O)SC(=S)N1c1cccc(C(F)(F)F)c1,CHEMBL4051,CHEMBL1139397,Cystic fibrosis transmembrane conductance regulator,CHEMBL976298,Inhibition of human wild type CFTR expressed in rat FRT cells assessed as chloride current by short-circuit current measurements,B,IC50,=,28000.0,nM,4.55,,2008,wild type,unspecified
CHEMBL486672,O=C1/C(=C/c2ccc(S(=O)(=O)[O-])cc2)SC(=S)N1c1cccc(C(F)(F)F)c1.[Na+],CHEMBL4051,CHEMBL1139397,Cystic fibrosis transmembrane conductance regulator,CHEMBL976298,Inhibition of human wild type CFTR expressed in rat FRT cells assessed as chloride current by short-circuit current measurements,B,IC50,=,29000.0,nM,4.54,,2008,wild type,unspecified
CHEMBL521207,O=C(O)COc1cccc(/C=C2\SC(=S)N(c3cccc(C(F)(F)F)c3)C2=O)c1,CHEMBL4051,CHEMBL1139397,Cystic fibrosis transmembrane conductance regulator,CHEMBL976298,Inhibition of human wild type CFTR expressed in rat FRT cells assessed as chloride current by short-circuit current measurements,B,IC50,=,30000.0,nM,4.52,,2008,wild type,unspecified
CHEMBL487833,O=C1/C(=C/c2ccc(S(=O)(=O)[O-])cc2S(=O)(=O)[O-])SC(=S)N1c1cccc(C(F)(F)F)c1.[Na+].[Na+],CHEMBL4051,CHEMBL1139397,Cystic fibrosis transmembrane conductance regulator,CHEMBL976298,Inhibition of human wild type CFTR expressed in rat FRT cells assessed as chloride current by short-circuit current measurements,B,IC50,=,50000.0,nM,4.30,,2008,wild type,unspecified
CHEMBL461939,O=C(O)c1ccc(/C=C2\SC(=S)N(c3cccc(C(F)(F)F)c3)C2=O)cc1,CHEMBL4051,CHEMBL1139397,Cystic fibrosis transmembrane conductance regulator,CHEMBL976298,Inhibition of human wild type CFTR expressed in rat FRT cells assessed as chloride current by short-circuit current measurements,B,IC50,=,380.0,nM,6.42,,2008,wild type,unspecified
CHEMBL472192,O=C(O)c1cccc(/C=C2\SC(=S)N(c3ccc(C(F)(F)F)cc3)C2=O)c1,CHEMBL4051,CHEMBL1139397,Cystic fibrosis transmembrane conductance regulator,CHEMBL976298,Inhibition of human wild type CFTR expressed in rat FRT cells assessed as chloride current by short-circuit current measurements,B,IC50,=,13000.0,nM,4.89,,2008,wild type,unspecified
CHEMBL513075,O=C(O)c1ccc(/C=C2\SC(=S)N(c3ccccc3C(F)(F)F)C2=O)cc1,CHEMBL4051,CHEMBL1139397,Cystic fibrosis transmembrane conductance regulator,CHEMBL976298,Inhibition of human wild type CFTR expressed in rat FRT cells assessed as chloride current by short-circuit current measurements,B,IC50,=,12000.0,nM,4.92,,2008,wild type,unspecified
CHEMBL472191,O=C1/C(=C/c2cc(O)c(O)c(O)c2)SC(=S)N1c1cccc(C(F)(F)F)c1,CHEMBL4051,CHEMBL1139397,Cystic fibrosis transmembrane conductance regulator,CHEMBL976298,Inhibition of human wild type CFTR expressed in rat FRT cells assessed as chloride current by short-circuit current measurements,B,IC50,=,11000.0,nM,4.96,,2008,wild type,unspecified
CHEMBL472190,Cc1c(N2C(=O)/C(=C/c3ccc(C(=O)O)cc3)SC2=S)cccc1C(F)(F)F,CHEMBL4051,CHEMBL1139397,Cystic fibrosis transmembrane conductance regulator,CHEMBL976298,Inhibition of human wild type CFTR expressed in rat FRT cells assessed as chloride current by short-circuit current measurements,B,IC50,=,8200.0,nM,5.09,,2008,wild type,unspecified
CHEMBL513068,O=C1/C(=C/c2cc[n+]([O-])cc2)SC(=S)N1c1cccc(C(F)(F)F)c1,CHEMBL4051,CHEMBL1139397,Cystic fibrosis transmembrane conductance regulator,CHEMBL976298,Inhibition of human wild type CFTR expressed in rat FRT cells assessed as chloride current by short-circuit current measurements,B,IC50,=,8700.0,nM,5.06,,2008,wild type,unspecified
CHEMBL461576,O=C1/C(=C/c2cc(Br)c(O)c(Br)c2O)SC(=S)N1c1cccc(C(F)(F)F)c1,CHEMBL4051,CHEMBL1139397,Cystic fibrosis transmembrane conductance regulator,CHEMBL976298,Inhibition of human wild type CFTR expressed in rat FRT cells assessed as chloride current by short-circuit current measurements,B,IC50,=,8000.0,nM,5.10,,2008,wild type,unspecified
CHEMBL518808,O=C1/C(=C/c2cc(Br)c(O)c(Br)c2)SC(=S)N1c1cccc(C(F)(F)F)c1,CHEMBL4051,CHEMBL1139397,Cystic fibrosis transmembrane conductance regulator,CHEMBL976298,Inhibition of human wild type CFTR expressed in rat FRT cells assessed as chloride current by short-circuit current measurements,B,IC50,=,7000.0,nM,5.16,,2008,wild type,unspecified
CHEMBL461575,Cc1cccc(N2C(=O)/C(=C/c3ccc(C(=O)O)cc3)SC2=S)c1C,CHEMBL4051,CHEMBL1139397,Cystic fibrosis transmembrane conductance regulator,CHEMBL976298,Inhibition of human wild type CFTR expressed in rat FRT cells assessed as chloride current by short-circuit current measurements,B,IC50,=,7000.0,nM,5.16,,2008,wild type,unspecified
CHEMBL450222,Cc1cccc(N2C(=O)/C(=C/c3ccc(C(=O)O)cc3)SC2=S)c1,CHEMBL4051,CHEMBL1139397,Cystic fibrosis transmembrane conductance regulator,CHEMBL976298,Inhibition of human wild type CFTR expressed in rat FRT cells assessed as chloride current by short-circuit current measurements,B,IC50,=,5000.0,nM,5.30,,2008,wild type,unspecified
CHEMBL461381,O=C(O)c1cccc(/C=C2\SC(=S)N(c3ccc(F)c(C(F)(F)F)c3)C2=O)c1,CHEMBL4051,CHEMBL1139397,Cystic fibrosis transmembrane conductance regulator,CHEMBL976298,Inhibition of human wild type CFTR expressed in rat FRT cells assessed as chloride current by short-circuit current measurements,B,IC50,=,5000.0,nM,5.30,,2008,wild type,unspecified
CHEMBL461941,O=C(O)COc1ccc(/C=C2\SC(=S)N(c3cccc(C(F)(F)F)c3)C2=O)cc1,CHEMBL4051,CHEMBL1139397,Cystic fibrosis transmembrane conductance regulator,CHEMBL976298,Inhibition of human wild type CFTR expressed in rat FRT cells assessed as chloride current by short-circuit current measurements,B,IC50,=,2600.0,nM,5.58,,2008,wild type,unspecified
CHEMBL461759,O=C(O)c1cccc(/C=C2\SC(=S)N(c3cccc(C(F)(F)F)c3)C2=O)c1,CHEMBL4051,CHEMBL1139397,Cystic fibrosis transmembrane conductance regulator,CHEMBL976298,Inhibition of human wild type CFTR expressed in rat FRT cells assessed as chloride current by short-circuit current measurements,B,IC50,=,1500.0,nM,5.82,,2008,wild type,unspecified
CHEMBL460075,O=C(O)c1ccc(/C=C2\SC(=S)N(c3ccc(F)c(C(F)(F)F)c3)C2=O)cc1,CHEMBL4051,CHEMBL1139397,Cystic fibrosis transmembrane conductance regulator,CHEMBL976298,Inhibition of human wild type CFTR expressed in rat FRT cells assessed as chloride current by short-circuit current measurements,B,IC50,=,1500.0,nM,5.82,,2008,wild type,unspecified
CHEMBL461375,O=C(O)c1cc(/C=C2\SC(=S)N(c3cccc(C(F)(F)F)c3)C2=O)ccc1O,CHEMBL4051,CHEMBL1139397,Cystic fibrosis transmembrane conductance regulator,CHEMBL976298,Inhibition of human wild type CFTR expressed in rat FRT cells assessed as chloride current by short-circuit current measurements,B,IC50,=,1400.0,nM,5.85,,2008,wild type,unspecified
CHEMBL461940,O=C1/C(=C/c2ccc(-c3nn[nH]n3)cc2)SC(=S)N1c1cccc(C(F)(F)F)c1,CHEMBL4051,CHEMBL1139397,Cystic fibrosis transmembrane conductance regulator,CHEMBL976298,Inhibition of human wild type CFTR expressed in rat FRT cells assessed as chloride current by short-circuit current measurements,B,IC50,=,760.0,nM,6.12,,2008,wild type,unspecified
CHEMBL452052,O=C(O)c1cc(Nc2nc(-c3cccc(C(F)(F)F)c3)cs2)ccc1O,CHEMBL4051,CHEMBL1139397,Cystic fibrosis transmembrane conductance regulator,CHEMBL976298,Inhibition of human wild type CFTR expressed in rat FRT cells assessed as chloride current by short-circuit current measurements,B,IC50,=,32000.0,nM,4.50,,2008,wild type,unspecified
CHEMBL451791,O=C(O)c1ccc(Nc2nc(-c3cccc(C(F)(F)F)c3)cs2)cc1,CHEMBL4051,CHEMBL1139397,Cystic fibrosis transmembrane conductance regulator,CHEMBL976298,Inhibition of human wild type CFTR expressed in rat FRT cells assessed as chloride current by short-circuit current measurements,B,IC50,=,28000.0,nM,4.55,,2008,wild type,unspecified
CHEMBL452565,O=C(O)c1ccc(CC2SC(=S)N(c3cccc(C(F)(F)F)c3)C2=O)cc1,CHEMBL4051,CHEMBL1139397,Cystic fibrosis transmembrane conductance regulator,CHEMBL976298,Inhibition of human wild type CFTR expressed in rat FRT cells assessed as chloride current by short-circuit current measurements,B,IC50,=,27000.0,nM,4.57,,2008,wild type,unspecified
CHEMBL452564,O=C1C(C(=S)Nc2ccc(S(=O)(=O)[O-])o2)SC(=S)N1c1cccc(C(F)(F)F)c1.[Na+],CHEMBL4051,CHEMBL1139397,Cystic fibrosis transmembrane conductance regulator,CHEMBL976298,Inhibition of human wild type CFTR expressed in rat FRT cells assessed as chloride current by short-circuit current measurements,B,IC50,=,27000.0,nM,4.57,,2008,wild type,unspecified
CHEMBL451805,O=C(O)c1ccc(NC(=S)C2SC(=S)N(c3cccc(C(F)(F)F)c3)C2=O)cc1O,CHEMBL4051,CHEMBL1139397,Cystic fibrosis transmembrane conductance regulator,CHEMBL976298,Inhibition of human wild type CFTR expressed in rat FRT cells assessed as chloride current by short-circuit current measurements,B,IC50,=,25000.0,nM,4.60,,2008,wild type,unspecified
CHEMBL509100,O=C1C(C(=S)Nc2ccc(S(=O)(=O)[O-])cc2)SC(=S)N1c1cccc(C(F)(F)F)c1.[Na+],CHEMBL4051,CHEMBL1139397,Cystic fibrosis transmembrane conductance regulator,CHEMBL976298,Inhibition of human wild type CFTR expressed in rat FRT cells assessed as chloride current by short-circuit current measurements,B,IC50,=,11000.0,nM,4.96,,2008,wild type,unspecified
CHEMBL451804,O=C(O)c1ccc(NC(=S)C2SC(=S)N(c3cccc(C(F)(F)F)c3)C2=O)cc1,CHEMBL4051,CHEMBL1139397,Cystic fibrosis transmembrane conductance regulator,CHEMBL976298,Inhibition of human wild type CFTR expressed in rat FRT cells assessed as chloride current by short-circuit current measurements,B,IC50,=,9000.0,nM,5.05,,2008,wild type,unspecified
CHEMBL487654,O=C(O)c1ccc(SC2CC(=O)N(c3cccc(C(F)(F)F)c3)C2=O)cc1,CHEMBL4051,CHEMBL1139397,Cystic fibrosis transmembrane conductance regulator,CHEMBL976298,Inhibition of human wild type CFTR expressed in rat FRT cells assessed as chloride current by short-circuit current measurements,B,IC50,=,7000.0,nM,5.16,,2008,wild type,unspecified
CHEMBL488825,O=C(O)c1ccc(NC2=C(Cl)C(=O)N(c3cccc(C(F)(F)F)c3)C2=O)cc1,CHEMBL4051,CHEMBL1139397,Cystic fibrosis transmembrane conductance regulator,CHEMBL976298,Inhibition of human wild type CFTR expressed in rat FRT cells assessed as chloride current by short-circuit current measurements,B,IC50,=,36000.0,nM,4.44,,2008,wild type,unspecified
CHEMBL527432,O=C1S/C(=C\c2ccc(-c3nn[nH]n3)cc2)C(=O)N1c1cccc(C(F)(F)F)c1,CHEMBL4051,CHEMBL1139397,Cystic fibrosis transmembrane conductance regulator,CHEMBL976298,Inhibition of human wild type CFTR expressed in rat FRT cells assessed as chloride current by short-circuit current measurements,B,IC50,=,17000.0,nM,4.77,,2008,wild type,unspecified
CHEMBL488824,O=C(O)c1ccc(/C=C2\SC(=O)N(c3cccc(C(F)(F)F)c3)C2=O)cc1,CHEMBL4051,CHEMBL1139397,Cystic fibrosis transmembrane conductance regulator,CHEMBL976298,Inhibition of human wild type CFTR expressed in rat FRT cells assessed as chloride current by short-circuit current measurements,B,IC50,=,1400.0,nM,5.85,,2008,wild type,unspecified
CHEMBL44,O=c1c(-c2ccc(O)cc2)coc2cc(O)cc(O)c12,CHEMBL4051,CHEMBL1155125,Cystic fibrosis transmembrane conductance regulator,CHEMBL982872,Agonist activity at CFTR-deltaF508 mutant expressed in NIH3T3 cells assessed as increase in forskolin-stimulated current,F,EC50,=,4400.0,nM,5.36,,2008,F508del,unspecified
CHEMBL177991,O=c1cc(-c2ccncc2)oc2c1ccc1ccccc12,CHEMBL4051,CHEMBL1155125,Cystic fibrosis transmembrane conductance regulator,CHEMBL982872,Agonist activity at CFTR-deltaF508 mutant expressed in NIH3T3 cells assessed as increase in forskolin-stimulated current,F,EC50,=,3500.0,nM,5.46,,2008,F508del,unspecified
CHEMBL1099214,CCOC(=O)c1cc(-c2sc(NC(=O)C(C)(C)C)nc2C)nn1Cc1ccccc1,CHEMBL4051,CHEMBL1158533,Cystic fibrosis transmembrane conductance regulator,CHEMBL1110140,Binding affinity to human CFTR F508 deletion mutant expressed in FRT cells assessed as increase in iodine influx after 16 to 20 hrs by fluorescence assay,B,EC50,=,8500.0,nM,5.07,,2010,unspecified,unspecified
CHEMBL1098166,COc1ccc(NC(=O)c2cc(-c3sc(NC(=O)C(C)(C)C)nc3C)n(-c3ccc(Br)cc3)n2)cc1,CHEMBL4051,CHEMBL1158533,Cystic fibrosis transmembrane conductance regulator,CHEMBL1110140,Binding affinity to human CFTR F508 deletion mutant expressed in FRT cells assessed as increase in iodine influx after 16 to 20 hrs by fluorescence assay,B,EC50,=,3400.0,nM,5.47,,2010,unspecified,unspecified
CHEMBL1098779,C=CCn1nc(C(=O)Nc2ccc(OC)cc2)cc1-c1sc(NC(=O)C(C)(C)C)nc1C,CHEMBL4051,CHEMBL1158533,Cystic fibrosis transmembrane conductance regulator,CHEMBL1110140,Binding affinity to human CFTR F508 deletion mutant expressed in FRT cells assessed as increase in iodine influx after 16 to 20 hrs by fluorescence assay,B,EC50,=,930.0,nM,6.03,,2010,unspecified,unspecified
CHEMBL1097860,C=CCn1nc(C(=O)NCc2ccccc2)cc1-c1sc(NC(=O)C(C)(C)C)nc1C,CHEMBL4051,CHEMBL1158533,Cystic fibrosis transmembrane conductance regulator,CHEMBL1110140,Binding affinity to human CFTR F508 deletion mutant expressed in FRT cells assessed as increase in iodine influx after 16 to 20 hrs by fluorescence assay,B,EC50,=,3000.0,nM,5.52,,2010,unspecified,unspecified
CHEMBL1097861,Cc1nc(NC(=O)C(C)(C)C)sc1-c1cc(C(=O)NCc2ccccc2)nn1Cc1ccccc1,CHEMBL4051,CHEMBL1158533,Cystic fibrosis transmembrane conductance regulator,CHEMBL1110140,Binding affinity to human CFTR F508 deletion mutant expressed in FRT cells assessed as increase in iodine influx after 16 to 20 hrs by fluorescence assay,B,EC50,=,750.0,nM,6.12,,2010,unspecified,unspecified
CHEMBL1098499,COc1ccc(NC(=O)c2cc(-c3sc(NC(=O)C(C)(C)C)nc3C)n(Cc3cc(Cl)ccc3OC)n2)cc1,CHEMBL4051,CHEMBL1158533,Cystic fibrosis transmembrane conductance regulator,CHEMBL1110140,Binding affinity to human CFTR F508 deletion mutant expressed in FRT cells assessed as increase in iodine influx after 16 to 20 hrs by fluorescence assay,B,EC50,=,1000.0,nM,6.00,,2010,unspecified,unspecified
CHEMBL1096523,COc1ccc(Cl)cc1Cn1nc(C(=O)N2CCOCC2)cc1-c1sc(NC(=O)C(C)(C)C)nc1C,CHEMBL4051,CHEMBL1158533,Cystic fibrosis transmembrane conductance regulator,CHEMBL1110140,Binding affinity to human CFTR F508 deletion mutant expressed in FRT cells assessed as increase in iodine influx after 16 to 20 hrs by fluorescence assay,B,EC50,=,1000.0,nM,6.00,,2010,unspecified,unspecified
CHEMBL1098233,COc1ccc(Cl)cc1Cn1nc(C(=O)NCCO)cc1-c1sc(NC(=O)C(C)(C)C)nc1C,CHEMBL4051,CHEMBL1158533,Cystic fibrosis transmembrane conductance regulator,CHEMBL1110140,Binding affinity to human CFTR F508 deletion mutant expressed in FRT cells assessed as increase in iodine influx after 16 to 20 hrs by fluorescence assay,B,EC50,=,3000.0,nM,5.52,,2010,unspecified,unspecified
CHEMBL262627,COc1ccc(Cl)cc1Nc1nc(-c2sc(NC(=O)C(C)(C)C)nc2C)cs1,CHEMBL4051,CHEMBL1158533,Cystic fibrosis transmembrane conductance regulator,CHEMBL1110140,Binding affinity to human CFTR F508 deletion mutant expressed in FRT cells assessed as increase in iodine influx after 16 to 20 hrs by fluorescence assay,B,EC50,=,700.0,nM,6.16,,2010,unspecified,unspecified
CHEMBL495336,COc1ccc(Cl)cc1Nc1nc2c(s1)CCCc1nc(NC(=O)C(C)(C)C)sc1-2,CHEMBL4051,CHEMBL1158533,Cystic fibrosis transmembrane conductance regulator,CHEMBL1110140,Binding affinity to human CFTR F508 deletion mutant expressed in FRT cells assessed as increase in iodine influx after 16 to 20 hrs by fluorescence assay,B,EC50,=,300.0,nM,6.52,,2010,unspecified,unspecified
CHEMBL461939,O=C(O)c1ccc(/C=C2\SC(=S)N(c3cccc(C(F)(F)F)c3)C2=O)cc1,CHEMBL4051,CHEMBL1221227,Cystic fibrosis transmembrane conductance regulator,CHEMBL1227949,Inhibition of CFTR,B,IC50,=,300.0,nM,6.52,,2009,unspecified,unspecified
CHEMBL1221576,O=C(CNc1ccc2ccccc2c1)N/N=C/c1cc(Br)c(O)c(Br)c1O,CHEMBL4051,CHEMBL1221227,Cystic fibrosis transmembrane conductance regulator,CHEMBL1227949,Inhibition of CFTR,B,IC50,=,5000.0,nM,5.30,,2009,unspecified,unspecified
CHEMBL1222175,Cc1cccc(-c2c3c(=O)n(C)c(=O)n(C)c3c3n2-c2ccccc2NC3c2ccc(C)o2)c1,CHEMBL4051,CHEMBL1221227,Cystic fibrosis transmembrane conductance regulator,CHEMBL1227950,Inhibition of human CFTR expressed in rat FRT cells coexpressing halide indicator YFP-H148Q assessed as inhibition of halide influx preincubated for 15 mins by FLIPR assay,B,IC50,=,700.0,nM,6.16,,2009,unspecified,unspecified
CHEMBL1087004,Cc1ccc(C2Nc3ccccc3-n3c(-c4ccccc4)c4c(=O)n(C)c(=O)n(C)c4c32)o1,CHEMBL4051,CHEMBL1221227,Cystic fibrosis transmembrane conductance regulator,CHEMBL1227950,Inhibition of human CFTR expressed in rat FRT cells coexpressing halide indicator YFP-H148Q assessed as inhibition of halide influx preincubated for 15 mins by FLIPR assay,B,IC50,=,800.0,nM,6.10,,2009,unspecified,unspecified
CHEMBL1222176,Cc1ccc(C2Nc3ccccc3-n3c(-c4ccccc4C)c4c(=O)n(C)c(=O)n(C)c4c32)o1,CHEMBL4051,CHEMBL1221227,Cystic fibrosis transmembrane conductance regulator,CHEMBL1227950,Inhibition of human CFTR expressed in rat FRT cells coexpressing halide indicator YFP-H148Q assessed as inhibition of halide influx preincubated for 15 mins by FLIPR assay,B,IC50,=,800.0,nM,6.10,,2009,unspecified,unspecified
CHEMBL1081471,Cc1ccc(C2Nc3cc(C)c(C)cc3-n3c(-c4ccccc4)c4c(=O)n(C)c(=O)n(C)c4c32)o1,CHEMBL4051,CHEMBL1221227,Cystic fibrosis transmembrane conductance regulator,CHEMBL1227950,Inhibition of human CFTR expressed in rat FRT cells coexpressing halide indicator YFP-H148Q assessed as inhibition of halide influx preincubated for 15 mins by FLIPR assay,B,IC50,=,800.0,nM,6.10,,2009,unspecified,unspecified
CHEMBL1222276,Cc1ccc(C2Nc3cc(C)c(C)cc3-n3c(-c4ccccc4F)c4c(=O)n(C)c(=O)n(C)c4c32)o1,CHEMBL4051,CHEMBL1221227,Cystic fibrosis transmembrane conductance regulator,CHEMBL1227950,Inhibition of human CFTR expressed in rat FRT cells coexpressing halide indicator YFP-H148Q assessed as inhibition of halide influx preincubated for 15 mins by FLIPR assay,B,IC50,=,1500.0,nM,5.82,,2009,unspecified,unspecified
CHEMBL1222277,Cn1c(=O)c2c(-c3ccccc3)n3c(c2n(C)c1=O)C(c1cccc(F)c1F)Nc1ccccc1-3,CHEMBL4051,CHEMBL1221227,Cystic fibrosis transmembrane conductance regulator,CHEMBL1227950,Inhibition of human CFTR expressed in rat FRT cells coexpressing halide indicator YFP-H148Q assessed as inhibition of halide influx preincubated for 15 mins by FLIPR assay,B,IC50,=,1200.0,nM,5.92,,2009,unspecified,unspecified
CHEMBL1080548,Cn1c(=O)c2c(-c3ccccc3)n3c(c2n(C)c1=O)C(c1cccc([N+](=O)[O-])c1)Nc1ccccc1-3,CHEMBL4051,CHEMBL1221227,Cystic fibrosis transmembrane conductance regulator,CHEMBL1227950,Inhibition of human CFTR expressed in rat FRT cells coexpressing halide indicator YFP-H148Q assessed as inhibition of halide influx preincubated for 15 mins by FLIPR assay,B,IC50,=,1200.0,nM,5.92,,2009,unspecified,unspecified
CHEMBL1222278,Cc1cc2c(cc1C)-n1c(-c3ccccc3)c3c(=O)n(C)c(=O)n(C)c3c1C(c1ccc(O)cc1)N2,CHEMBL4051,CHEMBL1221227,Cystic fibrosis transmembrane conductance regulator,CHEMBL1227950,Inhibition of human CFTR expressed in rat FRT cells coexpressing halide indicator YFP-H148Q assessed as inhibition of halide influx preincubated for 15 mins by FLIPR assay,B,IC50,=,1500.0,nM,5.82,,2009,unspecified,unspecified
CHEMBL1222337,COc1cccc(C2Nc3ccccc3-n3c(-c4ccccc4)c4c(=O)n(C)c(=O)n(C)c4c32)c1,CHEMBL4051,CHEMBL1221227,Cystic fibrosis transmembrane conductance regulator,CHEMBL1227950,Inhibition of human CFTR expressed in rat FRT cells coexpressing halide indicator YFP-H148Q assessed as inhibition of halide influx preincubated for 15 mins by FLIPR assay,B,IC50,=,1700.0,nM,5.77,,2009,unspecified,unspecified
CHEMBL1222338,Cn1c(=O)c2c(-c3ccccc3)n3c(c2n(C)c1=O)C(c1ccccc1F)Nc1ccccc1-3,CHEMBL4051,CHEMBL1221227,Cystic fibrosis transmembrane conductance regulator,CHEMBL1227950,Inhibition of human CFTR expressed in rat FRT cells coexpressing halide indicator YFP-H148Q assessed as inhibition of halide influx preincubated for 15 mins by FLIPR assay,B,IC50,=,2000.0,nM,5.70,,2009,unspecified,unspecified
CHEMBL1222339,Cn1c(=O)c2c(-c3ccccc3)n3c(c2n(C)c1=O)C(c1ccccc1)Nc1ccccc1-3,CHEMBL4051,CHEMBL1221227,Cystic fibrosis transmembrane conductance regulator,CHEMBL1227950,Inhibition of human CFTR expressed in rat FRT cells coexpressing halide indicator YFP-H148Q assessed as inhibition of halide influx preincubated for 15 mins by FLIPR assay,B,IC50,=,2500.0,nM,5.60,,2009,unspecified,unspecified
CHEMBL1222340,Cn1c(=O)c2c(-c3ccccc3)n3c(c2n(C)c1=O)C(c1ccc(O)cc1)Nc1ccccc1-3,CHEMBL4051,CHEMBL1221227,Cystic fibrosis transmembrane conductance regulator,CHEMBL1227950,Inhibition of human CFTR expressed in rat FRT cells coexpressing halide indicator YFP-H148Q assessed as inhibition of halide influx preincubated for 15 mins by FLIPR assay,B,IC50,=,4500.0,nM,5.35,,2009,unspecified,unspecified
CHEMBL1222403,COc1cc(O)ccc1C1Nc2ccccc2-n2c(-c3ccccc3)c3c(=O)n(C)c(=O)n(C)c3c21,CHEMBL4051,CHEMBL1221227,Cystic fibrosis transmembrane conductance regulator,CHEMBL1227950,Inhibition of human CFTR expressed in rat FRT cells coexpressing halide indicator YFP-H148Q assessed as inhibition of halide influx preincubated for 15 mins by FLIPR assay,B,IC50,=,100000.0,nM,4.00,,2009,unspecified,unspecified
CHEMBL1222404,Cc1cccc(-c2c3c(=O)n(C)c(=O)n(C)c3c3n2-c2ccccc2NC3c2ccc(O)cc2)c1,CHEMBL4051,CHEMBL1221227,Cystic fibrosis transmembrane conductance regulator,CHEMBL1227950,Inhibition of human CFTR expressed in rat FRT cells coexpressing halide indicator YFP-H148Q assessed as inhibition of halide influx preincubated for 15 mins by FLIPR assay,B,IC50,=,1700.0,nM,5.77,,2009,unspecified,unspecified
CHEMBL1222405,COc1cccc(C2Nc3ccccc3-n3c(-c4cccc(C)c4)c4c(=O)n(C)c(=O)n(C)c4c32)c1,CHEMBL4051,CHEMBL1221227,Cystic fibrosis transmembrane conductance regulator,CHEMBL1227950,Inhibition of human CFTR expressed in rat FRT cells coexpressing halide indicator YFP-H148Q assessed as inhibition of halide influx preincubated for 15 mins by FLIPR assay,B,IC50,=,1700.0,nM,5.77,,2009,unspecified,unspecified
CHEMBL1222406,COc1cccc(C2Nc3ccccc3-n3c(-c4ccccc4F)c4c(=O)n(C)c(=O)n(C)c4c32)c1,CHEMBL4051,CHEMBL1221227,Cystic fibrosis transmembrane conductance regulator,CHEMBL1227950,Inhibition of human CFTR expressed in rat FRT cells coexpressing halide indicator YFP-H148Q assessed as inhibition of halide influx preincubated for 15 mins by FLIPR assay,B,IC50,=,2000.0,nM,5.70,,2009,unspecified,unspecified
CHEMBL1221481,Cc1cccc(-c2c3c(=O)n(C)c(=O)n(C)c3c3n2-c2ccccc2NC3c2cccc([N+](=O)[O-])c2F)c1,CHEMBL4051,CHEMBL1221227,Cystic fibrosis transmembrane conductance regulator,CHEMBL1227950,Inhibition of human CFTR expressed in rat FRT cells coexpressing halide indicator YFP-H148Q assessed as inhibition of halide influx preincubated for 15 mins by FLIPR assay,B,IC50,=,2000.0,nM,5.70,,2009,unspecified,unspecified
CHEMBL1221482,Cc1ccccc1-c1c2c(=O)n(C)c(=O)n(C)c2c2n1-c1ccccc1NC2c1cccc([N+](=O)[O-])c1,CHEMBL4051,CHEMBL1221227,Cystic fibrosis transmembrane conductance regulator,CHEMBL1227950,Inhibition of human CFTR expressed in rat FRT cells coexpressing halide indicator YFP-H148Q assessed as inhibition of halide influx preincubated for 15 mins by FLIPR assay,B,IC50,=,2000.0,nM,5.70,,2009,unspecified,unspecified
CHEMBL1221483,Cn1c(=O)c2c(-c3ccccc3F)n3c(c2n(C)c1=O)C(c1cccc(Cl)c1)Nc1ccccc1-3,CHEMBL4051,CHEMBL1221227,Cystic fibrosis transmembrane conductance regulator,CHEMBL1227950,Inhibition of human CFTR expressed in rat FRT cells coexpressing halide indicator YFP-H148Q assessed as inhibition of halide influx preincubated for 15 mins by FLIPR assay,B,IC50,=,2500.0,nM,5.60,,2009,unspecified,unspecified
CHEMBL1221484,Cc1cccc(-c2c3c(=O)n(C)c(=O)n(C)c3c3n2-c2ccccc2NC3c2ccccc2F)c1,CHEMBL4051,CHEMBL1221227,Cystic fibrosis transmembrane conductance regulator,CHEMBL1227950,Inhibition of human CFTR expressed in rat FRT cells coexpressing halide indicator YFP-H148Q assessed as inhibition of halide influx preincubated for 15 mins by FLIPR assay,B,IC50,=,2500.0,nM,5.60,,2009,unspecified,unspecified
CHEMBL1221530,COc1cccc(C2Nc3ccccc3-n3c(-c4ccccc4C)c4c(=O)n(C)c(=O)n(C)c4c32)c1,CHEMBL4051,CHEMBL1221227,Cystic fibrosis transmembrane conductance regulator,CHEMBL1227950,Inhibition of human CFTR expressed in rat FRT cells coexpressing halide indicator YFP-H148Q assessed as inhibition of halide influx preincubated for 15 mins by FLIPR assay,B,IC50,=,3000.0,nM,5.52,,2009,unspecified,unspecified
CHEMBL1221531,Cc1cccc(C2Nc3ccccc3-n3c(-c4ccccc4C)c4c(=O)n(C)c(=O)n(C)c4c32)c1,CHEMBL4051,CHEMBL1221227,Cystic fibrosis transmembrane conductance regulator,CHEMBL1227950,Inhibition of human CFTR expressed in rat FRT cells coexpressing halide indicator YFP-H148Q assessed as inhibition of halide influx preincubated for 15 mins by FLIPR assay,B,IC50,=,3000.0,nM,5.52,,2009,unspecified,unspecified
CHEMBL1221532,Cc1ccccc1-c1c2c(=O)n(C)c(=O)n(C)c2c2n1-c1ccccc1NC2c1ccccc1,CHEMBL4051,CHEMBL1221227,Cystic fibrosis transmembrane conductance regulator,CHEMBL1227950,Inhibition of human CFTR expressed in rat FRT cells coexpressing halide indicator YFP-H148Q assessed as inhibition of halide influx preincubated for 15 mins by FLIPR assay,B,IC50,=,5000.0,nM,5.30,,2009,unspecified,unspecified
CHEMBL1221533,Cc1cccc(-c2c3c(=O)n(C)c(=O)n(C)c3c3n2-c2ccccc2NC3c2cccc(F)c2)c1,CHEMBL4051,CHEMBL1221227,Cystic fibrosis transmembrane conductance regulator,CHEMBL1227950,Inhibition of human CFTR expressed in rat FRT cells coexpressing halide indicator YFP-H148Q assessed as inhibition of halide influx preincubated for 15 mins by FLIPR assay,B,IC50,=,8000.0,nM,5.10,,2009,unspecified,unspecified
CHEMBL1087004,Cc1ccc(C2Nc3ccccc3-n3c(-c4ccccc4)c4c(=O)n(C)c(=O)n(C)c4c32)o1,CHEMBL4051,CHEMBL1221227,Cystic fibrosis transmembrane conductance regulator,CHEMBL1227953,Inhibition of human CFTR expressed in rat FRT cells assessed as inhibition of CPT-cAMP-induced apical membrane current in presence of transepithelial chloride gradient and basolateral membrane permeabilization with amphotericin B by short-circuit current analysis,B,IC50,=,90.0,nM,7.05,,2009,unspecified,unspecified
CHEMBL1087004,Cc1ccc(C2Nc3ccccc3-n3c(-c4ccccc4)c4c(=O)n(C)c(=O)n(C)c4c32)o1,CHEMBL4051,CHEMBL1221227,Cystic fibrosis transmembrane conductance regulator,CHEMBL1227385,Inhibition of CFTR in nonpermeabilized human T84 cells assessed as inhibition of forskolin and IBMX-induced chloride current by short-circuit current analysis,B,IC50,<,1000.0,nM,,,2009,unspecified,unspecified
CHEMBL1087004,Cc1ccc(C2Nc3ccccc3-n3c(-c4ccccc4)c4c(=O)n(C)c(=O)n(C)c4c32)o1,CHEMBL4051,CHEMBL1221227,Cystic fibrosis transmembrane conductance regulator,CHEMBL1228135,Inhibition of CFTR in nonpermeabilized human bronchial epithelial cells assessed as inhibition of forskolin and IBMX-induced chloride current at by short-circuit current analysis,B,IC50,<,1000.0,nM,,,2009,unspecified,unspecified
CHEMBL1779949,Cc1nc2cccc[n+]2c(C)c1[O-],CHEMBL4051,CHEMBL1777708,Cystic fibrosis transmembrane conductance regulator,CHEMBL1780321,Inhibition of wild type CFTR expressed in CHO cells by [125I]iodide efflux assay,B,IC50,=,5.0,nM,8.30,,2011,wild type,unspecified
CHEMBL1779950,Cc1nc2c3ccccc3cc[n+]2c(C)c1[O-],CHEMBL4051,CHEMBL1777708,Cystic fibrosis transmembrane conductance regulator,CHEMBL1780321,Inhibition of wild type CFTR expressed in CHO cells by [125I]iodide efflux assay,B,IC50,=,16.0,nM,7.80,,2011,wild type,unspecified
CHEMBL472,COc1ccc(Cl)cc1C(=O)NCCc1ccc(S(=O)(=O)NC(=O)NC2CCCCC2)cc1,CHEMBL4051,CHEMBL1777708,Cystic fibrosis transmembrane conductance regulator,CHEMBL1780321,Inhibition of wild type CFTR expressed in CHO cells by [125I]iodide efflux assay,B,IC50,=,15000.0,nM,4.82,,2011,wild type,unspecified
CHEMBL1779953,C[C@]1(C(=O)O)N=C2c3ccccc3C=CN2[C@](C)(O)[C@@H]1O,CHEMBL4051,CHEMBL1777708,Cystic fibrosis transmembrane conductance regulator,CHEMBL1780321,Inhibition of wild type CFTR expressed in CHO cells by [125I]iodide efflux assay,B,IC50,=,15.0,nM,7.82,,2011,wild type,unspecified
CHEMBL1779954,C[C@]1(C(=O)O)N=C2c3ccccc3C=CN2[C@](C)(O)[C@H]1O,CHEMBL4051,CHEMBL1777708,Cystic fibrosis transmembrane conductance regulator,CHEMBL1780321,Inhibition of wild type CFTR expressed in CHO cells by [125I]iodide efflux assay,B,IC50,=,15.0,nM,7.82,,2011,wild type,unspecified
CHEMBL461939,O=C(O)c1ccc(/C=C2\SC(=S)N(c3cccc(C(F)(F)F)c3)C2=O)cc1,CHEMBL4051,CHEMBL1828512,Cystic fibrosis transmembrane conductance regulator,CHEMBL1832634,Inhibition of CFTR,B,IC50,=,300.0,nM,6.52,,2011,unspecified,unspecified
CHEMBL1087004,Cc1ccc(C2Nc3ccccc3-n3c(-c4ccccc4)c4c(=O)n(C)c(=O)n(C)c4c32)o1,CHEMBL4051,CHEMBL1828512,Cystic fibrosis transmembrane conductance regulator,CHEMBL1832641,Inhibition of human wild-type CFTR expressed in FRT cells coexpressing YFP-H148Q assessed as inhibition of cAMP agonist-induced iodide influx after 45 mins by fluorescence plate-reader analysis,F,IC50,=,250.0,nM,6.60,,2011,wild-type,unspecified
CHEMBL1831049,Cc1ccc(C2c3c4c(c(-c5ccccc5)n3-c3ccccc3N2S(C)(=O)=O)c(=O)n(C)c(=O)n4C)o1,CHEMBL4051,CHEMBL1828512,Cystic fibrosis transmembrane conductance regulator,CHEMBL1832641,Inhibition of human wild-type CFTR expressed in FRT cells coexpressing YFP-H148Q assessed as inhibition of cAMP agonist-induced iodide influx after 45 mins by fluorescence plate-reader analysis,F,IC50,,,,,,2011,wild-type,unspecified
CHEMBL1831050,Cc1ccc(C2c3c4c(c(-c5ccccc5)n3-c3ccccc3N2C(=O)CCl)c(=O)n(C)c(=O)n4C)o1,CHEMBL4051,CHEMBL1828512,Cystic fibrosis transmembrane conductance regulator,CHEMBL1832641,Inhibition of human wild-type CFTR expressed in FRT cells coexpressing YFP-H148Q assessed as inhibition of cAMP agonist-induced iodide influx after 45 mins by fluorescence plate-reader analysis,F,IC50,,,,,,2011,wild-type,unspecified
CHEMBL1831051,CC(=O)N1c2ccccc2-n2c(-c3ccccc3)c3c(=O)n(C)c(=O)n(C)c3c2C1c1ccc(C)o1,CHEMBL4051,CHEMBL1828512,Cystic fibrosis transmembrane conductance regulator,CHEMBL1832641,Inhibition of human wild-type CFTR expressed in FRT cells coexpressing YFP-H148Q assessed as inhibition of cAMP agonist-induced iodide influx after 45 mins by fluorescence plate-reader analysis,F,IC50,,,,,,2011,wild-type,unspecified
CHEMBL1831052,Cc1ccc(C2c3c4c(c(-c5ccccc5)n3-c3ccccc3N2N=O)c(=O)n(C)c(=O)n4C)o1,CHEMBL4051,CHEMBL1828512,Cystic fibrosis transmembrane conductance regulator,CHEMBL1832641,Inhibition of human wild-type CFTR expressed in FRT cells coexpressing YFP-H148Q assessed as inhibition of cAMP agonist-induced iodide influx after 45 mins by fluorescence plate-reader analysis,F,IC50,=,2000.0,nM,5.70,,2011,wild-type,unspecified
CHEMBL1831053,Cc1ccc(C2c3c4c(c(-c5ccccc5)n3-c3ccccc3N2C)c(=O)n(C)c(=O)n4C)o1,CHEMBL4051,CHEMBL1828512,Cystic fibrosis transmembrane conductance regulator,CHEMBL1832641,Inhibition of human wild-type CFTR expressed in FRT cells coexpressing YFP-H148Q assessed as inhibition of cAMP agonist-induced iodide influx after 45 mins by fluorescence plate-reader analysis,F,IC50,=,1000.0,nM,6.00,,2011,wild-type,unspecified
CHEMBL1831054,CCc1ccc(C2Nc3ccccc3-n3c(-c4ccccc4)c4c(=O)n(C)c(=O)n(C)c4c32)o1,CHEMBL4051,CHEMBL1828512,Cystic fibrosis transmembrane conductance regulator,CHEMBL1832641,Inhibition of human wild-type CFTR expressed in FRT cells coexpressing YFP-H148Q assessed as inhibition of cAMP agonist-induced iodide influx after 45 mins by fluorescence plate-reader analysis,F,IC50,=,300.0,nM,6.52,,2011,wild-type,unspecified
CHEMBL1831055,Cc1ccc(C2Nc3ccccc3-n3c(-c4ccccc4)c4c(=O)n(C)c(=O)n(C)c4c32)s1,CHEMBL4051,CHEMBL1828512,Cystic fibrosis transmembrane conductance regulator,CHEMBL1832641,Inhibition of human wild-type CFTR expressed in FRT cells coexpressing YFP-H148Q assessed as inhibition of cAMP agonist-induced iodide influx after 45 mins by fluorescence plate-reader analysis,F,IC50,=,1700.0,nM,5.77,,2011,wild-type,unspecified
CHEMBL1831056,Cc1cc(C2Nc3ccccc3-n3c(-c4ccccc4)c4c(=O)n(C)c(=O)n(C)c4c32)oc1C,CHEMBL4051,CHEMBL1828512,Cystic fibrosis transmembrane conductance regulator,CHEMBL1832641,Inhibition of human wild-type CFTR expressed in FRT cells coexpressing YFP-H148Q assessed as inhibition of cAMP agonist-induced iodide influx after 45 mins by fluorescence plate-reader analysis,F,IC50,=,1700.0,nM,5.77,,2011,wild-type,unspecified
CHEMBL1831057,Cn1c(=O)c2c(-c3ccccc3)n3c(c2n(C)c1=O)C(c1ccc(Cl)o1)Nc1ccccc1-3,CHEMBL4051,CHEMBL1828512,Cystic fibrosis transmembrane conductance regulator,CHEMBL1832641,Inhibition of human wild-type CFTR expressed in FRT cells coexpressing YFP-H148Q assessed as inhibition of cAMP agonist-induced iodide influx after 45 mins by fluorescence plate-reader analysis,F,IC50,=,150.0,nM,6.82,,2011,wild-type,unspecified
CHEMBL1831058,Cn1c(=O)c2c(-c3ccccc3)n3c(c2n(C)c1=O)C(c1ccc(Br)o1)Nc1ccccc1-3,CHEMBL4051,CHEMBL1828512,Cystic fibrosis transmembrane conductance regulator,CHEMBL1832641,Inhibition of human wild-type CFTR expressed in FRT cells coexpressing YFP-H148Q assessed as inhibition of cAMP agonist-induced iodide influx after 45 mins by fluorescence plate-reader analysis,F,IC50,=,90.0,nM,7.05,,2011,wild-type,unspecified
CHEMBL1831059,Cn1c(=O)c2c(-c3ccccc3)n3c(c2n(C)c1=O)C(c1ccc(I)o1)Nc1ccccc1-3,CHEMBL4051,CHEMBL1828512,Cystic fibrosis transmembrane conductance regulator,CHEMBL1832641,Inhibition of human wild-type CFTR expressed in FRT cells coexpressing YFP-H148Q assessed as inhibition of cAMP agonist-induced iodide influx after 45 mins by fluorescence plate-reader analysis,F,IC50,=,170.0,nM,6.77,,2011,wild-type,unspecified
CHEMBL1831060,Cn1c(=O)c2c(-c3ccccc3)n3c(c2n(C)c1=O)C(c1ccc(C(F)(F)F)o1)Nc1ccccc1-3,CHEMBL4051,CHEMBL1828512,Cystic fibrosis transmembrane conductance regulator,CHEMBL1832641,Inhibition of human wild-type CFTR expressed in FRT cells coexpressing YFP-H148Q assessed as inhibition of cAMP agonist-induced iodide influx after 45 mins by fluorescence plate-reader analysis,F,IC50,=,350.0,nM,6.46,,2011,wild-type,unspecified
CHEMBL1831061,Cn1c(=O)c2c(-c3ccccc3)n3c(c2n(C)c1=O)C(c1ccc(-c2ccccc2)o1)Nc1ccccc1-3,CHEMBL4051,CHEMBL1828512,Cystic fibrosis transmembrane conductance regulator,CHEMBL1832641,Inhibition of human wild-type CFTR expressed in FRT cells coexpressing YFP-H148Q assessed as inhibition of cAMP agonist-induced iodide influx after 45 mins by fluorescence plate-reader analysis,F,IC50,,,,,,2011,wild-type,unspecified
CHEMBL1831062,Cn1c(=O)c2c(-c3ccccc3)n3c(c2n(C)c1=O)C(c1ccc(CO)o1)Nc1ccccc1-3,CHEMBL4051,CHEMBL1828512,Cystic fibrosis transmembrane conductance regulator,CHEMBL1832641,Inhibition of human wild-type CFTR expressed in FRT cells coexpressing YFP-H148Q assessed as inhibition of cAMP agonist-induced iodide influx after 45 mins by fluorescence plate-reader analysis,F,IC50,,,,,,2011,wild-type,unspecified
CHEMBL1831063,Cn1c(=O)c2c(-c3ccccc3)n3c(c2n(C)c1=O)C(c1cc2ccccc2o1)Nc1ccccc1-3,CHEMBL4051,CHEMBL1828512,Cystic fibrosis transmembrane conductance regulator,CHEMBL1832641,Inhibition of human wild-type CFTR expressed in FRT cells coexpressing YFP-H148Q assessed as inhibition of cAMP agonist-induced iodide influx after 45 mins by fluorescence plate-reader analysis,F,IC50,,,,,,2011,wild-type,unspecified
CHEMBL1831064,Cn1c(=O)c2c(-c3ccccc3)n3c(c2n(C)c1=O)C(c1ccc(Br)o1)Oc1ccccc1-3,CHEMBL4051,CHEMBL1828512,Cystic fibrosis transmembrane conductance regulator,CHEMBL1832641,Inhibition of human wild-type CFTR expressed in FRT cells coexpressing YFP-H148Q assessed as inhibition of cAMP agonist-induced iodide influx after 45 mins by fluorescence plate-reader analysis,F,IC50,=,200.0,nM,6.70,,2011,wild-type,unspecified
CHEMBL1831065,Cn1c(=O)c2c(-c3ccccc3)n3c(c2n(C)c1=O)C(c1ccc(I)o1)Oc1ccccc1-3,CHEMBL4051,CHEMBL1828512,Cystic fibrosis transmembrane conductance regulator,CHEMBL1832641,Inhibition of human wild-type CFTR expressed in FRT cells coexpressing YFP-H148Q assessed as inhibition of cAMP agonist-induced iodide influx after 45 mins by fluorescence plate-reader analysis,F,IC50,=,500.0,nM,6.30,,2011,wild-type,unspecified
CHEMBL1831066,Cc1ccc(C2Oc3ccccc3-n3c(-c4ccccc4)c4c(=O)n(C)c(=O)n(C)c4c32)o1,CHEMBL4051,CHEMBL1828512,Cystic fibrosis transmembrane conductance regulator,CHEMBL1832641,Inhibition of human wild-type CFTR expressed in FRT cells coexpressing YFP-H148Q assessed as inhibition of cAMP agonist-induced iodide influx after 45 mins by fluorescence plate-reader analysis,F,IC50,=,150.0,nM,6.82,,2011,wild-type,unspecified
CHEMBL1831067,Cc1cccc(-c2c3c(=O)n(C)c(=O)n(C)c3c3n2-c2ccccc2OC3c2ccc(Cl)o2)c1,CHEMBL4051,CHEMBL1828512,Cystic fibrosis transmembrane conductance regulator,CHEMBL1832641,Inhibition of human wild-type CFTR expressed in FRT cells coexpressing YFP-H148Q assessed as inhibition of cAMP agonist-induced iodide influx after 45 mins by fluorescence plate-reader analysis,F,IC50,=,370.0,nM,6.43,,2011,wild-type,unspecified
CHEMBL1831068,Cc1cccc(-c2c3c(=O)n(C)c(=O)n(C)c3c3n2-c2ccccc2OC3c2ccc(C)o2)c1,CHEMBL4051,CHEMBL1828512,Cystic fibrosis transmembrane conductance regulator,CHEMBL1832641,Inhibition of human wild-type CFTR expressed in FRT cells coexpressing YFP-H148Q assessed as inhibition of cAMP agonist-induced iodide influx after 45 mins by fluorescence plate-reader analysis,F,IC50,=,600.0,nM,6.22,,2011,wild-type,unspecified
CHEMBL1831069,Cn1c(=O)c2c(-c3ccccc3)n3c(c2n(C)c1=O)C(c1ccc(Br)o1)Oc1ccc([N+](=O)[O-])cc1-3,CHEMBL4051,CHEMBL1828512,Cystic fibrosis transmembrane conductance regulator,CHEMBL1832641,Inhibition of human wild-type CFTR expressed in FRT cells coexpressing YFP-H148Q assessed as inhibition of cAMP agonist-induced iodide influx after 45 mins by fluorescence plate-reader analysis,F,IC50,=,120.0,nM,6.92,,2011,wild-type,unspecified
CHEMBL1831070,Cc1ccc(C2Oc3ccc([N+](=O)[O-])cc3-n3c(-c4ccccc4)c4c(=O)n(C)c(=O)n(C)c4c32)o1,CHEMBL4051,CHEMBL1828512,Cystic fibrosis transmembrane conductance regulator,CHEMBL1832641,Inhibition of human wild-type CFTR expressed in FRT cells coexpressing YFP-H148Q assessed as inhibition of cAMP agonist-induced iodide influx after 45 mins by fluorescence plate-reader analysis,F,IC50,=,100.0,nM,7.00,,2011,wild-type,unspecified
CHEMBL1831071,Cn1c(=O)c2c(-c3ccccc3)n3c(c2n(C)c1=O)C(c1ccc(Br)o1)Nc1ccc([N+](=O)[O-])cc1-3,CHEMBL4051,CHEMBL1828512,Cystic fibrosis transmembrane conductance regulator,CHEMBL1832641,Inhibition of human wild-type CFTR expressed in FRT cells coexpressing YFP-H148Q assessed as inhibition of cAMP agonist-induced iodide influx after 45 mins by fluorescence plate-reader analysis,F,IC50,=,170.0,nM,6.77,,2011,wild-type,unspecified
CHEMBL1831072,Cc1ccc(C2Oc3cc([N+](=O)[O-])c(Cl)cc3-n3c(-c4ccccc4)c4c(=O)n(C)c(=O)n(C)c4c32)o1,CHEMBL4051,CHEMBL1828512,Cystic fibrosis transmembrane conductance regulator,CHEMBL1832641,Inhibition of human wild-type CFTR expressed in FRT cells coexpressing YFP-H148Q assessed as inhibition of cAMP agonist-induced iodide influx after 45 mins by fluorescence plate-reader analysis,F,IC50,=,170.0,nM,6.77,,2011,wild-type,unspecified
CHEMBL1831073,CCOC(=O)c1ccc2c(c1)-n1c(-c3ccccc3)c3c(=O)n(C)c(=O)n(C)c3c1C(c1ccc(Br)o1)O2,CHEMBL4051,CHEMBL1828512,Cystic fibrosis transmembrane conductance regulator,CHEMBL1832641,Inhibition of human wild-type CFTR expressed in FRT cells coexpressing YFP-H148Q assessed as inhibition of cAMP agonist-induced iodide influx after 45 mins by fluorescence plate-reader analysis,F,IC50,=,50.0,nM,7.30,,2011,wild-type,unspecified
CHEMBL1831074,CCOC(=O)c1ccc2c(c1)-n1c(-c3ccccc3)c3c(=O)n(C)c(=O)n(C)c3c1C(c1ccc(C)o1)O2,CHEMBL4051,CHEMBL1828512,Cystic fibrosis transmembrane conductance regulator,CHEMBL1832641,Inhibition of human wild-type CFTR expressed in FRT cells coexpressing YFP-H148Q assessed as inhibition of cAMP agonist-induced iodide influx after 45 mins by fluorescence plate-reader analysis,F,IC50,=,80.0,nM,7.10,,2011,wild-type,unspecified
CHEMBL1831075,Cn1c(=O)c2c(-c3ccccc3)n3c(c2n(C)c1=O)C(c1ccc(Br)o1)Oc1ccc(C(=O)O)cc1-3,CHEMBL4051,CHEMBL1828512,Cystic fibrosis transmembrane conductance regulator,CHEMBL1832641,Inhibition of human wild-type CFTR expressed in FRT cells coexpressing YFP-H148Q assessed as inhibition of cAMP agonist-induced iodide influx after 45 mins by fluorescence plate-reader analysis,F,IC50,=,40.0,nM,7.40,,2011,wild-type,unspecified
CHEMBL1087004,Cc1ccc(C2Nc3ccccc3-n3c(-c4ccccc4)c4c(=O)n(C)c(=O)n(C)c4c32)o1,CHEMBL4051,CHEMBL1828512,Cystic fibrosis transmembrane conductance regulator,CHEMBL1832642,Inhibition of human wild-type CFTR expressed in FRT cells assessed as inhibition of forskolin-induced short-circuit current by voltage clamp electrophysiology assay,B,IC50,=,100.0,nM,7.00,,2011,wild-type,unspecified
CHEMBL1831058,Cn1c(=O)c2c(-c3ccccc3)n3c(c2n(C)c1=O)C(c1ccc(Br)o1)Nc1ccccc1-3,CHEMBL4051,CHEMBL1828512,Cystic fibrosis transmembrane conductance regulator,CHEMBL1832642,Inhibition of human wild-type CFTR expressed in FRT cells assessed as inhibition of forskolin-induced short-circuit current by voltage clamp electrophysiology assay,B,IC50,=,50.0,nM,7.30,,2011,wild-type,unspecified
CHEMBL1831059,Cn1c(=O)c2c(-c3ccccc3)n3c(c2n(C)c1=O)C(c1ccc(I)o1)Nc1ccccc1-3,CHEMBL4051,CHEMBL1828512,Cystic fibrosis transmembrane conductance regulator,CHEMBL1832642,Inhibition of human wild-type CFTR expressed in FRT cells assessed as inhibition of forskolin-induced short-circuit current by voltage clamp electrophysiology assay,B,IC50,=,100.0,nM,7.00,,2011,wild-type,unspecified
CHEMBL1831064,Cn1c(=O)c2c(-c3ccccc3)n3c(c2n(C)c1=O)C(c1ccc(Br)o1)Oc1ccccc1-3,CHEMBL4051,CHEMBL1828512,Cystic fibrosis transmembrane conductance regulator,CHEMBL1832642,Inhibition of human wild-type CFTR expressed in FRT cells assessed as inhibition of forskolin-induced short-circuit current by voltage clamp electrophysiology assay,B,IC50,=,90.0,nM,7.05,,2011,wild-type,unspecified
CHEMBL1831069,Cn1c(=O)c2c(-c3ccccc3)n3c(c2n(C)c1=O)C(c1ccc(Br)o1)Oc1ccc([N+](=O)[O-])cc1-3,CHEMBL4051,CHEMBL1828512,Cystic fibrosis transmembrane conductance regulator,CHEMBL1832642,Inhibition of human wild-type CFTR expressed in FRT cells assessed as inhibition of forskolin-induced short-circuit current by voltage clamp electrophysiology assay,B,IC50,=,25.0,nM,7.60,,2011,wild-type,unspecified
CHEMBL1831070,Cc1ccc(C2Oc3ccc([N+](=O)[O-])cc3-n3c(-c4ccccc4)c4c(=O)n(C)c(=O)n(C)c4c32)o1,CHEMBL4051,CHEMBL1828512,Cystic fibrosis transmembrane conductance regulator,CHEMBL1832642,Inhibition of human wild-type CFTR expressed in FRT cells assessed as inhibition of forskolin-induced short-circuit current by voltage clamp electrophysiology assay,B,IC50,=,25.0,nM,7.60,,2011,wild-type,unspecified
CHEMBL1831073,CCOC(=O)c1ccc2c(c1)-n1c(-c3ccccc3)c3c(=O)n(C)c(=O)n(C)c3c1C(c1ccc(Br)o1)O2,CHEMBL4051,CHEMBL1828512,Cystic fibrosis transmembrane conductance regulator,CHEMBL1832642,Inhibition of human wild-type CFTR expressed in FRT cells assessed as inhibition of forskolin-induced short-circuit current by voltage clamp electrophysiology assay,B,IC50,=,25.0,nM,7.60,,2011,wild-type,unspecified
CHEMBL1831075,Cn1c(=O)c2c(-c3ccccc3)n3c(c2n(C)c1=O)C(c1ccc(Br)o1)Oc1ccc(C(=O)O)cc1-3,CHEMBL4051,CHEMBL1828512,Cystic fibrosis transmembrane conductance regulator,CHEMBL1832642,Inhibition of human wild-type CFTR expressed in FRT cells assessed as inhibition of forskolin-induced short-circuit current by voltage clamp electrophysiology assay,B,IC50,=,8.0,nM,8.10,,2011,wild-type,unspecified
CHEMBL1949981,Cc1nc(NC(=O)c2ccc([19F])cc2)sc1-c1csc(Nc2cc(N(C)C)ccc2Cl)n1,CHEMBL4051,CHEMBL1949595,Cystic fibrosis transmembrane conductance regulator,CHEMBL1954587,Corrector activity at human CFTR delta F508 mutant expressed in rat FRT cells coexpressing fluorescent protein YFP-H148Q/1152L by fluorescence assay,B,EC50,=,1400.0,nM,5.85,,2012,unspecified,corrector
CHEMBL1949982,COc1ccc(Cl)cc1Nc1nc(-c2sc(NC(=O)c3ccc([19F])cc3)nc2C)cs1,CHEMBL4051,CHEMBL1949595,Cystic fibrosis transmembrane conductance regulator,CHEMBL1954587,Corrector activity at human CFTR delta F508 mutant expressed in rat FRT cells coexpressing fluorescent protein YFP-H148Q/1152L by fluorescence assay,B,EC50,=,1400.0,nM,5.85,,2012,unspecified,corrector
CHEMBL260775,COc1ccc(Cl)cc1Nc1nc(-c2sc(NC(=O)c3ccccc3)nc2C)cs1,CHEMBL4051,CHEMBL1949595,Cystic fibrosis transmembrane conductance regulator,CHEMBL1954587,Corrector activity at human CFTR delta F508 mutant expressed in rat FRT cells coexpressing fluorescent protein YFP-H148Q/1152L by fluorescence assay,B,EC50,=,2300.0,nM,5.64,,2012,unspecified,corrector
CHEMBL2018577,Cc1cc(C)c2cc(C#N)c(NCCNC(=O)c3cccnc3)nc2c1,CHEMBL4051,CHEMBL2016518,Cystic fibrosis transmembrane conductance regulator,CHEMBL2020568,Activity at human CFTR delta F508 mutant expressed in forskolin-stimulated FRT cells assessed as increase in iodine influx measured as decrease in YFP fluorescence after 18 to 24 hrs at 37 degC in presence of genistein,B,EC50,=,2700.0,nM,5.57,,2012,unspecified,unspecified
CHEMBL2018576,Cc1cc(C)c2cc(C#N)c(NCCNC(=O)c3ccccn3)nc2c1,CHEMBL4051,CHEMBL2016518,Cystic fibrosis transmembrane conductance regulator,CHEMBL2020568,Activity at human CFTR delta F508 mutant expressed in forskolin-stimulated FRT cells assessed as increase in iodine influx measured as decrease in YFP fluorescence after 18 to 24 hrs at 37 degC in presence of genistein,B,EC50,,,,,,2012,unspecified,unspecified
CHEMBL1584217,COc1ccccc1C(=O)NCCNc1nc2cc(C)cc(C)c2cc1C#N,CHEMBL4051,CHEMBL2016518,Cystic fibrosis transmembrane conductance regulator,CHEMBL2020568,Activity at human CFTR delta F508 mutant expressed in forskolin-stimulated FRT cells assessed as increase in iodine influx measured as decrease in YFP fluorescence after 18 to 24 hrs at 37 degC in presence of genistein,B,EC50,=,11000.0,nM,4.96,,2012,unspecified,unspecified
CHEMBL2018575,COc1ccc(C(=O)NCCNc2nc3cc(C)cc(C)c3cc2C#N)cc1,CHEMBL4051,CHEMBL2016518,Cystic fibrosis transmembrane conductance regulator,CHEMBL2020568,Activity at human CFTR delta F508 mutant expressed in forskolin-stimulated FRT cells assessed as increase in iodine influx measured as decrease in YFP fluorescence after 18 to 24 hrs at 37 degC in presence of genistein,B,EC50,=,3000.0,nM,5.52,,2012,unspecified,unspecified
CHEMBL2018574,COc1cccc(C(=O)NCCNc2nc3cc(C)cc(C)c3cc2C#N)c1,CHEMBL4051,CHEMBL2016518,Cystic fibrosis transmembrane conductance regulator,CHEMBL2020568,Activity at human CFTR delta F508 mutant expressed in forskolin-stimulated FRT cells assessed as increase in iodine influx measured as decrease in YFP fluorescence after 18 to 24 hrs at 37 degC in presence of genistein,B,EC50,=,2200.0,nM,5.66,,2012,unspecified,unspecified
CHEMBL2018578,Cc1cc(C)c2cc(C#N)c(NCCNC(=O)c3ccncc3)nc2c1,CHEMBL4051,CHEMBL2016518,Cystic fibrosis transmembrane conductance regulator,CHEMBL2020568,Activity at human CFTR delta F508 mutant expressed in forskolin-stimulated FRT cells assessed as increase in iodine influx measured as decrease in YFP fluorescence after 18 to 24 hrs at 37 degC in presence of genistein,B,EC50,=,7300.0,nM,5.14,,2012,unspecified,unspecified
CHEMBL2018579,Cc1cc(C)c2cc(C#N)c(NCCNC(=O)c3ccccc3)nc2c1,CHEMBL4051,CHEMBL2016518,Cystic fibrosis transmembrane conductance regulator,CHEMBL2020568,Activity at human CFTR delta F508 mutant expressed in forskolin-stimulated FRT cells assessed as increase in iodine influx measured as decrease in YFP fluorescence after 18 to 24 hrs at 37 degC in presence of genistein,B,EC50,,,,,,2012,unspecified,unspecified
CHEMBL2018580,COc1ccc(C(=O)NCCNc2nc3cc(C)cc(C)c3cc2C#N)c(OC)c1,CHEMBL4051,CHEMBL2016518,Cystic fibrosis transmembrane conductance regulator,CHEMBL2020568,Activity at human CFTR delta F508 mutant expressed in forskolin-stimulated FRT cells assessed as increase in iodine influx measured as decrease in YFP fluorescence after 18 to 24 hrs at 37 degC in presence of genistein,B,EC50,=,4200.0,nM,5.38,,2012,unspecified,unspecified
CHEMBL2018581,COc1ccc(C(=O)NCCNc2nc3cc(C)cc(C)c3cc2C#N)cc1OC,CHEMBL4051,CHEMBL2016518,Cystic fibrosis transmembrane conductance regulator,CHEMBL2020568,Activity at human CFTR delta F508 mutant expressed in forskolin-stimulated FRT cells assessed as increase in iodine influx measured as decrease in YFP fluorescence after 18 to 24 hrs at 37 degC in presence of genistein,B,EC50,=,1500.0,nM,5.82,,2012,unspecified,unspecified
CHEMBL2018582,Cc1cc(C)c2cc(C#N)c(NCCNC(=O)c3cnccn3)nc2c1,CHEMBL4051,CHEMBL2016518,Cystic fibrosis transmembrane conductance regulator,CHEMBL2020568,Activity at human CFTR delta F508 mutant expressed in forskolin-stimulated FRT cells assessed as increase in iodine influx measured as decrease in YFP fluorescence after 18 to 24 hrs at 37 degC in presence of genistein,B,EC50,=,6700.0,nM,5.17,,2012,unspecified,unspecified
CHEMBL2018583,COc1ccc(C(=O)NCCNc2nc3cc(C)cc(C)c3cc2C#N)nc1,CHEMBL4051,CHEMBL2016518,Cystic fibrosis transmembrane conductance regulator,CHEMBL2020568,Activity at human CFTR delta F508 mutant expressed in forskolin-stimulated FRT cells assessed as increase in iodine influx measured as decrease in YFP fluorescence after 18 to 24 hrs at 37 degC in presence of genistein,B,EC50,=,2700.0,nM,5.57,,2012,unspecified,unspecified
CHEMBL2018584,COc1cccc(OC)c1C(=O)NCCNc1nc2cc(C)cc(C)c2cc1C#N,CHEMBL4051,CHEMBL2016518,Cystic fibrosis transmembrane conductance regulator,CHEMBL2020568,Activity at human CFTR delta F508 mutant expressed in forskolin-stimulated FRT cells assessed as increase in iodine influx measured as decrease in YFP fluorescence after 18 to 24 hrs at 37 degC in presence of genistein,B,EC50,=,3700.0,nM,5.43,,2012,unspecified,unspecified
CHEMBL2018585,COc1ccccc1C(=O)N1CCN(c2nc3cc(C)cc(C)c3cc2C#N)CC1,CHEMBL4051,CHEMBL2016518,Cystic fibrosis transmembrane conductance regulator,CHEMBL2020568,Activity at human CFTR delta F508 mutant expressed in forskolin-stimulated FRT cells assessed as increase in iodine influx measured as decrease in YFP fluorescence after 18 to 24 hrs at 37 degC in presence of genistein,B,EC50,,,,,,2012,unspecified,unspecified
CHEMBL1882863,COc1cccc(C(=O)N2CCN(c3nc4cc(C)cc(C)c4cc3C#N)CC2)c1,CHEMBL4051,CHEMBL2016518,Cystic fibrosis transmembrane conductance regulator,CHEMBL2020568,Activity at human CFTR delta F508 mutant expressed in forskolin-stimulated FRT cells assessed as increase in iodine influx measured as decrease in YFP fluorescence after 18 to 24 hrs at 37 degC in presence of genistein,B,EC50,,,,,,2012,unspecified,unspecified
CHEMBL1870726,COc1ccc(C(=O)N2CCN(c3nc4cc(C)cc(C)c4cc3C#N)CC2)cc1,CHEMBL4051,CHEMBL2016518,Cystic fibrosis transmembrane conductance regulator,CHEMBL2020568,Activity at human CFTR delta F508 mutant expressed in forskolin-stimulated FRT cells assessed as increase in iodine influx measured as decrease in YFP fluorescence after 18 to 24 hrs at 37 degC in presence of genistein,B,EC50,,,,,,2012,unspecified,unspecified
CHEMBL2018586,Cc1cc(C)c2cc(C#N)c(N3CCN(C(=O)c4ccccn4)CC3)nc2c1,CHEMBL4051,CHEMBL2016518,Cystic fibrosis transmembrane conductance regulator,CHEMBL2020568,Activity at human CFTR delta F508 mutant expressed in forskolin-stimulated FRT cells assessed as increase in iodine influx measured as decrease in YFP fluorescence after 18 to 24 hrs at 37 degC in presence of genistein,B,EC50,,,,,,2012,unspecified,unspecified
CHEMBL2018587,Cc1cc(C)c2cc(C#N)c(N3CCN(C(=O)c4cccnc4)CC3)nc2c1,CHEMBL4051,CHEMBL2016518,Cystic fibrosis transmembrane conductance regulator,CHEMBL2020568,Activity at human CFTR delta F508 mutant expressed in forskolin-stimulated FRT cells assessed as increase in iodine influx measured as decrease in YFP fluorescence after 18 to 24 hrs at 37 degC in presence of genistein,B,EC50,,,,,,2012,unspecified,unspecified
CHEMBL2018588,Cc1cc(C)c2cc(C#N)c(N3CCN(C(=O)c4ccncc4)CC3)nc2c1,CHEMBL4051,CHEMBL2016518,Cystic fibrosis transmembrane conductance regulator,CHEMBL2020568,Activity at human CFTR delta F508 mutant expressed in forskolin-stimulated FRT cells assessed as increase in iodine influx measured as decrease in YFP fluorescence after 18 to 24 hrs at 37 degC in presence of genistein,B,EC50,,,,,,2012,unspecified,unspecified
CHEMBL1867725,COc1ccccc1C(=O)NCCCNc1nc2cc(C)cc(C)c2cc1C#N,CHEMBL4051,CHEMBL2016518,Cystic fibrosis transmembrane conductance regulator,CHEMBL2020568,Activity at human CFTR delta F508 mutant expressed in forskolin-stimulated FRT cells assessed as increase in iodine influx measured as decrease in YFP fluorescence after 18 to 24 hrs at 37 degC in presence of genistein,B,EC50,,,,,,2012,unspecified,unspecified
CHEMBL2018589,COc1cccc(C(=O)NCCCNc2nc3cc(C)cc(C)c3cc2C#N)c1,CHEMBL4051,CHEMBL2016518,Cystic fibrosis transmembrane conductance regulator,CHEMBL2020568,Activity at human CFTR delta F508 mutant expressed in forskolin-stimulated FRT cells assessed as increase in iodine influx measured as decrease in YFP fluorescence after 18 to 24 hrs at 37 degC in presence of genistein,B,EC50,=,4600.0,nM,5.34,,2012,unspecified,unspecified
CHEMBL2018590,COc1ccc(C(=O)NCCCNc2nc3cc(C)cc(C)c3cc2C#N)cc1,CHEMBL4051,CHEMBL2016518,Cystic fibrosis transmembrane conductance regulator,CHEMBL2020568,Activity at human CFTR delta F508 mutant expressed in forskolin-stimulated FRT cells assessed as increase in iodine influx measured as decrease in YFP fluorescence after 18 to 24 hrs at 37 degC in presence of genistein,B,EC50,=,4300.0,nM,5.37,,2012,unspecified,unspecified
CHEMBL2018591,Cc1cc(C)c2cc(C#N)c(NCCCNC(=O)c3ccccn3)nc2c1,CHEMBL4051,CHEMBL2016518,Cystic fibrosis transmembrane conductance regulator,CHEMBL2020568,Activity at human CFTR delta F508 mutant expressed in forskolin-stimulated FRT cells assessed as increase in iodine influx measured as decrease in YFP fluorescence after 18 to 24 hrs at 37 degC in presence of genistein,B,EC50,,,,,,2012,unspecified,unspecified
CHEMBL2018592,Cc1cc(C)c2cc(C#N)c(NCCCNC(=O)c3cccnc3)nc2c1,CHEMBL4051,CHEMBL2016518,Cystic fibrosis transmembrane conductance regulator,CHEMBL2020568,Activity at human CFTR delta F508 mutant expressed in forskolin-stimulated FRT cells assessed as increase in iodine influx measured as decrease in YFP fluorescence after 18 to 24 hrs at 37 degC in presence of genistein,B,EC50,=,3000.0,nM,5.52,,2012,unspecified,unspecified
CHEMBL2018593,Cc1cc(C)c2cc(C#N)c(NCCCNC(=O)c3ccncc3)nc2c1,CHEMBL4051,CHEMBL2016518,Cystic fibrosis transmembrane conductance regulator,CHEMBL2020568,Activity at human CFTR delta F508 mutant expressed in forskolin-stimulated FRT cells assessed as increase in iodine influx measured as decrease in YFP fluorescence after 18 to 24 hrs at 37 degC in presence of genistein,B,EC50,=,8200.0,nM,5.09,,2012,unspecified,unspecified
CHEMBL2069570,Cc1nc(NC(=O)C(C)(C)C)sc1-c1nc(N)sc1-n1cc(-c2ccccc2)nn1,CHEMBL4051,CHEMBL2069261,Cystic fibrosis transmembrane conductance regulator,CHEMBL2073574,Corrector activity at human CFTR deltaF508 mutant expressed in FRT cells stimulated forskolin and potentiator genistein with assessed as iodide influx incubated for 24 hrs,B,EC50,=,1500.0,nM,5.82,,2012,F508del,corrector
CHEMBL2069571,CNc1nc(-c2sc(NC(=O)C(C)(C)C)nc2C)c(-n2cc(-c3ccccc3)nn2)s1,CHEMBL4051,CHEMBL2069261,Cystic fibrosis transmembrane conductance regulator,CHEMBL2073574,Corrector activity at human CFTR deltaF508 mutant expressed in FRT cells stimulated forskolin and potentiator genistein with assessed as iodide influx incubated for 24 hrs,B,EC50,=,4900.0,nM,5.31,,2012,F508del,corrector
CHEMBL2069572,COc1ccc(Cl)cc1Nc1nc(-c2sc(NC(=O)C(C)(C)C)nc2C)c(-n2cc(-c3ccccc3)nn2)s1,CHEMBL4051,CHEMBL2069261,Cystic fibrosis transmembrane conductance regulator,CHEMBL2073574,Corrector activity at human CFTR deltaF508 mutant expressed in FRT cells stimulated forskolin and potentiator genistein with assessed as iodide influx incubated for 24 hrs,B,EC50,=,140.0,nM,6.85,,2012,F508del,corrector
CHEMBL2069648,COc1ccc(Cl)cc1Nc1nc(-c2sc(NC(=O)C(C)(C)C)nc2C)c(-n2cc(CO)nn2)s1,CHEMBL4051,CHEMBL2069261,Cystic fibrosis transmembrane conductance regulator,CHEMBL2073574,Corrector activity at human CFTR deltaF508 mutant expressed in FRT cells stimulated forskolin and potentiator genistein with assessed as iodide influx incubated for 24 hrs,B,EC50,=,1600.0,nM,5.80,,2012,F508del,corrector
CHEMBL2069649,COC(=O)c1cn(-c2sc(Nc3cc(Cl)ccc3OC)nc2-c2sc(NC(=O)C(C)(C)C)nc2C)nn1,CHEMBL4051,CHEMBL2069261,Cystic fibrosis transmembrane conductance regulator,CHEMBL2073574,Corrector activity at human CFTR deltaF508 mutant expressed in FRT cells stimulated forskolin and potentiator genistein with assessed as iodide influx incubated for 24 hrs,B,EC50,=,4600.0,nM,5.34,,2012,F508del,corrector
CHEMBL2386374,CC(C)N.Cn1c(=O)c2c(-c3ccccc3)n3c(c2n(C)c1=O)[C@H](c1ccc(Br)o1)Oc1ccc(C(=O)O)cc1-3,CHEMBL4051,CHEMBL2384965,Cystic fibrosis transmembrane conductance regulator,CHEMBL2389886,Inhibition of wild type human CFTR chloride conductance expressed in forskolin-stimulated rat FRT cells by short-circuit current analysis in presence of transepithelial chloride gradient,B,IC50,=,4.0,nM,8.40,,2013,wild type,unspecified
CHEMBL3298812,C=CCn1cnc2c1N=CN1C2=N[C@](C)(C(=O)O)[C@@H](O)[C@@]1(C)O,CHEMBL4051,CHEMBL3297677,Cystic fibrosis transmembrane conductance regulator,CHEMBL3300400,Activation of wild-type CFTR (unknown origin) expressed in forskolin-stimulated CHO cells assessed as increase in iodide efflux by gamma counting,B,EC50,=,7500.0,nM,5.12,,2014,wild-type,activator
CHEMBL3298813,C=CCn1cnc2c1N=CN1C2=N[C@](C)(C(=O)O)[C@H](O)[C@]1(C)O,CHEMBL4051,CHEMBL3297677,Cystic fibrosis transmembrane conductance regulator,CHEMBL3300400,Activation of wild-type CFTR (unknown origin) expressed in forskolin-stimulated CHO cells assessed as increase in iodide efflux by gamma counting,B,EC50,=,2100.0,nM,5.68,,2014,wild-type,activator
CHEMBL3298812,C=CCn1cnc2c1N=CN1C2=N[C@](C)(C(=O)O)[C@@H](O)[C@@]1(C)O,CHEMBL4051,CHEMBL3297677,Cystic fibrosis transmembrane conductance regulator,CHEMBL3300405,Activation of CFTR F508 deletion mutant in forskolin-stimulated and miglustat-corrected human C15 cells assessed as increase in iodide efflux by gamma counting,B,EC50,=,104000.0,nM,,,2014,unspecified,activator
CHEMBL262627,COc1ccc(Cl)cc1Nc1nc(-c2sc(NC(=O)C(C)(C)C)nc2C)cs1,CHEMBL4051,CHEMBL3352347,Cystic fibrosis transmembrane conductance regulator,CHEMBL3383566,Activity of human CFTR F508 deletion mutant expressed in FRT cells assessed as potentiation of genistein-induced iodine ion influx after 24 hrs by YFP-H148Q/I152L fluorescent quenching assay,B,EC50,=,870.0,nM,6.06,,2014,unspecified,potentiator
CHEMBL521671,COc1ccc(Cl)cc1Nc1nc(C)c(-c2csc(NC(=O)C(C)(C)C)n2)s1,CHEMBL4051,CHEMBL3352347,Cystic fibrosis transmembrane conductance regulator,CHEMBL3383566,Activity of human CFTR F508 deletion mutant expressed in FRT cells assessed as potentiation of genistein-induced iodine ion influx after 24 hrs by YFP-H148Q/I152L fluorescent quenching assay,B,EC50,,,,,,2014,unspecified,potentiator
CHEMBL3358690,COc1ccc(Cl)cc1-n1cc(-c2sc(NC(=O)C(C)(C)C)nc2C)[nH]c1=O,CHEMBL4051,CHEMBL3352347,Cystic fibrosis transmembrane conductance regulator,CHEMBL3383566,Activity of human CFTR F508 deletion mutant expressed in FRT cells assessed as potentiation of genistein-induced iodine ion influx after 24 hrs by YFP-H148Q/I152L fluorescent quenching assay,B,EC50,,,,,,2014,unspecified,potentiator
CHEMBL3358691,COc1ccc(Cl)cc1Nc1ncc(-c2sc(NC(=O)C(C)(C)C)nc2C)o1,CHEMBL4051,CHEMBL3352347,Cystic fibrosis transmembrane conductance regulator,CHEMBL3383566,Activity of human CFTR F508 deletion mutant expressed in FRT cells assessed as potentiation of genistein-induced iodine ion influx after 24 hrs by YFP-H148Q/I152L fluorescent quenching assay,B,EC50,=,740.0,nM,6.13,,2014,unspecified,potentiator
CHEMBL3358692,COc1ccc(Cl)cc1Nc1nnc(-c2csc(NC(=O)C(C)(C)C)n2)o1,CHEMBL4051,CHEMBL3352347,Cystic fibrosis transmembrane conductance regulator,CHEMBL3383566,Activity of human CFTR F508 deletion mutant expressed in FRT cells assessed as potentiation of genistein-induced iodine ion influx after 24 hrs by YFP-H148Q/I152L fluorescent quenching assay,B,EC50,=,660.0,nM,6.18,,2014,unspecified,potentiator
CHEMBL3358693,COc1ccc(Cl)cc1Nc1nnc(-c2csc(NC(=O)C(C)(C)C)n2)s1,CHEMBL4051,CHEMBL3352347,Cystic fibrosis transmembrane conductance regulator,CHEMBL3383566,Activity of human CFTR F508 deletion mutant expressed in FRT cells assessed as potentiation of genistein-induced iodine ion influx after 24 hrs by YFP-H148Q/I152L fluorescent quenching assay,B,EC50,,,,,,2014,unspecified,potentiator
CHEMBL3358694,COc1ccc(Cl)cc1Nc1nc(-c2nnc(NC(=O)C(C)(C)C)o2)cs1,CHEMBL4051,CHEMBL3352347,Cystic fibrosis transmembrane conductance regulator,CHEMBL3383566,Activity of human CFTR F508 deletion mutant expressed in FRT cells assessed as potentiation of genistein-induced iodine ion influx after 24 hrs by YFP-H148Q/I152L fluorescent quenching assay,B,EC50,=,590.0,nM,6.23,,2014,unspecified,potentiator
CHEMBL3323398,COc1ccc(Cl)cc1Nc1nc2c(s1)CCCc1nc(N)sc1-2,CHEMBL4051,CHEMBL3352726,Cystic fibrosis transmembrane conductance regulator,CHEMBL3368026,Correction of defective trafficking of human deltaF508 mutant CFTR protein expressed in FRT epithelial cells coexpressing YFP-H148Q/I152L protein assessed as iodide influx for 16 to 20 hrs by fluorescence assay,B,IC50,=,11000.0,nM,4.96,,2014,F508del,corrector
CHEMBL495336,COc1ccc(Cl)cc1Nc1nc2c(s1)CCCc1nc(NC(=O)C(C)(C)C)sc1-2,CHEMBL4051,CHEMBL3352726,Cystic fibrosis transmembrane conductance regulator,CHEMBL3368026,Correction of defective trafficking of human deltaF508 mutant CFTR protein expressed in FRT epithelial cells coexpressing YFP-H148Q/I152L protein assessed as iodide influx for 16 to 20 hrs by fluorescence assay,B,IC50,=,2300.0,nM,5.64,,2014,F508del,corrector
CHEMBL3323399,COc1ccc(Cl)cc1Nc1nc2c(s1)CCCc1nc(NC(=O)C3CC3)sc1-2,CHEMBL4051,CHEMBL3352726,Cystic fibrosis transmembrane conductance regulator,CHEMBL3368026,Correction of defective trafficking of human deltaF508 mutant CFTR protein expressed in FRT epithelial cells coexpressing YFP-H148Q/I152L protein assessed as iodide influx for 16 to 20 hrs by fluorescence assay,B,IC50,=,8900.0,nM,5.05,,2014,F508del,corrector
CHEMBL3323400,COc1ccc(Cl)cc1Nc1nc2c(s1)CCCc1nc(NC(=O)C(C)C)sc1-2,CHEMBL4051,CHEMBL3352726,Cystic fibrosis transmembrane conductance regulator,CHEMBL3368026,Correction of defective trafficking of human deltaF508 mutant CFTR protein expressed in FRT epithelial cells coexpressing YFP-H148Q/I152L protein assessed as iodide influx for 16 to 20 hrs by fluorescence assay,B,IC50,=,5800.0,nM,5.24,,2014,F508del,corrector
CHEMBL3323401,CCC(C)C(=O)Nc1nc2c(s1)-c1nc(Nc3cc(Cl)ccc3OC)sc1CCC2,CHEMBL4051,CHEMBL3352726,Cystic fibrosis transmembrane conductance regulator,CHEMBL3368026,Correction of defective trafficking of human deltaF508 mutant CFTR protein expressed in FRT epithelial cells coexpressing YFP-H148Q/I152L protein assessed as iodide influx for 16 to 20 hrs by fluorescence assay,B,IC50,=,6600.0,nM,5.18,,2014,F508del,corrector
CHEMBL3323402,COC(=O)CCC(=O)Nc1nc2c(s1)-c1nc(Nc3cc(Cl)ccc3OC)sc1CCC2,CHEMBL4051,CHEMBL3352726,Cystic fibrosis transmembrane conductance regulator,CHEMBL3368026,Correction of defective trafficking of human deltaF508 mutant CFTR protein expressed in FRT epithelial cells coexpressing YFP-H148Q/I152L protein assessed as iodide influx for 16 to 20 hrs by fluorescence assay,B,IC50,=,8800.0,nM,5.06,,2014,F508del,corrector
CHEMBL3323403,COc1ccc(Cl)cc1Nc1nc2c(s1)CCCc1nc(NC(=O)c3ccno3)sc1-2,CHEMBL4051,CHEMBL3352726,Cystic fibrosis transmembrane conductance regulator,CHEMBL3368026,Correction of defective trafficking of human deltaF508 mutant CFTR protein expressed in FRT epithelial cells coexpressing YFP-H148Q/I152L protein assessed as iodide influx for 16 to 20 hrs by fluorescence assay,B,IC50,=,4800.0,nM,5.32,,2014,F508del,corrector
CHEMBL3323404,COc1ccc(Cl)cc1Nc1nc2c(s1)CCCCc1nc(N)sc1-2,CHEMBL4051,CHEMBL3352726,Cystic fibrosis transmembrane conductance regulator,CHEMBL3368026,Correction of defective trafficking of human deltaF508 mutant CFTR protein expressed in FRT epithelial cells coexpressing YFP-H148Q/I152L protein assessed as iodide influx for 16 to 20 hrs by fluorescence assay,B,IC50,=,9200.0,nM,5.04,,2014,F508del,corrector
CHEMBL3323405,COc1ccc(Cl)cc1Nc1nc2c(s1)CCCCc1nc(NC(=O)C(C)(C)C)sc1-2,CHEMBL4051,CHEMBL3352726,Cystic fibrosis transmembrane conductance regulator,CHEMBL3368026,Correction of defective trafficking of human deltaF508 mutant CFTR protein expressed in FRT epithelial cells coexpressing YFP-H148Q/I152L protein assessed as iodide influx for 16 to 20 hrs by fluorescence assay,B,IC50,=,4100.0,nM,5.39,,2014,F508del,corrector
CHEMBL3323406,COc1ccc(Cl)cc1Nc1nc2c(s1)CCCCc1nc(NC(=O)C3CC3)sc1-2,CHEMBL4051,CHEMBL3352726,Cystic fibrosis transmembrane conductance regulator,CHEMBL3368026,Correction of defective trafficking of human deltaF508 mutant CFTR protein expressed in FRT epithelial cells coexpressing YFP-H148Q/I152L protein assessed as iodide influx for 16 to 20 hrs by fluorescence assay,B,IC50,=,4500.0,nM,5.35,,2014,F508del,corrector
CHEMBL3323407,COc1ccc(Cl)cc1Nc1nc2c(s1)CCCCc1nc(NC(=O)C(C)C)sc1-2,CHEMBL4051,CHEMBL3352726,Cystic fibrosis transmembrane conductance regulator,CHEMBL3368026,Correction of defective trafficking of human deltaF508 mutant CFTR protein expressed in FRT epithelial cells coexpressing YFP-H148Q/I152L protein assessed as iodide influx for 16 to 20 hrs by fluorescence assay,B,IC50,=,8700.0,nM,5.06,,2014,F508del,corrector
CHEMBL3323408,CCC(C)C(=O)Nc1nc2c(s1)-c1nc(Nc3cc(Cl)ccc3OC)sc1CCCC2,CHEMBL4051,CHEMBL3352726,Cystic fibrosis transmembrane conductance regulator,CHEMBL3368026,Correction of defective trafficking of human deltaF508 mutant CFTR protein expressed in FRT epithelial cells coexpressing YFP-H148Q/I152L protein assessed as iodide influx for 16 to 20 hrs by fluorescence assay,B,IC50,=,2900.0,nM,5.54,,2014,F508del,corrector
CHEMBL3323409,COC(=O)CCC(=O)Nc1nc2c(s1)-c1nc(Nc3cc(Cl)ccc3OC)sc1CCCC2,CHEMBL4051,CHEMBL3352726,Cystic fibrosis transmembrane conductance regulator,CHEMBL3368026,Correction of defective trafficking of human deltaF508 mutant CFTR protein expressed in FRT epithelial cells coexpressing YFP-H148Q/I152L protein assessed as iodide influx for 16 to 20 hrs by fluorescence assay,B,IC50,=,8300.0,nM,5.08,,2014,F508del,corrector
CHEMBL3323410,COc1ccc(Cl)cc1Nc1nc2c(s1)CCCCc1nc(NC(=O)c3ccno3)sc1-2,CHEMBL4051,CHEMBL3352726,Cystic fibrosis transmembrane conductance regulator,CHEMBL3368026,Correction of defective trafficking of human deltaF508 mutant CFTR protein expressed in FRT epithelial cells coexpressing YFP-H148Q/I152L protein assessed as iodide influx for 16 to 20 hrs by fluorescence assay,B,IC50,=,6600.0,nM,5.18,,2014,F508del,corrector
CHEMBL3323411,CN(C)c1ccc(Cl)cc1Nc1nc2c(s1)CCCc1nc(NC(=O)C(C)(C)C)sc1-2,CHEMBL4051,CHEMBL3352726,Cystic fibrosis transmembrane conductance regulator,CHEMBL3368026,Correction of defective trafficking of human deltaF508 mutant CFTR protein expressed in FRT epithelial cells coexpressing YFP-H148Q/I152L protein assessed as iodide influx for 16 to 20 hrs by fluorescence assay,B,IC50,=,6900.0,nM,5.16,,2014,F508del,corrector
CHEMBL3323412,Cc1cccnc1Nc1nc2c(s1)CCCc1nc(NC(=O)C(C)(C)C)sc1-2,CHEMBL4051,CHEMBL3352726,Cystic fibrosis transmembrane conductance regulator,CHEMBL3368026,Correction of defective trafficking of human deltaF508 mutant CFTR protein expressed in FRT epithelial cells coexpressing YFP-H148Q/I152L protein assessed as iodide influx for 16 to 20 hrs by fluorescence assay,B,IC50,=,7200.0,nM,5.14,,2014,F508del,corrector
CHEMBL3323413,CN(C)c1cccc(Nc2nc3c(s2)CCCc2nc(NC(=O)C(C)(C)C)sc2-3)c1,CHEMBL4051,CHEMBL3352726,Cystic fibrosis transmembrane conductance regulator,CHEMBL3368026,Correction of defective trafficking of human deltaF508 mutant CFTR protein expressed in FRT epithelial cells coexpressing YFP-H148Q/I152L protein assessed as iodide influx for 16 to 20 hrs by fluorescence assay,B,IC50,=,2200.0,nM,5.66,,2014,F508del,corrector
CHEMBL3323414,COc1ccc([N+](=O)[O-])cc1Nc1nc2c(s1)CCCc1nc(NC(=O)C(C)(C)C)sc1-2,CHEMBL4051,CHEMBL3352726,Cystic fibrosis transmembrane conductance regulator,CHEMBL3368026,Correction of defective trafficking of human deltaF508 mutant CFTR protein expressed in FRT epithelial cells coexpressing YFP-H148Q/I152L protein assessed as iodide influx for 16 to 20 hrs by fluorescence assay,B,IC50,=,3600.0,nM,5.44,,2014,F508del,corrector
CHEMBL3323415,CN(C)c1ccc(Cl)cc1Nc1nc2c(s1)CCCCc1nc(NC(=O)C(C)(C)C)sc1-2,CHEMBL4051,CHEMBL3352726,Cystic fibrosis transmembrane conductance regulator,CHEMBL3368026,Correction of defective trafficking of human deltaF508 mutant CFTR protein expressed in FRT epithelial cells coexpressing YFP-H148Q/I152L protein assessed as iodide influx for 16 to 20 hrs by fluorescence assay,B,IC50,=,2100.0,nM,5.68,,2014,F508del,corrector
CHEMBL3323416,Cc1cccnc1Nc1nc2c(s1)CCCCc1nc(NC(=O)C(C)(C)C)sc1-2,CHEMBL4051,CHEMBL3352726,Cystic fibrosis transmembrane conductance regulator,CHEMBL3368026,Correction of defective trafficking of human deltaF508 mutant CFTR protein expressed in FRT epithelial cells coexpressing YFP-H148Q/I152L protein assessed as iodide influx for 16 to 20 hrs by fluorescence assay,B,IC50,=,5200.0,nM,5.28,,2014,F508del,corrector
CHEMBL3323417,CN(C)c1cccc(Nc2nc3c(s2)CCCCc2nc(NC(=O)C(C)(C)C)sc2-3)c1,CHEMBL4051,CHEMBL3352726,Cystic fibrosis transmembrane conductance regulator,CHEMBL3368026,Correction of defective trafficking of human deltaF508 mutant CFTR protein expressed in FRT epithelial cells coexpressing YFP-H148Q/I152L protein assessed as iodide influx for 16 to 20 hrs by fluorescence assay,B,IC50,=,5200.0,nM,5.28,,2014,F508del,corrector
CHEMBL3323418,COc1ccc([N+](=O)[O-])cc1Nc1nc2c(s1)CCCCc1nc(NC(=O)C(C)(C)C)sc1-2,CHEMBL4051,CHEMBL3352726,Cystic fibrosis transmembrane conductance regulator,CHEMBL3368026,Correction of defective trafficking of human deltaF508 mutant CFTR protein expressed in FRT epithelial cells coexpressing YFP-H148Q/I152L protein assessed as iodide influx for 16 to 20 hrs by fluorescence assay,B,IC50,=,900.0,nM,6.05,,2014,F508del,corrector
CHEMBL260775,COc1ccc(Cl)cc1Nc1nc(-c2sc(NC(=O)c3ccccc3)nc2C)cs1,CHEMBL4051,CHEMBL3352726,Cystic fibrosis transmembrane conductance regulator,CHEMBL3368026,Correction of defective trafficking of human deltaF508 mutant CFTR protein expressed in FRT epithelial cells coexpressing YFP-H148Q/I152L protein assessed as iodide influx for 16 to 20 hrs by fluorescence assay,B,IC50,=,6000.0,nM,5.22,,2014,F508del,corrector
CHEMBL28,O=c1cc(-c2ccc(O)cc2)oc2cc(O)cc(O)c12,CHEMBL4051,CHEMBL3351502,Cystic fibrosis transmembrane conductance regulator,CHEMBL3367481,Inhibition of forskolin-stimulated CFTR (unknown origin),B,Ki,=,81000.0,nM,4.09,,2014,unspecified,unspecified
CHEMBL28,O=c1cc(-c2ccc(O)cc2)oc2cc(O)cc(O)c12,CHEMBL4051,CHEMBL3351502,Cystic fibrosis transmembrane conductance regulator,CHEMBL3367480,Stimulation of CFTR (unknown origin),B,EC50,=,9000.0,nM,5.05,,2014,unspecified,unspecified
CHEMBL3356646,CC(C)(C)c1c[nH]c2cc(NC(=O)c3c[nH]c4ccccc4c3=O)ccc12,CHEMBL4051,CHEMBL3352164,Cystic fibrosis transmembrane conductance regulator,CHEMBL3385212,Potentiation of human CFTR F508del/G551D mutant in human bronchial epithelial cells by Ussing chambers recording technique,B,EC50,=,42.0,nM,7.38,,2014,F508del,potentiator
CHEMBL3357126,CC(C)(C)c1cc2cc[nH]c2cc1NC(=O)c1c[nH]c2ccccc2c1=O,CHEMBL4051,CHEMBL3352164,Cystic fibrosis transmembrane conductance regulator,CHEMBL3385212,Potentiation of human CFTR F508del/G551D mutant in human bronchial epithelial cells by Ussing chambers recording technique,B,EC50,=,97.0,nM,7.01,,2014,F508del,potentiator
CHEMBL3357141,CC(C)(C)c1ccc(NC(=O)c2c[nH]c3ccccc3c2=O)cc1O,CHEMBL4051,CHEMBL3352164,Cystic fibrosis transmembrane conductance regulator,CHEMBL3385212,Potentiation of human CFTR F508del/G551D mutant in human bronchial epithelial cells by Ussing chambers recording technique,B,EC50,=,5.0,nM,8.30,,2014,F508del,potentiator
CHEMBL3357142,CC(C)(C)c1cc(F)c(NC(=O)c2c[nH]c3ccccc3c2=O)cc1O,CHEMBL4051,CHEMBL3352164,Cystic fibrosis transmembrane conductance regulator,CHEMBL3385212,Potentiation of human CFTR F508del/G551D mutant in human bronchial epithelial cells by Ussing chambers recording technique,B,EC50,=,45.0,nM,7.35,,2014,F508del,potentiator
CHEMBL3357143,CC(C)(C)c1cc(C(F)(F)F)c(NC(=O)c2c[nH]c3ccccc3c2=O)cc1O,CHEMBL4051,CHEMBL3352164,Cystic fibrosis transmembrane conductance regulator,CHEMBL3385212,Potentiation of human CFTR F508del/G551D mutant in human bronchial epithelial cells by Ussing chambers recording technique,B,EC50,=,22.0,nM,7.66,,2014,F508del,potentiator
CHEMBL2010601,CC(C)(C)c1cc(C(C)(C)C)c(NC(=O)c2c[nH]c3ccccc3c2=O)cc1O,CHEMBL4051,CHEMBL3352164,Cystic fibrosis transmembrane conductance regulator,CHEMBL3385212,Potentiation of human CFTR F508del/G551D mutant in human bronchial epithelial cells by Ussing chambers recording technique,B,EC50,=,22.0,nM,7.66,,2014,F508del,potentiator
CHEMBL2010601,CC(C)(C)c1cc(C(C)(C)C)c(NC(=O)c2c[nH]c3ccccc3c2=O)cc1O,CHEMBL4051,CHEMBL3352164,Cystic fibrosis transmembrane conductance regulator,CHEMBL3382095,Potentiation of human CFTR F508del mutant expressed in mouse NIH-3T3 cells after 30 mins by fluorescent voltage sensing optical assay,B,EC50,=,3.0,nM,8.52,,2014,F508del,potentiator
CHEMBL3357143,CC(C)(C)c1cc(C(F)(F)F)c(NC(=O)c2c[nH]c3ccccc3c2=O)cc1O,CHEMBL4051,CHEMBL3352164,Cystic fibrosis transmembrane conductance regulator,CHEMBL3382095,Potentiation of human CFTR F508del mutant expressed in mouse NIH-3T3 cells after 30 mins by fluorescent voltage sensing optical assay,B,EC50,=,3.0,nM,8.52,,2014,F508del,potentiator
CHEMBL3357142,CC(C)(C)c1cc(F)c(NC(=O)c2c[nH]c3ccccc3c2=O)cc1O,CHEMBL4051,CHEMBL3352164,Cystic fibrosis transmembrane conductance regulator,CHEMBL3382095,Potentiation of human CFTR F508del mutant expressed in mouse NIH-3T3 cells after 30 mins by fluorescent voltage sensing optical assay,B,EC50,=,2.0,nM,8.70,,2014,F508del,potentiator
CHEMBL3357141,CC(C)(C)c1ccc(NC(=O)c2c[nH]c3ccccc3c2=O)cc1O,CHEMBL4051,CHEMBL3352164,Cystic fibrosis transmembrane conductance regulator,CHEMBL3382095,Potentiation of human CFTR F508del mutant expressed in mouse NIH-3T3 cells after 30 mins by fluorescent voltage sensing optical assay,B,EC50,=,3.0,nM,8.52,,2014,F508del,potentiator
CHEMBL3357140,CC(C)(C)c1ccc(NC(=O)c2c[nH]c3ccccc3c2=O)cc1F,CHEMBL4051,CHEMBL3352164,Cystic fibrosis transmembrane conductance regulator,CHEMBL3382095,Potentiation of human CFTR F508del mutant expressed in mouse NIH-3T3 cells after 30 mins by fluorescent voltage sensing optical assay,B,EC50,=,100.0,nM,7.00,,2014,F508del,potentiator
CHEMBL3357139,CC(C)(C)c1ccc(NC(=O)c2c[nH]c3ccccc3c2=O)cc1,CHEMBL4051,CHEMBL3352164,Cystic fibrosis transmembrane conductance regulator,CHEMBL3382095,Potentiation of human CFTR F508del mutant expressed in mouse NIH-3T3 cells after 30 mins by fluorescent voltage sensing optical assay,B,EC50,=,100.0,nM,7.00,,2014,F508del,potentiator
CHEMBL3357138,CC(C)(C)c1ccc(NC(=O)c2c[nH]c3ccccc3c2=O)cc1S(N)(=O)=O,CHEMBL4051,CHEMBL3352164,Cystic fibrosis transmembrane conductance regulator,CHEMBL3382095,Potentiation of human CFTR F508del mutant expressed in mouse NIH-3T3 cells after 30 mins by fluorescent voltage sensing optical assay,B,EC50,=,5100.0,nM,5.29,,2014,F508del,potentiator
CHEMBL3357136,CC(C)(C)c1ccc(NC(=O)c2c[nH]c3ccccc3c2=O)cc1CO,CHEMBL4051,CHEMBL3352164,Cystic fibrosis transmembrane conductance regulator,CHEMBL3382095,Potentiation of human CFTR F508del mutant expressed in mouse NIH-3T3 cells after 30 mins by fluorescent voltage sensing optical assay,B,EC50,=,100.0,nM,7.00,,2014,F508del,potentiator
CHEMBL3357134,COC(=O)Nc1cc(NC(=O)c2c[nH]c3ccccc3c2=O)ccc1C(C)(C)C,CHEMBL4051,CHEMBL3352164,Cystic fibrosis transmembrane conductance regulator,CHEMBL3382095,Potentiation of human CFTR F508del mutant expressed in mouse NIH-3T3 cells after 30 mins by fluorescent voltage sensing optical assay,B,EC50,=,3500.0,nM,5.46,,2014,F508del,potentiator
CHEMBL3357132,CC(C)(C)c1ccc(NC(=O)c2c[nH]c3ccccc3c2=O)cc1N,CHEMBL4051,CHEMBL3352164,Cystic fibrosis transmembrane conductance regulator,CHEMBL3382095,Potentiation of human CFTR F508del mutant expressed in mouse NIH-3T3 cells after 30 mins by fluorescent voltage sensing optical assay,B,EC50,=,100.0,nM,7.00,,2014,F508del,potentiator
CHEMBL3357131,CCCc1ccc(NC(=O)c2c[nH]c3ccccc3c2=O)cc1N,CHEMBL4051,CHEMBL3352164,Cystic fibrosis transmembrane conductance regulator,CHEMBL3382095,Potentiation of human CFTR F508del mutant expressed in mouse NIH-3T3 cells after 30 mins by fluorescent voltage sensing optical assay,B,EC50,=,400.0,nM,6.40,,2014,F508del,potentiator
CHEMBL3357130,CC(C)c1ccc(NC(=O)c2c[nH]c3ccccc3c2=O)cc1N,CHEMBL4051,CHEMBL3352164,Cystic fibrosis transmembrane conductance regulator,CHEMBL3382095,Potentiation of human CFTR F508del mutant expressed in mouse NIH-3T3 cells after 30 mins by fluorescent voltage sensing optical assay,B,EC50,=,300.0,nM,6.52,,2014,F508del,potentiator
CHEMBL3357129,CCc1ccc(NC(=O)c2c[nH]c3ccccc3c2=O)cc1N,CHEMBL4051,CHEMBL3352164,Cystic fibrosis transmembrane conductance regulator,CHEMBL3382095,Potentiation of human CFTR F508del mutant expressed in mouse NIH-3T3 cells after 30 mins by fluorescent voltage sensing optical assay,B,EC50,=,1700.0,nM,5.77,,2014,F508del,potentiator
CHEMBL3357128,Cc1ccc(NC(=O)c2c[nH]c3ccccc3c2=O)cc1N,CHEMBL4051,CHEMBL3352164,Cystic fibrosis transmembrane conductance regulator,CHEMBL3382095,Potentiation of human CFTR F508del mutant expressed in mouse NIH-3T3 cells after 30 mins by fluorescent voltage sensing optical assay,B,EC50,=,6000.0,nM,5.22,,2014,F508del,potentiator
CHEMBL3357127,Nc1cccc(NC(=O)c2c[nH]c3ccccc3c2=O)c1,CHEMBL4051,CHEMBL3352164,Cystic fibrosis transmembrane conductance regulator,CHEMBL3382095,Potentiation of human CFTR F508del mutant expressed in mouse NIH-3T3 cells after 30 mins by fluorescent voltage sensing optical assay,B,EC50,=,6900.0,nM,5.16,,2014,F508del,potentiator
CHEMBL3357126,CC(C)(C)c1cc2cc[nH]c2cc1NC(=O)c1c[nH]c2ccccc2c1=O,CHEMBL4051,CHEMBL3352164,Cystic fibrosis transmembrane conductance regulator,CHEMBL3382095,Potentiation of human CFTR F508del mutant expressed in mouse NIH-3T3 cells after 30 mins by fluorescent voltage sensing optical assay,B,EC50,=,11.0,nM,7.96,,2014,F508del,potentiator
CHEMBL3357125,CCc1cc2cc[nH]c2cc1NC(=O)c1c[nH]c2ccccc2c1=O,CHEMBL4051,CHEMBL3352164,Cystic fibrosis transmembrane conductance regulator,CHEMBL3382095,Potentiation of human CFTR F508del mutant expressed in mouse NIH-3T3 cells after 30 mins by fluorescent voltage sensing optical assay,B,EC50,=,20.0,nM,7.70,,2014,F508del,potentiator
CHEMBL3356646,CC(C)(C)c1c[nH]c2cc(NC(=O)c3c[nH]c4ccccc4c3=O)ccc12,CHEMBL4051,CHEMBL3352164,Cystic fibrosis transmembrane conductance regulator,CHEMBL3382095,Potentiation of human CFTR F508del mutant expressed in mouse NIH-3T3 cells after 30 mins by fluorescent voltage sensing optical assay,B,EC50,=,9.0,nM,8.05,,2014,F508del,potentiator
CHEMBL3356645,CCc1c[nH]c2cc(NC(=O)c3c[nH]c4ccccc4c3=O)ccc12,CHEMBL4051,CHEMBL3352164,Cystic fibrosis transmembrane conductance regulator,CHEMBL3382095,Potentiation of human CFTR F508del mutant expressed in mouse NIH-3T3 cells after 30 mins by fluorescent voltage sensing optical assay,B,EC50,=,100.0,nM,7.00,,2014,F508del,potentiator
CHEMBL3356638,O=C(Nc1ccc2cn[nH]c2c1)c1c[nH]c2ccccc2c1=O,CHEMBL4051,CHEMBL3352164,Cystic fibrosis transmembrane conductance regulator,CHEMBL3382095,Potentiation of human CFTR F508del mutant expressed in mouse NIH-3T3 cells after 30 mins by fluorescent voltage sensing optical assay,B,EC50,=,5600.0,nM,5.25,,2014,F508del,potentiator
CHEMBL3356636,Cn1ccc2ccc(NC(=O)c3c[nH]c4ccccc4c3=O)cc21,CHEMBL4051,CHEMBL3352164,Cystic fibrosis transmembrane conductance regulator,CHEMBL3382095,Potentiation of human CFTR F508del mutant expressed in mouse NIH-3T3 cells after 30 mins by fluorescent voltage sensing optical assay,B,EC50,=,6400.0,nM,5.19,,2014,F508del,potentiator
CHEMBL3356635,O=C(Nc1ccc2c(c1)NCC2)c1c[nH]c2ccccc2c1=O,CHEMBL4051,CHEMBL3352164,Cystic fibrosis transmembrane conductance regulator,CHEMBL3382095,Potentiation of human CFTR F508del mutant expressed in mouse NIH-3T3 cells after 30 mins by fluorescent voltage sensing optical assay,B,EC50,=,400.0,nM,6.40,,2014,F508del,potentiator
CHEMBL3354673,O=C(Nc1ccc2cc[nH]c2c1)c1c[nH]c2ccccc2c1=O,CHEMBL4051,CHEMBL3352164,Cystic fibrosis transmembrane conductance regulator,CHEMBL3382095,Potentiation of human CFTR F508del mutant expressed in mouse NIH-3T3 cells after 30 mins by fluorescent voltage sensing optical assay,B,EC50,=,100.0,nM,7.00,,2014,F508del,potentiator
CHEMBL3356634,O=C(Nc1ccc2[nH]ccc2c1)c1c[nH]c2ccccc2c1=O,CHEMBL4051,CHEMBL3352164,Cystic fibrosis transmembrane conductance regulator,CHEMBL3382095,Potentiation of human CFTR F508del mutant expressed in mouse NIH-3T3 cells after 30 mins by fluorescent voltage sensing optical assay,B,EC50,=,6100.0,nM,5.21,,2014,F508del,potentiator
CHEMBL3356633,O=C(Nc1ccc2ccccc2c1)c1c[nH]c2ccccc2c1=O,CHEMBL4051,CHEMBL3352164,Cystic fibrosis transmembrane conductance regulator,CHEMBL3382095,Potentiation of human CFTR F508del mutant expressed in mouse NIH-3T3 cells after 30 mins by fluorescent voltage sensing optical assay,B,EC50,=,800.0,nM,6.10,,2014,F508del,potentiator
CHEMBL3356632,CC(C)c1ccc(NC(=O)c2c[nH]c3ccccc3c2=O)cc1,CHEMBL4051,CHEMBL3352164,Cystic fibrosis transmembrane conductance regulator,CHEMBL3382095,Potentiation of human CFTR F508del mutant expressed in mouse NIH-3T3 cells after 30 mins by fluorescent voltage sensing optical assay,B,EC50,=,200.0,nM,6.70,,2014,F508del,potentiator
CHEMBL3356631,CCc1ccc(NC(=O)c2c[nH]c3ccccc3c2=O)cc1,CHEMBL4051,CHEMBL3352164,Cystic fibrosis transmembrane conductance regulator,CHEMBL3382095,Potentiation of human CFTR F508del mutant expressed in mouse NIH-3T3 cells after 30 mins by fluorescent voltage sensing optical assay,B,EC50,=,800.0,nM,6.10,,2014,F508del,potentiator
CHEMBL3356630,CC(C)c1ccccc1NC(=O)c1c[nH]c2ccccc2c1=O,CHEMBL4051,CHEMBL3352164,Cystic fibrosis transmembrane conductance regulator,CHEMBL3382095,Potentiation of human CFTR F508del mutant expressed in mouse NIH-3T3 cells after 30 mins by fluorescent voltage sensing optical assay,B,EC50,=,200.0,nM,6.70,,2014,F508del,potentiator
CHEMBL3356629,CCc1cccc(CC)c1NC(=O)c1c[nH]c2ccccc2c1=O,CHEMBL4051,CHEMBL3352164,Cystic fibrosis transmembrane conductance regulator,CHEMBL3382095,Potentiation of human CFTR F508del mutant expressed in mouse NIH-3T3 cells after 30 mins by fluorescent voltage sensing optical assay,B,EC50,=,1500.0,nM,5.82,,2014,F508del,potentiator
CHEMBL3356628,N#CCc1ccccc1NC(=O)c1c[nH]c2ccccc2c1=O,CHEMBL4051,CHEMBL3352164,Cystic fibrosis transmembrane conductance regulator,CHEMBL3382095,Potentiation of human CFTR F508del mutant expressed in mouse NIH-3T3 cells after 30 mins by fluorescent voltage sensing optical assay,B,EC50,=,8500.0,nM,5.07,,2014,F508del,potentiator
CHEMBL3356627,CCc1ccccc1NC(=O)c1c[nH]c2ccccc2c1=O,CHEMBL4051,CHEMBL3352164,Cystic fibrosis transmembrane conductance regulator,CHEMBL3382095,Potentiation of human CFTR F508del mutant expressed in mouse NIH-3T3 cells after 30 mins by fluorescent voltage sensing optical assay,B,EC50,=,200.0,nM,6.70,,2014,F508del,potentiator
CHEMBL3356626,O=C(Nc1ccccc1)c1c[nH]c2ccccc2c1=O,CHEMBL4051,CHEMBL3352164,Cystic fibrosis transmembrane conductance regulator,CHEMBL3382095,Potentiation of human CFTR F508del mutant expressed in mouse NIH-3T3 cells after 30 mins by fluorescent voltage sensing optical assay,B,EC50,=,1300.0,nM,5.89,,2014,F508del,potentiator
CHEMBL3356625,O=C(c1ccc2ccccc2c1O)N(Cc1ccccc1)Cc1ccccc1,CHEMBL4051,CHEMBL3352164,Cystic fibrosis transmembrane conductance regulator,CHEMBL3382095,Potentiation of human CFTR F508del mutant expressed in mouse NIH-3T3 cells after 30 mins by fluorescent voltage sensing optical assay,B,EC50,=,3500.0,nM,5.46,,2014,F508del,potentiator
CHEMBL3356621,O=C(c1cnc2ccccc2c1)N(Cc1ccccc1)Cc1ccccc1,CHEMBL4051,CHEMBL3352164,Cystic fibrosis transmembrane conductance regulator,CHEMBL3382095,Potentiation of human CFTR F508del mutant expressed in mouse NIH-3T3 cells after 30 mins by fluorescent voltage sensing optical assay,B,EC50,=,16000.0,nM,4.80,,2014,F508del,potentiator
CHEMBL3354672,O=C(c1c[nH]c2ccccc2c1=O)N(Cc1ccccc1)Cc1ccccc1,CHEMBL4051,CHEMBL3352164,Cystic fibrosis transmembrane conductance regulator,CHEMBL3382095,Potentiation of human CFTR F508del mutant expressed in mouse NIH-3T3 cells after 30 mins by fluorescent voltage sensing optical assay,B,EC50,=,2100.0,nM,5.68,,2014,F508del,potentiator
CHEMBL2010601,CC(C)(C)c1cc(C(C)(C)C)c(NC(=O)c2c[nH]c3ccccc3c2=O)cc1O,CHEMBL4051,CHEMBL3352164,Cystic fibrosis transmembrane conductance regulator,CHEMBL3385211,Potentiation of human CFTR F508del mutant in human bronchial epithelial cells by Ussing chambers recording technique,B,EC50,=,236.0,nM,6.63,,2014,F508del,potentiator
CHEMBL3354672,O=C(c1c[nH]c2ccccc2c1=O)N(Cc1ccccc1)Cc1ccccc1,CHEMBL4051,CHEMBL3352116,Cystic fibrosis transmembrane conductance regulator,CHEMBL3378876,Corrector activity at CFTR mutant (unknown origin) by phenotypic screening assay,B,EC50,=,2100.0,nM,5.68,,2014,unspecified,corrector
CHEMBL3354673,O=C(Nc1ccc2cc[nH]c2c1)c1c[nH]c2ccccc2c1=O,CHEMBL4051,CHEMBL3352116,Cystic fibrosis transmembrane conductance regulator,CHEMBL3378876,Corrector activity at CFTR mutant (unknown origin) by phenotypic screening assay,B,EC50,=,100.0,nM,7.00,,2014,unspecified,corrector
CHEMBL2010601,CC(C)(C)c1cc(C(C)(C)C)c(NC(=O)c2c[nH]c3ccccc3c2=O)cc1O,CHEMBL4051,CHEMBL3352116,Cystic fibrosis transmembrane conductance regulator,CHEMBL3378876,Corrector activity at CFTR mutant (unknown origin) by phenotypic screening assay,B,EC50,=,3.0,nM,8.52,,2014,unspecified,corrector
CHEMBL2010601,CC(C)(C)c1cc(C(C)(C)C)c(NC(=O)c2c[nH]c3ccccc3c2=O)cc1O,CHEMBL4051,CHEMBL3352116,Cystic fibrosis transmembrane conductance regulator,CHEMBL3378880,Corrector activity at human bronchial epithelium CFTR F508del and G551D mutant assessed as increase in channel gating,B,EC50,=,236.0,nM,6.63,,2014,F508del,corrector
CHEMBL3597937,CSc1cccc(Nc2nc(-c3cc(Cl)cs3)cs2)c1,CHEMBL4051,CHEMBL3596188,Cystic fibrosis transmembrane conductance regulator,CHEMBL3598551,Potentiator activity at CFTR F508del mutant (unknown origin) expressed in human CFBE41o cells assessed as increase in iodine influx measured after 30 mins incubation following rescue of F508del-CFTR by low temperature for 24 hrs by HS-YFP assay,B,EC50,=,15000.0,nM,4.82,,2015,F508del,potentiator
CHEMBL3597929,CSc1cccc(Nc2nc(-c3cc(Cl)cc(C(F)(F)F)c3)cs2)c1,CHEMBL4051,CHEMBL3596188,Cystic fibrosis transmembrane conductance regulator,CHEMBL3598551,Potentiator activity at CFTR F508del mutant (unknown origin) expressed in human CFBE41o cells assessed as increase in iodine influx measured after 30 mins incubation following rescue of F508del-CFTR by low temperature for 24 hrs by HS-YFP assay,B,EC50,,,,,,2015,F508del,potentiator
CHEMBL3597927,CSc1cccc(Nc2nc(-c3ccc(Cl)c(Cl)c3)cs2)c1,CHEMBL4051,CHEMBL3596188,Cystic fibrosis transmembrane conductance regulator,CHEMBL3598551,Potentiator activity at CFTR F508del mutant (unknown origin) expressed in human CFBE41o cells assessed as increase in iodine influx measured after 30 mins incubation following rescue of F508del-CFTR by low temperature for 24 hrs by HS-YFP assay,B,EC50,,,,,,2015,F508del,potentiator
CHEMBL3597907,FC(F)(F)Sc1cccc(Nc2nc(-c3cccc(Cl)c3)cs2)c1,CHEMBL4051,CHEMBL3596188,Cystic fibrosis transmembrane conductance regulator,CHEMBL3598551,Potentiator activity at CFTR F508del mutant (unknown origin) expressed in human CFBE41o cells assessed as increase in iodine influx measured after 30 mins incubation following rescue of F508del-CFTR by low temperature for 24 hrs by HS-YFP assay,B,EC50,=,32000.0,nM,4.50,,2015,F508del,potentiator
CHEMBL3597889,CSc1cccc(Nc2nc(-c3sc(-c4ccccc4)nc3C)cs2)c1,CHEMBL4051,CHEMBL3596188,Cystic fibrosis transmembrane conductance regulator,CHEMBL3598551,Potentiator activity at CFTR F508del mutant (unknown origin) expressed in human CFBE41o cells assessed as increase in iodine influx measured after 30 mins incubation following rescue of F508del-CFTR by low temperature for 24 hrs by HS-YFP assay,B,EC50,,,,,,2015,F508del,potentiator
CHEMBL3597886,CCOC(=O)c1cc(-c2csc(Nc3cccc(SC)c3)n2)on1,CHEMBL4051,CHEMBL3596188,Cystic fibrosis transmembrane conductance regulator,CHEMBL3598551,Potentiator activity at CFTR F508del mutant (unknown origin) expressed in human CFBE41o cells assessed as increase in iodine influx measured after 30 mins incubation following rescue of F508del-CFTR by low temperature for 24 hrs by HS-YFP assay,B,EC50,=,58000.0,nM,4.24,,2015,F508del,potentiator
CHEMBL3597884,CSc1cccc(Nc2nc(-c3nccs3)cs2)c1,CHEMBL4051,CHEMBL3596188,Cystic fibrosis transmembrane conductance regulator,CHEMBL3598551,Potentiator activity at CFTR F508del mutant (unknown origin) expressed in human CFBE41o cells assessed as increase in iodine influx measured after 30 mins incubation following rescue of F508del-CFTR by low temperature for 24 hrs by HS-YFP assay,B,EC50,=,9500.0,nM,5.02,,2015,F508del,potentiator
CHEMBL3597882,CSc1cccc(Nc2nc(-c3cccs3)cs2)c1,CHEMBL4051,CHEMBL3596188,Cystic fibrosis transmembrane conductance regulator,CHEMBL3598551,Potentiator activity at CFTR F508del mutant (unknown origin) expressed in human CFBE41o cells assessed as increase in iodine influx measured after 30 mins incubation following rescue of F508del-CFTR by low temperature for 24 hrs by HS-YFP assay,B,EC50,,,,,,2015,F508del,potentiator
CHEMBL3597875,CSc1cccc(Nc2nc(-c3ccc4c(c3)OCO4)cs2)c1,CHEMBL4051,CHEMBL3596188,Cystic fibrosis transmembrane conductance regulator,CHEMBL3598551,Potentiator activity at CFTR F508del mutant (unknown origin) expressed in human CFBE41o cells assessed as increase in iodine influx measured after 30 mins incubation following rescue of F508del-CFTR by low temperature for 24 hrs by HS-YFP assay,B,EC50,=,71000.0,nM,4.15,,2015,F508del,potentiator
CHEMBL3597874,CSc1cccc(Nc2nc(-c3ccc4[nH]c(=O)oc4c3)cs2)c1,CHEMBL4051,CHEMBL3596188,Cystic fibrosis transmembrane conductance regulator,CHEMBL3598551,Potentiator activity at CFTR F508del mutant (unknown origin) expressed in human CFBE41o cells assessed as increase in iodine influx measured after 30 mins incubation following rescue of F508del-CFTR by low temperature for 24 hrs by HS-YFP assay,B,EC50,=,6400.0,nM,5.19,,2015,F508del,potentiator
CHEMBL3597865,CSc1cccc(Nc2nc(-c3ccc(F)c(Br)c3)cs2)c1,CHEMBL4051,CHEMBL3596188,Cystic fibrosis transmembrane conductance regulator,CHEMBL3598551,Potentiator activity at CFTR F508del mutant (unknown origin) expressed in human CFBE41o cells assessed as increase in iodine influx measured after 30 mins incubation following rescue of F508del-CFTR by low temperature for 24 hrs by HS-YFP assay,B,EC50,,,,,,2015,F508del,potentiator
CHEMBL3597853,CSc1cccc(Nc2nc(-c3cccc(Cl)c3)cs2)c1,CHEMBL4051,CHEMBL3596188,Cystic fibrosis transmembrane conductance regulator,CHEMBL3598551,Potentiator activity at CFTR F508del mutant (unknown origin) expressed in human CFBE41o cells assessed as increase in iodine influx measured after 30 mins incubation following rescue of F508del-CFTR by low temperature for 24 hrs by HS-YFP assay,B,EC50,=,53000.0,nM,4.28,,2015,F508del,potentiator
CHEMBL3597843,CSc1cccc(Nc2nc(-c3ccc(F)cc3)cs2)c1,CHEMBL4051,CHEMBL3596188,Cystic fibrosis transmembrane conductance regulator,CHEMBL3598551,Potentiator activity at CFTR F508del mutant (unknown origin) expressed in human CFBE41o cells assessed as increase in iodine influx measured after 30 mins incubation following rescue of F508del-CFTR by low temperature for 24 hrs by HS-YFP assay,B,EC50,=,27000.0,nM,4.57,,2015,F508del,potentiator
CHEMBL3597841,CSc1cccc(Nc2nc(-c3ccc(C#N)cc3)cs2)c1,CHEMBL4051,CHEMBL3596188,Cystic fibrosis transmembrane conductance regulator,CHEMBL3598551,Potentiator activity at CFTR F508del mutant (unknown origin) expressed in human CFBE41o cells assessed as increase in iodine influx measured after 30 mins incubation following rescue of F508del-CFTR by low temperature for 24 hrs by HS-YFP assay,B,EC50,=,34000.0,nM,4.47,,2015,F508del,potentiator
CHEMBL3597937,CSc1cccc(Nc2nc(-c3cc(Cl)cs3)cs2)c1,CHEMBL4051,CHEMBL3596188,Cystic fibrosis transmembrane conductance regulator,CHEMBL3598671,Corrector activity at CFTR F508del mutant (unknown origin) expressed in human CFBE41o cells assessed as iodide influx after 24 hrs by HS-YFP assay,B,EC50,,,,,,2015,F508del,corrector
CHEMBL3597929,CSc1cccc(Nc2nc(-c3cc(Cl)cc(C(F)(F)F)c3)cs2)c1,CHEMBL4051,CHEMBL3596188,Cystic fibrosis transmembrane conductance regulator,CHEMBL3598671,Corrector activity at CFTR F508del mutant (unknown origin) expressed in human CFBE41o cells assessed as iodide influx after 24 hrs by HS-YFP assay,B,EC50,,,,,Not Determined,2015,F508del,corrector
CHEMBL3597927,CSc1cccc(Nc2nc(-c3ccc(Cl)c(Cl)c3)cs2)c1,CHEMBL4051,CHEMBL3596188,Cystic fibrosis transmembrane conductance regulator,CHEMBL3598671,Corrector activity at CFTR F508del mutant (unknown origin) expressed in human CFBE41o cells assessed as iodide influx after 24 hrs by HS-YFP assay,B,EC50,=,14000.0,nM,4.85,,2015,F508del,corrector
CHEMBL3597907,FC(F)(F)Sc1cccc(Nc2nc(-c3cccc(Cl)c3)cs2)c1,CHEMBL4051,CHEMBL3596188,Cystic fibrosis transmembrane conductance regulator,CHEMBL3598671,Corrector activity at CFTR F508del mutant (unknown origin) expressed in human CFBE41o cells assessed as iodide influx after 24 hrs by HS-YFP assay,B,EC50,,,,,,2015,F508del,corrector
CHEMBL3597889,CSc1cccc(Nc2nc(-c3sc(-c4ccccc4)nc3C)cs2)c1,CHEMBL4051,CHEMBL3596188,Cystic fibrosis transmembrane conductance regulator,CHEMBL3598671,Corrector activity at CFTR F508del mutant (unknown origin) expressed in human CFBE41o cells assessed as iodide influx after 24 hrs by HS-YFP assay,B,EC50,=,5700.0,nM,5.24,,2015,F508del,corrector
CHEMBL3597886,CCOC(=O)c1cc(-c2csc(Nc3cccc(SC)c3)n2)on1,CHEMBL4051,CHEMBL3596188,Cystic fibrosis transmembrane conductance regulator,CHEMBL3598671,Corrector activity at CFTR F508del mutant (unknown origin) expressed in human CFBE41o cells assessed as iodide influx after 24 hrs by HS-YFP assay,B,EC50,,,,,,2015,F508del,corrector
CHEMBL3597884,CSc1cccc(Nc2nc(-c3nccs3)cs2)c1,CHEMBL4051,CHEMBL3596188,Cystic fibrosis transmembrane conductance regulator,CHEMBL3598671,Corrector activity at CFTR F508del mutant (unknown origin) expressed in human CFBE41o cells assessed as iodide influx after 24 hrs by HS-YFP assay,B,EC50,,,,,,2015,F508del,corrector
CHEMBL3597882,CSc1cccc(Nc2nc(-c3cccs3)cs2)c1,CHEMBL4051,CHEMBL3596188,Cystic fibrosis transmembrane conductance regulator,CHEMBL3598671,Corrector activity at CFTR F508del mutant (unknown origin) expressed in human CFBE41o cells assessed as iodide influx after 24 hrs by HS-YFP assay,B,EC50,=,8500.0,nM,5.07,,2015,F508del,corrector
CHEMBL3597875,CSc1cccc(Nc2nc(-c3ccc4c(c3)OCO4)cs2)c1,CHEMBL4051,CHEMBL3596188,Cystic fibrosis transmembrane conductance regulator,CHEMBL3598671,Corrector activity at CFTR F508del mutant (unknown origin) expressed in human CFBE41o cells assessed as iodide influx after 24 hrs by HS-YFP assay,B,EC50,,,,,,2015,F508del,corrector
CHEMBL3597874,CSc1cccc(Nc2nc(-c3ccc4[nH]c(=O)oc4c3)cs2)c1,CHEMBL4051,CHEMBL3596188,Cystic fibrosis transmembrane conductance regulator,CHEMBL3598671,Corrector activity at CFTR F508del mutant (unknown origin) expressed in human CFBE41o cells assessed as iodide influx after 24 hrs by HS-YFP assay,B,EC50,,,,,,2015,F508del,corrector
CHEMBL3597865,CSc1cccc(Nc2nc(-c3ccc(F)c(Br)c3)cs2)c1,CHEMBL4051,CHEMBL3596188,Cystic fibrosis transmembrane conductance regulator,CHEMBL3598671,Corrector activity at CFTR F508del mutant (unknown origin) expressed in human CFBE41o cells assessed as iodide influx after 24 hrs by HS-YFP assay,B,EC50,,,,,Not Determined,2015,F508del,corrector
CHEMBL3597853,CSc1cccc(Nc2nc(-c3cccc(Cl)c3)cs2)c1,CHEMBL4051,CHEMBL3596188,Cystic fibrosis transmembrane conductance regulator,CHEMBL3598671,Corrector activity at CFTR F508del mutant (unknown origin) expressed in human CFBE41o cells assessed as iodide influx after 24 hrs by HS-YFP assay,B,EC50,=,5300.0,nM,5.28,,2015,F508del,corrector
CHEMBL3597843,CSc1cccc(Nc2nc(-c3ccc(F)cc3)cs2)c1,CHEMBL4051,CHEMBL3596188,Cystic fibrosis transmembrane conductance regulator,CHEMBL3598671,Corrector activity at CFTR F508del mutant (unknown origin) expressed in human CFBE41o cells assessed as iodide influx after 24 hrs by HS-YFP assay,B,EC50,,,,,,2015,F508del,corrector
CHEMBL3597841,CSc1cccc(Nc2nc(-c3ccc(C#N)cc3)cs2)c1,CHEMBL4051,CHEMBL3596188,Cystic fibrosis transmembrane conductance regulator,CHEMBL3598671,Corrector activity at CFTR F508del mutant (unknown origin) expressed in human CFBE41o cells assessed as iodide influx after 24 hrs by HS-YFP assay,B,EC50,,,,,,2015,F508del,corrector
CHEMBL3747604,CN(C)CCN1CCN(c2nc(-c3ccccn3)nc3c2CN(CC2CCCCC2)CC3)CC1,CHEMBL4051,CHEMBL3745695,Cystic fibrosis transmembrane conductance regulator,CHEMBL3748920,Corrector activity at human CFTR F508 deletion mutant expressed in FRT cells incubated for 25 mins with forskolin by YFP-based fluorescence analysis relative to control,B,EC50,=,900.0,nM,6.05,,2015,unspecified,corrector
CHEMBL3747771,CC(C)c1ccc(CN2CCc3nc(-c4ccccn4)nc(N4CCN(CCN(C)C)CC4)c3C2)cc1,CHEMBL4051,CHEMBL3745695,Cystic fibrosis transmembrane conductance regulator,CHEMBL3748920,Corrector activity at human CFTR F508 deletion mutant expressed in FRT cells incubated for 25 mins with forskolin by YFP-based fluorescence analysis relative to control,B,EC50,=,300.0,nM,6.52,,2015,unspecified,corrector
CHEMBL3746133,CN(C)CCN1CCN(c2nc(-c3ccccn3)nc3c2CN(Cc2ccsc2)CC3)CC1,CHEMBL4051,CHEMBL3745695,Cystic fibrosis transmembrane conductance regulator,CHEMBL3748920,Corrector activity at human CFTR F508 deletion mutant expressed in FRT cells incubated for 25 mins with forskolin by YFP-based fluorescence analysis relative to control,B,EC50,=,200.0,nM,6.70,,2015,unspecified,corrector
CHEMBL3746321,COc1ccc(CN2CCc3nc(-c4ccccn4)nc(N4CCN(CC(N)=O)CC4)c3C2)cc1,CHEMBL4051,CHEMBL3745695,Cystic fibrosis transmembrane conductance regulator,CHEMBL3748920,Corrector activity at human CFTR F508 deletion mutant expressed in FRT cells incubated for 25 mins with forskolin by YFP-based fluorescence analysis relative to control,B,EC50,=,2300.0,nM,5.64,,2015,unspecified,corrector
CHEMBL3746547,COc1ccc(CN2CCc3nc(-c4ccccn4)nc(NCCCn4ccnc4)c3C2)cc1,CHEMBL4051,CHEMBL3745695,Cystic fibrosis transmembrane conductance regulator,CHEMBL3748920,Corrector activity at human CFTR F508 deletion mutant expressed in FRT cells incubated for 25 mins with forskolin by YFP-based fluorescence analysis relative to control,B,EC50,=,200.0,nM,6.70,,2015,unspecified,corrector
CHEMBL3747330,COc1ccc(CN2CCc3nc(-c4ccccn4)nc(N4CCC(C(N)=O)CC4)c3C2)cc1,CHEMBL4051,CHEMBL3745695,Cystic fibrosis transmembrane conductance regulator,CHEMBL3748920,Corrector activity at human CFTR F508 deletion mutant expressed in FRT cells incubated for 25 mins with forskolin by YFP-based fluorescence analysis relative to control,B,EC50,=,3500.0,nM,5.46,,2015,unspecified,corrector
CHEMBL3746769,COc1ccc(CN2CCc3nc(-c4ccccn4)nc(N4CCN(CCO)CC4)c3C2)cc1,CHEMBL4051,CHEMBL3745695,Cystic fibrosis transmembrane conductance regulator,CHEMBL3748920,Corrector activity at human CFTR F508 deletion mutant expressed in FRT cells incubated for 25 mins with forskolin by YFP-based fluorescence analysis relative to control,B,EC50,=,400.0,nM,6.40,,2015,unspecified,corrector
CHEMBL3747046,CN(C)CCN1CCN(c2nc(-c3ccccn3)nc3c2CN(Cc2ccccc2)CC3)CC1,CHEMBL4051,CHEMBL3745695,Cystic fibrosis transmembrane conductance regulator,CHEMBL3748920,Corrector activity at human CFTR F508 deletion mutant expressed in FRT cells incubated for 25 mins with forskolin by YFP-based fluorescence analysis relative to control,B,EC50,=,1500.0,nM,5.82,,2015,unspecified,corrector
CHEMBL3746756,CN1CCN(CCCNc2nc(-c3ccccn3)nc3c2CN(Cc2ccccc2)CC3)CC1,CHEMBL4051,CHEMBL3745695,Cystic fibrosis transmembrane conductance regulator,CHEMBL3748920,Corrector activity at human CFTR F508 deletion mutant expressed in FRT cells incubated for 25 mins with forskolin by YFP-based fluorescence analysis relative to control,B,EC50,=,3100.0,nM,5.51,,2015,unspecified,corrector
CHEMBL2103870,Cc1ccc(NC(=O)C2(c3ccc4c(c3)OC(F)(F)O4)CC2)nc1-c1cccc(C(=O)O)c1,CHEMBL4051,CHEMBL3745695,Cystic fibrosis transmembrane conductance regulator,CHEMBL3748920,Corrector activity at human CFTR F508 deletion mutant expressed in FRT cells incubated for 25 mins with forskolin by YFP-based fluorescence analysis relative to control,B,EC50,=,2600.0,nM,5.58,,2015,unspecified,corrector
CHEMBL1257047,COc1ccc(S(=O)(=O)N2CCN(C(C)c3nc(OC4CCCCC4)c4ccccc4n3)CC2)cc1,CHEMBL4051,CHEMBL3745695,Cystic fibrosis transmembrane conductance regulator,CHEMBL3748920,Corrector activity at human CFTR F508 deletion mutant expressed in FRT cells incubated for 25 mins with forskolin by YFP-based fluorescence analysis relative to control,B,EC50,=,2200.0,nM,5.66,,2015,unspecified,corrector
CHEMBL260775,COc1ccc(Cl)cc1Nc1nc(-c2sc(NC(=O)c3ccccc3)nc2C)cs1,CHEMBL4051,CHEMBL3745695,Cystic fibrosis transmembrane conductance regulator,CHEMBL3748920,Corrector activity at human CFTR F508 deletion mutant expressed in FRT cells incubated for 25 mins with forskolin by YFP-based fluorescence analysis relative to control,B,EC50,=,1100.0,nM,5.96,,2015,unspecified,corrector
CHEMBL3747654,NC(=O)CN1CCN(c2nc(-c3ccccn3)nc3c2CN(Cc2ccccc2)CC3)CC1,CHEMBL4051,CHEMBL3745695,Cystic fibrosis transmembrane conductance regulator,CHEMBL3748920,Corrector activity at human CFTR F508 deletion mutant expressed in FRT cells incubated for 25 mins with forskolin by YFP-based fluorescence analysis relative to control,B,EC50,=,2800.0,nM,5.55,,2015,unspecified,corrector
CHEMBL3746059,NC(=O)C1CCN(c2nc(-c3ccccn3)nc3c2CN(Cc2ccccc2)CC3)CC1,CHEMBL4051,CHEMBL3745695,Cystic fibrosis transmembrane conductance regulator,CHEMBL3748920,Corrector activity at human CFTR F508 deletion mutant expressed in FRT cells incubated for 25 mins with forskolin by YFP-based fluorescence analysis relative to control,B,EC50,=,1400.0,nM,5.85,,2015,unspecified,corrector
CHEMBL3745884,OC1CCCN(c2nc(-c3ccccn3)nc3c2CN(Cc2ccccc2)CC3)C1,CHEMBL4051,CHEMBL3745695,Cystic fibrosis transmembrane conductance regulator,CHEMBL3748920,Corrector activity at human CFTR F508 deletion mutant expressed in FRT cells incubated for 25 mins with forskolin by YFP-based fluorescence analysis relative to control,B,EC50,=,2800.0,nM,5.55,,2015,unspecified,corrector
CHEMBL3745884,OC1CCCN(c2nc(-c3ccccn3)nc3c2CN(Cc2ccccc2)CC3)C1,CHEMBL4051,CHEMBL3745695,Cystic fibrosis transmembrane conductance regulator,CHEMBL3748921,Corrector activity at human CFTR F508 deletion mutant expressed in human A549 cells incubated for 25 mins by YFP-based fluorescence analysis,B,EC50,=,400.0,nM,6.40,,2015,unspecified,corrector
CHEMBL3747159,Fc1ccc(CN2CCc3nc(-c4ccccn4)nc(NCCN4CCCC4)c3C2)cc1,CHEMBL4051,CHEMBL3745695,Cystic fibrosis transmembrane conductance regulator,CHEMBL3748920,Corrector activity at human CFTR F508 deletion mutant expressed in FRT cells incubated for 25 mins with forskolin by YFP-based fluorescence analysis relative to control,B,EC50,=,200.0,nM,6.70,,2015,unspecified,corrector
CHEMBL3745927,CC(=O)NCCNc1nc(-c2ccccn2)nc2c1CN(Cc1ccc(F)cc1)CC2,CHEMBL4051,CHEMBL3745695,Cystic fibrosis transmembrane conductance regulator,CHEMBL3748920,Corrector activity at human CFTR F508 deletion mutant expressed in FRT cells incubated for 25 mins with forskolin by YFP-based fluorescence analysis relative to control,B,EC50,=,200.0,nM,6.70,,2015,unspecified,corrector
CHEMBL3745838,CC(=O)NC1CCN(c2nc(-c3ccccn3)nc3c2CN(Cc2ccc(Cl)cc2)CC3)CC1,CHEMBL4051,CHEMBL3745695,Cystic fibrosis transmembrane conductance regulator,CHEMBL3748920,Corrector activity at human CFTR F508 deletion mutant expressed in FRT cells incubated for 25 mins with forskolin by YFP-based fluorescence analysis relative to control,B,EC50,=,700.0,nM,6.16,,2015,unspecified,corrector
CHEMBL3746126,CCN(C(C)=O)C1CCN(c2nc(-c3ccccn3)nc3c2CN(Cc2ccc(OC)cc2)CC3)C1,CHEMBL4051,CHEMBL3745695,Cystic fibrosis transmembrane conductance regulator,CHEMBL3748920,Corrector activity at human CFTR F508 deletion mutant expressed in FRT cells incubated for 25 mins with forskolin by YFP-based fluorescence analysis relative to control,B,EC50,=,300.0,nM,6.52,,2015,unspecified,corrector
CHEMBL3747046,CN(C)CCN1CCN(c2nc(-c3ccccn3)nc3c2CN(Cc2ccccc2)CC3)CC1,CHEMBL4051,CHEMBL3745695,Cystic fibrosis transmembrane conductance regulator,CHEMBL3748921,Corrector activity at human CFTR F508 deletion mutant expressed in human A549 cells incubated for 25 mins by YFP-based fluorescence analysis,B,EC50,=,11700.0,nM,4.93,,2015,unspecified,corrector
CHEMBL3746321,COc1ccc(CN2CCc3nc(-c4ccccn4)nc(N4CCN(CC(N)=O)CC4)c3C2)cc1,CHEMBL4051,CHEMBL3745695,Cystic fibrosis transmembrane conductance regulator,CHEMBL3748921,Corrector activity at human CFTR F508 deletion mutant expressed in human A549 cells incubated for 25 mins by YFP-based fluorescence analysis,B,EC50,=,10900.0,nM,4.96,,2015,unspecified,corrector
CHEMBL3745838,CC(=O)NC1CCN(c2nc(-c3ccccn3)nc3c2CN(Cc2ccc(Cl)cc2)CC3)CC1,CHEMBL4051,CHEMBL3745695,Cystic fibrosis transmembrane conductance regulator,CHEMBL3748921,Corrector activity at human CFTR F508 deletion mutant expressed in human A549 cells incubated for 25 mins by YFP-based fluorescence analysis,B,EC50,=,1900.0,nM,5.72,,2015,unspecified,corrector
CHEMBL3745927,CC(=O)NCCNc1nc(-c2ccccn2)nc2c1CN(Cc1ccc(F)cc1)CC2,CHEMBL4051,CHEMBL3745695,Cystic fibrosis transmembrane conductance regulator,CHEMBL3748921,Corrector activity at human CFTR F508 deletion mutant expressed in human A549 cells incubated for 25 mins by YFP-based fluorescence analysis,B,EC50,=,400.0,nM,6.40,,2015,unspecified,corrector
CHEMBL3747159,Fc1ccc(CN2CCc3nc(-c4ccccn4)nc(NCCN4CCCC4)c3C2)cc1,CHEMBL4051,CHEMBL3745695,Cystic fibrosis transmembrane conductance regulator,CHEMBL3748921,Corrector activity at human CFTR F508 deletion mutant expressed in human A549 cells incubated for 25 mins by YFP-based fluorescence analysis,B,EC50,=,500.0,nM,6.30,,2015,unspecified,corrector
CHEMBL3956217,CC(C)(C)c1cc2cc(NC(=O)C3(c4ccc5c(c4)CCC5)CC3)ccc2n1C[C@@H](O)CO,CHEMBL4051,CHEMBL3880412,Cystic fibrosis transmembrane conductance regulator,CHEMBL3880922,Correction activity at CFTR F508 deletion mutant (unknown origin) expressed in mouse NIH/3T3 cells assessed as increase in cAMP/genistein-dependent current amplitude incubated for 10 mins at 37 degC by patch clamp method,B,EC50,=,981.0,nM,6.01,,2009,unspecified,corrector
CHEMBL3894447,CC(C)(CCOC[C@@H](O)CO)c1cc2cc(NC(=O)C3(c4ccc5c(c4)OC(F)(F)O5)CC3)c(F)cc2n1C[C@@H](O)CO,CHEMBL4051,CHEMBL3880412,Cystic fibrosis transmembrane conductance regulator,CHEMBL3880922,Correction activity at CFTR F508 deletion mutant (unknown origin) expressed in mouse NIH/3T3 cells assessed as increase in cAMP/genistein-dependent current amplitude incubated for 10 mins at 37 degC by patch clamp method,B,EC50,=,3095.0,nM,5.51,,2009,unspecified,corrector
CHEMBL3897147,CC(C)(C)c1cc2cc(NC(=O)C3(c4ccc5c(c4)OC(F)(F)O5)CC3)c(F)cc2n1CC[N+](C)(C)C,CHEMBL4051,CHEMBL3880412,Cystic fibrosis transmembrane conductance regulator,CHEMBL3880922,Correction activity at CFTR F508 deletion mutant (unknown origin) expressed in mouse NIH/3T3 cells assessed as increase in cAMP/genistein-dependent current amplitude incubated for 10 mins at 37 degC by patch clamp method,B,EC50,=,38.1,nM,7.42,,2009,unspecified,corrector
CHEMBL3923765,CC(C)(C)c1cc2cc(NC(=O)C3(c4ccc5c(c4)OCO5)CC3)c(F)cc2n1C[C@@H](O)CO,CHEMBL4051,CHEMBL3880412,Cystic fibrosis transmembrane conductance regulator,CHEMBL3880922,Correction activity at CFTR F508 deletion mutant (unknown origin) expressed in mouse NIH/3T3 cells assessed as increase in cAMP/genistein-dependent current amplitude incubated for 10 mins at 37 degC by patch clamp method,B,EC50,=,65.95,nM,7.18,,2009,unspecified,corrector
CHEMBL3908746,CC(C)(CCO)c1cc2cc(NC(=O)C3(c4ccc5c(c4)OC(F)(F)O5)CC3)c(F)cc2n1C[C@@H](O)CO,CHEMBL4051,CHEMBL3880412,Cystic fibrosis transmembrane conductance regulator,CHEMBL3880922,Correction activity at CFTR F508 deletion mutant (unknown origin) expressed in mouse NIH/3T3 cells assessed as increase in cAMP/genistein-dependent current amplitude incubated for 10 mins at 37 degC by patch clamp method,B,EC50,=,81.75,nM,7.09,,2009,unspecified,corrector
CHEMBL3898560,CC(C)(C)c1cc2c(C#N)c(NC(=O)C3(c4ccc5c(c4)OC(F)(F)O5)CC3)ccc2n1CCO,CHEMBL4051,CHEMBL3880412,Cystic fibrosis transmembrane conductance regulator,CHEMBL3880922,Correction activity at CFTR F508 deletion mutant (unknown origin) expressed in mouse NIH/3T3 cells assessed as increase in cAMP/genistein-dependent current amplitude incubated for 10 mins at 37 degC by patch clamp method,B,EC50,=,181.0,nM,6.74,,2009,unspecified,corrector
CHEMBL3986594,CC(C)(C)c1cc2c(C#N)c(NC(=O)C3(c4ccc5c(c4)OC(F)(F)O5)CC3)ccc2[nH]1,CHEMBL4051,CHEMBL3880412,Cystic fibrosis transmembrane conductance regulator,CHEMBL3880922,Correction activity at CFTR F508 deletion mutant (unknown origin) expressed in mouse NIH/3T3 cells assessed as increase in cAMP/genistein-dependent current amplitude incubated for 10 mins at 37 degC by patch clamp method,B,EC50,=,283.5,nM,6.55,,2009,unspecified,corrector
CHEMBL3936630,CC1(C)CCn2c1cc1cc(NC(=O)C3(c4ccc5c(c4)OC(F)(F)O5)CC3)c(F)cc12,CHEMBL4051,CHEMBL3880412,Cystic fibrosis transmembrane conductance regulator,CHEMBL3880922,Correction activity at CFTR F508 deletion mutant (unknown origin) expressed in mouse NIH/3T3 cells assessed as increase in cAMP/genistein-dependent current amplitude incubated for 10 mins at 37 degC by patch clamp method,B,EC50,=,228.5,nM,6.64,,2009,unspecified,corrector
CHEMBL3544914,CC(C)(CO)c1cc2cc(NC(=O)C3(c4ccc5c(c4)OC(F)(F)O5)CC3)c(F)cc2n1C[C@@H](O)CO,CHEMBL4051,CHEMBL3880412,Cystic fibrosis transmembrane conductance regulator,CHEMBL3880922,Correction activity at CFTR F508 deletion mutant (unknown origin) expressed in mouse NIH/3T3 cells assessed as increase in cAMP/genistein-dependent current amplitude incubated for 10 mins at 37 degC by patch clamp method,B,EC50,=,272.0,nM,6.57,,2009,unspecified,corrector
CHEMBL3933231,CC(C)(CCOC[C@@H](O)CO)c1cc2cc(NC(=O)C3(c4ccc5c(c4)OC(F)(F)O5)CC3)c(F)cc2[nH]1,CHEMBL4051,CHEMBL3880412,Cystic fibrosis transmembrane conductance regulator,CHEMBL3880922,Correction activity at CFTR F508 deletion mutant (unknown origin) expressed in mouse NIH/3T3 cells assessed as increase in cAMP/genistein-dependent current amplitude incubated for 10 mins at 37 degC by patch clamp method,B,EC50,=,285.0,nM,6.54,,2009,unspecified,corrector
CHEMBL3910383,COc1ccc(C2(C(=O)Nc3ccc4[nH]c(C(C)(C)C)cc4c3)CC2(C)C)cc1,CHEMBL4051,CHEMBL3880412,Cystic fibrosis transmembrane conductance regulator,CHEMBL3880922,Correction activity at CFTR F508 deletion mutant (unknown origin) expressed in mouse NIH/3T3 cells assessed as increase in cAMP/genistein-dependent current amplitude incubated for 10 mins at 37 degC by patch clamp method,B,EC50,=,4525.0,nM,5.34,,2009,unspecified,corrector
CHEMBL3948182,COc1ccc(C2(C(=O)Nc3ccc4c(c3)cc(C(C)(C)C)n4C[C@@H](O)CO)CC2(C)C)cc1,CHEMBL4051,CHEMBL3880412,Cystic fibrosis transmembrane conductance regulator,CHEMBL3880922,Correction activity at CFTR F508 deletion mutant (unknown origin) expressed in mouse NIH/3T3 cells assessed as increase in cAMP/genistein-dependent current amplitude incubated for 10 mins at 37 degC by patch clamp method,B,EC50,=,39.05,nM,7.41,,2009,unspecified,corrector
CHEMBL3897640,CC(C)(CO)c1cc2cc(NC(=O)C3(c4ccc5c(c4)OC(F)(F)O5)CC3)c(F)cc2[nH]1,CHEMBL4051,CHEMBL3880412,Cystic fibrosis transmembrane conductance regulator,CHEMBL3880922,Correction activity at CFTR F508 deletion mutant (unknown origin) expressed in mouse NIH/3T3 cells assessed as increase in cAMP/genistein-dependent current amplitude incubated for 10 mins at 37 degC by patch clamp method,B,EC50,=,4315.0,nM,5.37,,2009,unspecified,corrector
CHEMBL3979390,CC(C)(C)c1cc2cc(NC(=O)C3(c4ccc(O)c(O)c4)CC3)ccc2n1C[C@@H](O)CO,CHEMBL4051,CHEMBL3880412,Cystic fibrosis transmembrane conductance regulator,CHEMBL3880922,Correction activity at CFTR F508 deletion mutant (unknown origin) expressed in mouse NIH/3T3 cells assessed as increase in cAMP/genistein-dependent current amplitude incubated for 10 mins at 37 degC by patch clamp method,B,EC50,=,1810.0,nM,5.74,,2009,unspecified,corrector
CHEMBL4097540,CCN(CC)c1nc(Nc2ccc(F)cc2)nc(OCC(F)(F)C(F)F)n1,CHEMBL4051,CHEMBL3997791,Cystic fibrosis transmembrane conductance regulator,CHEMBL3998784,Activation of human CFTR expressed in FRT cells co-expressing YFP assessed as increase in forskolin-stimulated iodide influx measured after 10 mins for 2 to 12 sec by fluorescence assay,B,EC50,=,4800.0,nM,5.32,,2017,unspecified,activator
CHEMBL4074144,CCN(CC)c1nc(Nc2ccc(C(=O)O)cc2)nc(OCC(F)(F)C(F)F)n1,CHEMBL4051,CHEMBL3997791,Cystic fibrosis transmembrane conductance regulator,CHEMBL3998784,Activation of human CFTR expressed in FRT cells co-expressing YFP assessed as increase in forskolin-stimulated iodide influx measured after 10 mins for 2 to 12 sec by fluorescence assay,B,EC50,=,2500.0,nM,5.60,,2017,unspecified,activator
CHEMBL4100901,CCN(CC)c1nc(Nc2ccccc2)nc(OC(C(F)(F)F)C(F)(F)F)n1,CHEMBL4051,CHEMBL3997791,Cystic fibrosis transmembrane conductance regulator,CHEMBL3998784,Activation of human CFTR expressed in FRT cells co-expressing YFP assessed as increase in forskolin-stimulated iodide influx measured after 10 mins for 2 to 12 sec by fluorescence assay,B,EC50,=,240.0,nM,6.62,,2017,unspecified,activator
CHEMBL4065523,CCN(CC)c1nc(Nc2ccc([N+](=O)[O-])cc2)nc(OC(C(F)(F)F)C(F)(F)F)n1,CHEMBL4051,CHEMBL3997791,Cystic fibrosis transmembrane conductance regulator,CHEMBL3998784,Activation of human CFTR expressed in FRT cells co-expressing YFP assessed as increase in forskolin-stimulated iodide influx measured after 10 mins for 2 to 12 sec by fluorescence assay,B,EC50,=,18000.0,nM,4.75,,2017,unspecified,activator
CHEMBL4093184,CCN(CC)c1nc(Nc2ccc(F)cc2)nc(OC(C(F)(F)F)C(F)(F)F)n1,CHEMBL4051,CHEMBL3997791,Cystic fibrosis transmembrane conductance regulator,CHEMBL3998784,Activation of human CFTR expressed in FRT cells co-expressing YFP assessed as increase in forskolin-stimulated iodide influx measured after 10 mins for 2 to 12 sec by fluorescence assay,B,EC50,=,700.0,nM,6.16,,2017,unspecified,activator
CHEMBL4092200,CCN(CC)c1nc(Nc2ccc(C(=O)O)cc2)nc(OC(C(F)(F)F)C(F)(F)F)n1,CHEMBL4051,CHEMBL3997791,Cystic fibrosis transmembrane conductance regulator,CHEMBL3998784,Activation of human CFTR expressed in FRT cells co-expressing YFP assessed as increase in forskolin-stimulated iodide influx measured after 10 mins for 2 to 12 sec by fluorescence assay,B,EC50,=,900.0,nM,6.05,,2017,unspecified,activator
CHEMBL4071412,CCN(CC)c1nc(Nc2cccc([N+](=O)[O-])c2)nc(OCC(F)(F)C(F)F)n1,CHEMBL4051,CHEMBL3997791,Cystic fibrosis transmembrane conductance regulator,CHEMBL3998784,Activation of human CFTR expressed in FRT cells co-expressing YFP assessed as increase in forskolin-stimulated iodide influx measured after 10 mins for 2 to 12 sec by fluorescence assay,B,EC50,=,1200.0,nM,5.92,,2017,unspecified,activator
CHEMBL4084446,CCN(CC)c1nc(Nc2cccc(Cl)c2)nc(OCC(F)(F)C(F)F)n1,CHEMBL4051,CHEMBL3997791,Cystic fibrosis transmembrane conductance regulator,CHEMBL3998784,Activation of human CFTR expressed in FRT cells co-expressing YFP assessed as increase in forskolin-stimulated iodide influx measured after 10 mins for 2 to 12 sec by fluorescence assay,B,EC50,=,5400.0,nM,5.27,,2017,unspecified,activator
CHEMBL4062768,CCN(CC)c1nc(Nc2cccc(F)c2)nc(OCC(F)(F)C(F)F)n1,CHEMBL4051,CHEMBL3997791,Cystic fibrosis transmembrane conductance regulator,CHEMBL3998784,Activation of human CFTR expressed in FRT cells co-expressing YFP assessed as increase in forskolin-stimulated iodide influx measured after 10 mins for 2 to 12 sec by fluorescence assay,B,EC50,=,1600.0,nM,5.80,,2017,unspecified,activator
CHEMBL4096577,CCN(CC)c1nc(Nc2cccc(C(=O)O)c2)nc(OCC(F)(F)C(F)F)n1,CHEMBL4051,CHEMBL3997791,Cystic fibrosis transmembrane conductance regulator,CHEMBL3998784,Activation of human CFTR expressed in FRT cells co-expressing YFP assessed as increase in forskolin-stimulated iodide influx measured after 10 mins for 2 to 12 sec by fluorescence assay,B,EC50,=,500.0,nM,6.30,,2017,unspecified,activator
CHEMBL4078552,CCN(CC)c1nc(Nc2cccc([N+](=O)[O-])c2)nc(OC(C(F)(F)F)C(F)(F)F)n1,CHEMBL4051,CHEMBL3997791,Cystic fibrosis transmembrane conductance regulator,CHEMBL3998784,Activation of human CFTR expressed in FRT cells co-expressing YFP assessed as increase in forskolin-stimulated iodide influx measured after 10 mins for 2 to 12 sec by fluorescence assay,B,EC50,=,200.0,nM,6.70,,2017,unspecified,activator
CHEMBL4070356,CCN(CC)c1nc(Nc2cccc(Cl)c2)nc(OC(C(F)(F)F)C(F)(F)F)n1,CHEMBL4051,CHEMBL3997791,Cystic fibrosis transmembrane conductance regulator,CHEMBL3998784,Activation of human CFTR expressed in FRT cells co-expressing YFP assessed as increase in forskolin-stimulated iodide influx measured after 10 mins for 2 to 12 sec by fluorescence assay,B,EC50,=,2800.0,nM,5.55,,2017,unspecified,activator
CHEMBL4097536,CCN(CC)c1nc(Nc2cccc(F)c2)nc(OC(C(F)(F)F)C(F)(F)F)n1,CHEMBL4051,CHEMBL3997791,Cystic fibrosis transmembrane conductance regulator,CHEMBL3998784,Activation of human CFTR expressed in FRT cells co-expressing YFP assessed as increase in forskolin-stimulated iodide influx measured after 10 mins for 2 to 12 sec by fluorescence assay,B,EC50,=,140.0,nM,6.85,,2017,unspecified,activator
CHEMBL4080996,CCN(CC)c1nc(Nc2cccc(C(=O)O)c2)nc(OC(C(F)(F)F)C(F)(F)F)n1,CHEMBL4051,CHEMBL3997791,Cystic fibrosis transmembrane conductance regulator,CHEMBL3998784,Activation of human CFTR expressed in FRT cells co-expressing YFP assessed as increase in forskolin-stimulated iodide influx measured after 10 mins for 2 to 12 sec by fluorescence assay,B,EC50,=,160.0,nM,6.80,,2017,unspecified,activator
CHEMBL4070362,CCN(CC)c1nc(Nc2ccccc2)nc(OCC(F)(F)C(F)F)n1,CHEMBL4051,CHEMBL3997791,Cystic fibrosis transmembrane conductance regulator,CHEMBL3998784,Activation of human CFTR expressed in FRT cells co-expressing YFP assessed as increase in forskolin-stimulated iodide influx measured after 10 mins for 2 to 12 sec by fluorescence assay,B,EC50,=,2000.0,nM,5.70,,2017,unspecified,activator
CHEMBL4067285,CCN(CC)c1nc(Nc2ccc3cn[nH]c3c2)nc(OC(C(F)(F)F)C(F)(F)F)n1,CHEMBL4051,CHEMBL3997791,Cystic fibrosis transmembrane conductance regulator,CHEMBL3998784,Activation of human CFTR expressed in FRT cells co-expressing YFP assessed as increase in forskolin-stimulated iodide influx measured after 10 mins for 2 to 12 sec by fluorescence assay,B,EC50,=,900.0,nM,6.05,,2017,unspecified,activator
CHEMBL4094736,CCN(CC)c1nc(Nc2ccc3[nH]ncc3c2)nc(OC(C(F)(F)F)C(F)(F)F)n1,CHEMBL4051,CHEMBL3997791,Cystic fibrosis transmembrane conductance regulator,CHEMBL3998784,Activation of human CFTR expressed in FRT cells co-expressing YFP assessed as increase in forskolin-stimulated iodide influx measured after 10 mins for 2 to 12 sec by fluorescence assay,B,EC50,=,2800.0,nM,5.55,,2017,unspecified,activator
CHEMBL4104898,CCN(CC)c1nc(Nc2ccc3ncoc3c2)nc(OC(C(F)(F)F)C(F)(F)F)n1,CHEMBL4051,CHEMBL3997791,Cystic fibrosis transmembrane conductance regulator,CHEMBL3998784,Activation of human CFTR expressed in FRT cells co-expressing YFP assessed as increase in forskolin-stimulated iodide influx measured after 10 mins for 2 to 12 sec by fluorescence assay,B,EC50,=,150.0,nM,6.82,,2017,unspecified,activator
CHEMBL4087035,CCN(CC)c1nc(Nc2ccc3ncsc3c2)nc(OC(C(F)(F)F)C(F)(F)F)n1,CHEMBL4051,CHEMBL3997791,Cystic fibrosis transmembrane conductance regulator,CHEMBL3998784,Activation of human CFTR expressed in FRT cells co-expressing YFP assessed as increase in forskolin-stimulated iodide influx measured after 10 mins for 2 to 12 sec by fluorescence assay,B,EC50,=,50.0,nM,7.30,,2017,unspecified,activator
CHEMBL4097188,CNc1nc(Nc2ccccc2)nc(OC(C(F)(F)F)C(F)(F)F)n1,CHEMBL4051,CHEMBL3997791,Cystic fibrosis transmembrane conductance regulator,CHEMBL3998784,Activation of human CFTR expressed in FRT cells co-expressing YFP assessed as increase in forskolin-stimulated iodide influx measured after 10 mins for 2 to 12 sec by fluorescence assay,B,EC50,=,120.0,nM,6.92,,2017,unspecified,activator
CHEMBL4079174,CNc1nc(Nc2ccccc2)nc(OCC(F)(F)C(F)F)n1,CHEMBL4051,CHEMBL3997791,Cystic fibrosis transmembrane conductance regulator,CHEMBL3998784,Activation of human CFTR expressed in FRT cells co-expressing YFP assessed as increase in forskolin-stimulated iodide influx measured after 10 mins for 2 to 12 sec by fluorescence assay,B,EC50,=,40.0,nM,7.40,,2017,unspecified,activator
CHEMBL4087035,CCN(CC)c1nc(Nc2ccc3ncsc3c2)nc(OC(C(F)(F)F)C(F)(F)F)n1,CHEMBL4051,CHEMBL3997791,Cystic fibrosis transmembrane conductance regulator,CHEMBL3998786,Activation of human CFTR expressed in forskolin-stimulated basolateral membrane permeabilized FRT cells co-expressing YFP assessed as increase in short-circuit current by voltage clamp method,B,EC50,=,30.0,nM,7.52,,2017,unspecified,activator
CHEMBL4079174,CNc1nc(Nc2ccccc2)nc(OCC(F)(F)C(F)F)n1,CHEMBL4051,CHEMBL3997791,Cystic fibrosis transmembrane conductance regulator,CHEMBL3998786,Activation of human CFTR expressed in forskolin-stimulated basolateral membrane permeabilized FRT cells co-expressing YFP assessed as increase in short-circuit current by voltage clamp method,B,EC50,=,31.0,nM,7.51,,2017,unspecified,activator
CHEMBL4086433,Nc1ccc([N+](=O)[O-])cc1-c1nc2ccccc2n(Cc2ccccc2)c1=O,CHEMBL4051,CHEMBL4007437,Cystic fibrosis transmembrane conductance regulator,CHEMBL4009583,Activation of human CFTR expressed in FRT cells co-expressing YFP H148Q mutant assessed as increase in forskolin-stimulated iodide influx measured after 10 mins by fluorescence assay,B,EC50,=,200.0,nM,6.70,,2017,unspecified,activator
CHEMBL4064970,COC(=O)c1ccc([N+](=O)[O-])c(-c2nc3ccccc3n(Cc3ccccc3)c2=O)c1,CHEMBL4051,CHEMBL4007437,Cystic fibrosis transmembrane conductance regulator,CHEMBL4009583,Activation of human CFTR expressed in FRT cells co-expressing YFP H148Q mutant assessed as increase in forskolin-stimulated iodide influx measured after 10 mins by fluorescence assay,B,EC50,=,9900.0,nM,5.00,,2017,unspecified,activator
CHEMBL4089825,O=C(O)c1ccc([N+](=O)[O-])c(-c2nc3ccccc3n(Cc3ccccc3)c2=O)c1,CHEMBL4051,CHEMBL4007437,Cystic fibrosis transmembrane conductance regulator,CHEMBL4009583,Activation of human CFTR expressed in FRT cells co-expressing YFP H148Q mutant assessed as increase in forskolin-stimulated iodide influx measured after 10 mins by fluorescence assay,B,EC50,>,10000.0,nM,,,2017,unspecified,activator
CHEMBL4068723,O=c1c(-c2cccc([N+](=O)[O-])c2)nc2ccccc2n1Cc1ccccc1,CHEMBL4051,CHEMBL4007437,Cystic fibrosis transmembrane conductance regulator,CHEMBL4009583,Activation of human CFTR expressed in FRT cells co-expressing YFP H148Q mutant assessed as increase in forskolin-stimulated iodide influx measured after 10 mins by fluorescence assay,B,EC50,=,9.0,nM,8.05,,2017,unspecified,activator
CHEMBL4103866,O=c1c(-c2ccccc2[N+](=O)[O-])nc2ccccc2n1Cc1ccccc1,CHEMBL4051,CHEMBL4007437,Cystic fibrosis transmembrane conductance regulator,CHEMBL4009583,Activation of human CFTR expressed in FRT cells co-expressing YFP H148Q mutant assessed as increase in forskolin-stimulated iodide influx measured after 10 mins by fluorescence assay,B,EC50,=,1000.0,nM,6.00,,2017,unspecified,activator
CHEMBL4085942,O=c1c(-c2ccc([N+](=O)[O-])cc2)nc2ccccc2n1Cc1ccccc1,CHEMBL4051,CHEMBL4007437,Cystic fibrosis transmembrane conductance regulator,CHEMBL4009583,Activation of human CFTR expressed in FRT cells co-expressing YFP H148Q mutant assessed as increase in forskolin-stimulated iodide influx measured after 10 mins by fluorescence assay,B,EC50,=,1000.0,nM,6.00,,2017,unspecified,activator
CHEMBL4066115,O=c1c(-c2ccc(C(F)(F)F)cc2)nc2ccccc2n1Cc1ccccc1,CHEMBL4051,CHEMBL4007437,Cystic fibrosis transmembrane conductance regulator,CHEMBL4009583,Activation of human CFTR expressed in FRT cells co-expressing YFP H148Q mutant assessed as increase in forskolin-stimulated iodide influx measured after 10 mins by fluorescence assay,B,EC50,=,1000.0,nM,6.00,,2017,unspecified,activator
CHEMBL4093693,O=c1c(-c2cccc(Br)c2)nc2ccccc2n1Cc1ccccc1,CHEMBL4051,CHEMBL4007437,Cystic fibrosis transmembrane conductance regulator,CHEMBL4009583,Activation of human CFTR expressed in FRT cells co-expressing YFP H148Q mutant assessed as increase in forskolin-stimulated iodide influx measured after 10 mins by fluorescence assay,B,EC50,=,330.0,nM,6.48,,2017,unspecified,activator
CHEMBL4074724,O=c1c(-c2ccccc2)nc2ccccc2n1Cc1ccccc1,CHEMBL4051,CHEMBL4007437,Cystic fibrosis transmembrane conductance regulator,CHEMBL4009583,Activation of human CFTR expressed in FRT cells co-expressing YFP H148Q mutant assessed as increase in forskolin-stimulated iodide influx measured after 10 mins by fluorescence assay,B,EC50,=,5000.0,nM,5.30,,2017,unspecified,activator
CHEMBL4101412,O=c1c(-c2ccc(F)c([N+](=O)[O-])c2)nc2ccccc2n1Cc1ccccc1,CHEMBL4051,CHEMBL4007437,Cystic fibrosis transmembrane conductance regulator,CHEMBL4009583,Activation of human CFTR expressed in FRT cells co-expressing YFP H148Q mutant assessed as increase in forskolin-stimulated iodide influx measured after 10 mins by fluorescence assay,B,EC50,=,690.0,nM,6.16,,2017,unspecified,activator
CHEMBL4084994,COC(=O)c1ccc(N)c(-c2nc3ccccc3n(Cc3ccccc3)c2=O)c1,CHEMBL4051,CHEMBL4007437,Cystic fibrosis transmembrane conductance regulator,CHEMBL4009583,Activation of human CFTR expressed in FRT cells co-expressing YFP H148Q mutant assessed as increase in forskolin-stimulated iodide influx measured after 10 mins by fluorescence assay,B,EC50,=,550.0,nM,6.26,,2017,unspecified,activator
CHEMBL4063348,Nc1ccc(C(=O)O)cc1-c1nc2ccccc2n(Cc2ccccc2)c1=O,CHEMBL4051,CHEMBL4007437,Cystic fibrosis transmembrane conductance regulator,CHEMBL4009583,Activation of human CFTR expressed in FRT cells co-expressing YFP H148Q mutant assessed as increase in forskolin-stimulated iodide influx measured after 10 mins by fluorescence assay,B,EC50,>,10000.0,nM,,,2017,unspecified,activator
CHEMBL4069832,N#Cc1cccc(-c2nc3ccccc3n(Cc3ccccc3)c2=O)c1,CHEMBL4051,CHEMBL4007437,Cystic fibrosis transmembrane conductance regulator,CHEMBL4009583,Activation of human CFTR expressed in FRT cells co-expressing YFP H148Q mutant assessed as increase in forskolin-stimulated iodide influx measured after 10 mins by fluorescence assay,B,EC50,=,1000.0,nM,6.00,,2017,unspecified,activator
CHEMBL4097026,O=c1c(-c2ccc3nonc3c2)nc2ccccc2n1Cc1ccccc1,CHEMBL4051,CHEMBL4007437,Cystic fibrosis transmembrane conductance regulator,CHEMBL4009583,Activation of human CFTR expressed in FRT cells co-expressing YFP H148Q mutant assessed as increase in forskolin-stimulated iodide influx measured after 10 mins by fluorescence assay,B,EC50,=,18.0,nM,7.75,,2017,unspecified,activator
CHEMBL4061323,O=c1c(-c2cccc([N+](=O)[O-])c2)nc2ccc(Cl)cc2n1Cc1ccccc1,CHEMBL4051,CHEMBL4007437,Cystic fibrosis transmembrane conductance regulator,CHEMBL4009583,Activation of human CFTR expressed in FRT cells co-expressing YFP H148Q mutant assessed as increase in forskolin-stimulated iodide influx measured after 10 mins by fluorescence assay,B,EC50,=,760.0,nM,6.12,,2017,unspecified,activator
CHEMBL4083185,O=c1c(-c2cccc([N+](=O)[O-])c2)nc2cc(Cl)ccc2n1Cc1ccccc1,CHEMBL4051,CHEMBL4007437,Cystic fibrosis transmembrane conductance regulator,CHEMBL4009583,Activation of human CFTR expressed in FRT cells co-expressing YFP H148Q mutant assessed as increase in forskolin-stimulated iodide influx measured after 10 mins by fluorescence assay,B,EC50,=,70.0,nM,7.16,,2017,unspecified,activator
CHEMBL4099611,O=c1c(-c2cccc([N+](=O)[O-])c2)nc2c(Cl)cccc2n1Cc1ccccc1,CHEMBL4051,CHEMBL4007437,Cystic fibrosis transmembrane conductance regulator,CHEMBL4009583,Activation of human CFTR expressed in FRT cells co-expressing YFP H148Q mutant assessed as increase in forskolin-stimulated iodide influx measured after 10 mins by fluorescence assay,B,EC50,=,110.0,nM,6.96,,2017,unspecified,activator
CHEMBL4072713,O=c1c(-c2cccc([N+](=O)[O-])c2)nc2cc(Cl)c(Cl)cc2n1Cc1ccccc1,CHEMBL4051,CHEMBL4007437,Cystic fibrosis transmembrane conductance regulator,CHEMBL4009583,Activation of human CFTR expressed in FRT cells co-expressing YFP H148Q mutant assessed as increase in forskolin-stimulated iodide influx measured after 10 mins by fluorescence assay,B,EC50,>,10000.0,nM,,,2017,unspecified,activator
CHEMBL4091878,O=c1c(-c2cccc([N+](=O)[O-])c2)nc2ccc(Br)cc2n1Cc1ccccc1,CHEMBL4051,CHEMBL4007437,Cystic fibrosis transmembrane conductance regulator,CHEMBL4009583,Activation of human CFTR expressed in FRT cells co-expressing YFP H148Q mutant assessed as increase in forskolin-stimulated iodide influx measured after 10 mins by fluorescence assay,B,EC50,,,,,,2017,unspecified,activator
CHEMBL4064125,O=c1c(-c2cccc([N+](=O)[O-])c2)nc2cc(Br)ccc2n1Cc1ccccc1,CHEMBL4051,CHEMBL4007437,Cystic fibrosis transmembrane conductance regulator,CHEMBL4009583,Activation of human CFTR expressed in FRT cells co-expressing YFP H148Q mutant assessed as increase in forskolin-stimulated iodide influx measured after 10 mins by fluorescence assay,B,EC50,=,63.0,nM,7.20,,2017,unspecified,activator
CHEMBL4084118,O=c1c(-c2cccc([N+](=O)[O-])c2)nc2cc(F)c(F)cc2n1Cc1ccccc1,CHEMBL4051,CHEMBL4007437,Cystic fibrosis transmembrane conductance regulator,CHEMBL4009583,Activation of human CFTR expressed in FRT cells co-expressing YFP H148Q mutant assessed as increase in forskolin-stimulated iodide influx measured after 10 mins by fluorescence assay,B,EC50,>,10000.0,nM,,,2017,unspecified,activator
CHEMBL4102104,Cc1cccc2nc(-c3cccc([N+](=O)[O-])c3)c(=O)n(Cc3ccccc3)c12,CHEMBL4051,CHEMBL4007437,Cystic fibrosis transmembrane conductance regulator,CHEMBL4009583,Activation of human CFTR expressed in FRT cells co-expressing YFP H148Q mutant assessed as increase in forskolin-stimulated iodide influx measured after 10 mins by fluorescence assay,B,EC50,>,10000.0,nM,,,2017,unspecified,activator
CHEMBL4096257,Cc1cc2nc(-c3cccc([N+](=O)[O-])c3)c(=O)n(Cc3ccccc3)c2cc1C,CHEMBL4051,CHEMBL4007437,Cystic fibrosis transmembrane conductance regulator,CHEMBL4009583,Activation of human CFTR expressed in FRT cells co-expressing YFP H148Q mutant assessed as increase in forskolin-stimulated iodide influx measured after 10 mins by fluorescence assay,B,EC50,>,10000.0,nM,,,2017,unspecified,activator
CHEMBL4068990,O=c1[nH]c2ccccc2nc1-c1cccc([N+](=O)[O-])c1,CHEMBL4051,CHEMBL4007437,Cystic fibrosis transmembrane conductance regulator,CHEMBL4009583,Activation of human CFTR expressed in FRT cells co-expressing YFP H148Q mutant assessed as increase in forskolin-stimulated iodide influx measured after 10 mins by fluorescence assay,B,EC50,>,10000.0,nM,,,2017,unspecified,activator
CHEMBL4082320,Cn1c(=O)c(-c2cccc([N+](=O)[O-])c2)nc2ccccc21,CHEMBL4051,CHEMBL4007437,Cystic fibrosis transmembrane conductance regulator,CHEMBL4009583,Activation of human CFTR expressed in FRT cells co-expressing YFP H148Q mutant assessed as increase in forskolin-stimulated iodide influx measured after 10 mins by fluorescence assay,B,EC50,>,10000.0,nM,,,2017,unspecified,activator
CHEMBL4060418,CCn1c(=O)c(-c2cccc([N+](=O)[O-])c2)nc2ccccc21,CHEMBL4051,CHEMBL4007437,Cystic fibrosis transmembrane conductance regulator,CHEMBL4009583,Activation of human CFTR expressed in FRT cells co-expressing YFP H148Q mutant assessed as increase in forskolin-stimulated iodide influx measured after 10 mins by fluorescence assay,B,EC50,=,65.0,nM,7.19,,2017,unspecified,activator
CHEMBL4071817,CCCn1c(=O)c(-c2cccc([N+](=O)[O-])c2)nc2ccccc21,CHEMBL4051,CHEMBL4007437,Cystic fibrosis transmembrane conductance regulator,CHEMBL4009583,Activation of human CFTR expressed in FRT cells co-expressing YFP H148Q mutant assessed as increase in forskolin-stimulated iodide influx measured after 10 mins by fluorescence assay,B,EC50,=,177.0,nM,6.75,,2017,unspecified,activator
CHEMBL4098817,C=CCn1c(=O)c(-c2cccc([N+](=O)[O-])c2)nc2ccccc21,CHEMBL4051,CHEMBL4007437,Cystic fibrosis transmembrane conductance regulator,CHEMBL4009583,Activation of human CFTR expressed in FRT cells co-expressing YFP H148Q mutant assessed as increase in forskolin-stimulated iodide influx measured after 10 mins by fluorescence assay,B,EC50,=,55.0,nM,7.26,,2017,unspecified,activator
CHEMBL4063191,O=c1c(-c2cccc([N+](=O)[O-])c2)nc2ccccc2n1Cc1cccc2ccccc12,CHEMBL4051,CHEMBL4007437,Cystic fibrosis transmembrane conductance regulator,CHEMBL4009583,Activation of human CFTR expressed in FRT cells co-expressing YFP H148Q mutant assessed as increase in forskolin-stimulated iodide influx measured after 10 mins by fluorescence assay,B,EC50,,,,,,2017,unspecified,activator
CHEMBL4091072,O=c1c(-c2cccc([N+](=O)[O-])c2)nc2ccccc2n1Cc1ccc2ccccc2c1,CHEMBL4051,CHEMBL4007437,Cystic fibrosis transmembrane conductance regulator,CHEMBL4009583,Activation of human CFTR expressed in FRT cells co-expressing YFP H148Q mutant assessed as increase in forskolin-stimulated iodide influx measured after 10 mins by fluorescence assay,B,EC50,=,4300.0,nM,5.37,,2017,unspecified,activator
CHEMBL4101279,O=c1c(-c2cccc([N+](=O)[O-])c2)nc2ccccc2n1Cc1ccccn1,CHEMBL4051,CHEMBL4007437,Cystic fibrosis transmembrane conductance regulator,CHEMBL4009583,Activation of human CFTR expressed in FRT cells co-expressing YFP H148Q mutant assessed as increase in forskolin-stimulated iodide influx measured after 10 mins by fluorescence assay,B,EC50,=,52.0,nM,7.28,,2017,unspecified,activator
CHEMBL4083281,O=c1c(-c2cccc([N+](=O)[O-])c2)nc2ccccc2n1Cc1ccco1,CHEMBL4051,CHEMBL4007437,Cystic fibrosis transmembrane conductance regulator,CHEMBL4009583,Activation of human CFTR expressed in FRT cells co-expressing YFP H148Q mutant assessed as increase in forskolin-stimulated iodide influx measured after 10 mins by fluorescence assay,B,EC50,=,20.0,nM,7.70,,2017,unspecified,activator
CHEMBL4071923,O=c1c(-c2cccc([N+](=O)[O-])c2)nc2ccccc2n1Cc1cccs1,CHEMBL4051,CHEMBL4007437,Cystic fibrosis transmembrane conductance regulator,CHEMBL4009583,Activation of human CFTR expressed in FRT cells co-expressing YFP H148Q mutant assessed as increase in forskolin-stimulated iodide influx measured after 10 mins by fluorescence assay,B,EC50,=,10.0,nM,8.00,,2017,unspecified,activator
CHEMBL4077230,CC(=O)Nc1ccc([N+](=O)[O-])cc1-c1nc2cccc3c2n(c1=O)CCO3,CHEMBL4051,CHEMBL4007437,Cystic fibrosis transmembrane conductance regulator,CHEMBL4009583,Activation of human CFTR expressed in FRT cells co-expressing YFP H148Q mutant assessed as increase in forskolin-stimulated iodide influx measured after 10 mins by fluorescence assay,B,EC50,=,820.0,nM,6.09,,2017,unspecified,activator
CHEMBL4071179,Nc1ccc([N+](=O)[O-])cc1-c1nc2cccc3c2n(c1=O)C(c1ccccc1)CO3,CHEMBL4051,CHEMBL4007437,Cystic fibrosis transmembrane conductance regulator,CHEMBL4009583,Activation of human CFTR expressed in FRT cells co-expressing YFP H148Q mutant assessed as increase in forskolin-stimulated iodide influx measured after 10 mins by fluorescence assay,B,EC50,>,10000.0,nM,,,2017,unspecified,activator
CHEMBL4092001,Fc1ccc2nc3n(Cc4ccccc4)c4ccc(C(F)(F)F)cc4nc-3c2c1,CHEMBL4051,CHEMBL4007437,Cystic fibrosis transmembrane conductance regulator,CHEMBL4009583,Activation of human CFTR expressed in FRT cells co-expressing YFP H148Q mutant assessed as increase in forskolin-stimulated iodide influx measured after 10 mins by fluorescence assay,B,EC50,>,10000.0,nM,,,2017,unspecified,activator
CHEMBL4081731,O=[N+]([O-])c1ccc2nc3n(Cc4ccccc4)c4ccc(C(F)(F)F)cc4nc-3c2c1,CHEMBL4051,CHEMBL4007437,Cystic fibrosis transmembrane conductance regulator,CHEMBL4009583,Activation of human CFTR expressed in FRT cells co-expressing YFP H148Q mutant assessed as increase in forskolin-stimulated iodide influx measured after 10 mins by fluorescence assay,B,EC50,>,10000.0,nM,,,2017,unspecified,activator
CHEMBL4068723,O=c1c(-c2cccc([N+](=O)[O-])c2)nc2ccccc2n1Cc1ccccc1,CHEMBL4051,CHEMBL4007437,Cystic fibrosis transmembrane conductance regulator,CHEMBL4009584,Activation of human CFTR expressed in forskolin-stimulated basolateral membrane permeabilized FRT cells assessed as increase in short-circuit current amplitude after 30 mins by voltage clamp method,B,EC50,=,21.0,nM,7.68,,2017,unspecified,activator
CHEMBL4071923,O=c1c(-c2cccc([N+](=O)[O-])c2)nc2ccccc2n1Cc1cccs1,CHEMBL4051,CHEMBL4007437,Cystic fibrosis transmembrane conductance regulator,CHEMBL4009584,Activation of human CFTR expressed in forskolin-stimulated basolateral membrane permeabilized FRT cells assessed as increase in short-circuit current amplitude after 30 mins by voltage clamp method,B,EC50,=,70.0,nM,7.16,,2017,unspecified,activator
CHEMBL4085871,COc1ccc2c(c1)O[C@@H](c1cccc(C(=O)O)c1)C[C@H]2NC(=O)C1(c2ccc3c(c2)OC(F)(F)O3)CC1,CHEMBL4051,CHEMBL4020819,Cystic fibrosis transmembrane conductance regulator,CHEMBL4022894,Corrector activity at HRP-fused CFTR F508del mutant (unknown origin) expressed in human CFBE41o cells assessed as increase in matured protein levels at cell surface after 18 to 24 hrs by luminescence assay,B,EC50,=,230.0,nM,6.64,,2018,F508del,corrector
CHEMBL4094248,O=C(NC1C[C@H](c2cccc(CO)c2)Oc2ccccc21)C1(c2ccc3c(c2)OC(F)(F)O3)CC1,CHEMBL4051,CHEMBL4020819,Cystic fibrosis transmembrane conductance regulator,CHEMBL4022894,Corrector activity at HRP-fused CFTR F508del mutant (unknown origin) expressed in human CFBE41o cells assessed as increase in matured protein levels at cell surface after 18 to 24 hrs by luminescence assay,B,EC50,=,1600.0,nM,5.80,,2018,F508del,corrector
CHEMBL4093612,COc1ccc2c(c1)O[C@@H](c1ccc(OC)c(OC)c1)C[C@H]2NC(=O)C1(c2ccc3c(c2)OC(F)(F)O3)CC1,CHEMBL4051,CHEMBL4020819,Cystic fibrosis transmembrane conductance regulator,CHEMBL4022894,Corrector activity at HRP-fused CFTR F508del mutant (unknown origin) expressed in human CFBE41o cells assessed as increase in matured protein levels at cell surface after 18 to 24 hrs by luminescence assay,B,EC50,=,130.0,nM,6.89,,2018,F508del,corrector
CHEMBL4066040,COc1ccc2c(c1)O[C@H](c1ccc(OC)c(OC)c1)C[C@@H]2NC(=O)C1(c2ccc3c(c2)OC(F)(F)O3)CC1,CHEMBL4051,CHEMBL4020819,Cystic fibrosis transmembrane conductance regulator,CHEMBL4022894,Corrector activity at HRP-fused CFTR F508del mutant (unknown origin) expressed in human CFBE41o cells assessed as increase in matured protein levels at cell surface after 18 to 24 hrs by luminescence assay,B,EC50,=,1000.0,nM,6.00,,2018,F508del,corrector
CHEMBL4101344,COc1ccc2c(c1)OC(c1ccc(OC)c(OC)c1)CC2NC(=O)C1(c2ccc3c(c2)OC(F)(F)O3)CC1,CHEMBL4051,CHEMBL4020819,Cystic fibrosis transmembrane conductance regulator,CHEMBL4022894,Corrector activity at HRP-fused CFTR F508del mutant (unknown origin) expressed in human CFBE41o cells assessed as increase in matured protein levels at cell surface after 18 to 24 hrs by luminescence assay,B,EC50,=,200.0,nM,6.70,,2018,F508del,corrector
CHEMBL4074654,COc1ccc2c(c1)OC(c1ccccc1)CC2NC(=O)C1(c2ccc3c(c2)OC(F)(F)O3)CC1,CHEMBL4051,CHEMBL4020819,Cystic fibrosis transmembrane conductance regulator,CHEMBL4022894,Corrector activity at HRP-fused CFTR F508del mutant (unknown origin) expressed in human CFBE41o cells assessed as increase in matured protein levels at cell surface after 18 to 24 hrs by luminescence assay,B,EC50,=,450.0,nM,6.35,,2018,F508del,corrector
CHEMBL4102835,O=C(NC1CC(c2ccc(Cl)cc2)Oc2ccccc21)C1(c2ccc3c(c2)OC(F)(F)O3)CC1,CHEMBL4051,CHEMBL4020819,Cystic fibrosis transmembrane conductance regulator,CHEMBL4022894,Corrector activity at HRP-fused CFTR F508del mutant (unknown origin) expressed in human CFBE41o cells assessed as increase in matured protein levels at cell surface after 18 to 24 hrs by luminescence assay,B,EC50,=,940.0,nM,6.03,,2018,F508del,corrector
CHEMBL4078555,O=C(NC1CC(c2cccc(Cl)c2)Oc2ccccc21)C1(c2ccc3c(c2)OC(F)(F)O3)CC1,CHEMBL4051,CHEMBL4020819,Cystic fibrosis transmembrane conductance regulator,CHEMBL4022894,Corrector activity at HRP-fused CFTR F508del mutant (unknown origin) expressed in human CFBE41o cells assessed as increase in matured protein levels at cell surface after 18 to 24 hrs by luminescence assay,B,EC50,=,3900.0,nM,5.41,,2018,F508del,corrector
CHEMBL4064946,O=C(NC1CC(c2ccccc2Cl)Oc2ccccc21)C1(c2ccc3c(c2)OC(F)(F)O3)CC1,CHEMBL4051,CHEMBL4020819,Cystic fibrosis transmembrane conductance regulator,CHEMBL4022894,Corrector activity at HRP-fused CFTR F508del mutant (unknown origin) expressed in human CFBE41o cells assessed as increase in matured protein levels at cell surface after 18 to 24 hrs by luminescence assay,B,EC50,=,11000.0,nM,4.96,,2018,F508del,corrector
CHEMBL4086410,O=C(NC1CC(c2ccc(F)cc2)Oc2ccccc21)C1(c2ccc3c(c2)OC(F)(F)O3)CC1,CHEMBL4051,CHEMBL4020819,Cystic fibrosis transmembrane conductance regulator,CHEMBL4022894,Corrector activity at HRP-fused CFTR F508del mutant (unknown origin) expressed in human CFBE41o cells assessed as increase in matured protein levels at cell surface after 18 to 24 hrs by luminescence assay,B,EC50,=,2500.0,nM,5.60,,2018,F508del,corrector
CHEMBL4073541,O=C(NC1CC(c2ccccc2)Oc2ccccc21)C1(c2ccc3c(c2)OC(F)(F)O3)CC1,CHEMBL4051,CHEMBL4020819,Cystic fibrosis transmembrane conductance regulator,CHEMBL4022894,Corrector activity at HRP-fused CFTR F508del mutant (unknown origin) expressed in human CFBE41o cells assessed as increase in matured protein levels at cell surface after 18 to 24 hrs by luminescence assay,B,EC50,=,2500.0,nM,5.60,,2018,F508del,corrector
CHEMBL4094173,O=C(N[C@@H]1CC(CF)(CF)Oc2cc(F)ccc21)C1(c2ccc3c(c2)OC(F)(F)O3)CC1,CHEMBL4051,CHEMBL4020819,Cystic fibrosis transmembrane conductance regulator,CHEMBL4022894,Corrector activity at HRP-fused CFTR F508del mutant (unknown origin) expressed in human CFBE41o cells assessed as increase in matured protein levels at cell surface after 18 to 24 hrs by luminescence assay,B,EC50,=,4300.0,nM,5.37,,2018,F508del,corrector
CHEMBL4083915,CC1(C)C[C@@H](NC(=O)C2(c3ccc4c(c3)OC(F)(F)O4)CC2)c2ccc(F)c(Cl)c2O1,CHEMBL4051,CHEMBL4020819,Cystic fibrosis transmembrane conductance regulator,CHEMBL4022894,Corrector activity at HRP-fused CFTR F508del mutant (unknown origin) expressed in human CFBE41o cells assessed as increase in matured protein levels at cell surface after 18 to 24 hrs by luminescence assay,B,EC50,=,2300.0,nM,5.64,,2018,F508del,corrector
CHEMBL4101906,CC1(C)C[C@H](NC(=O)C2(c3ccc4c(c3)OC(F)(F)O4)CC2)c2cc(F)ccc2O1,CHEMBL4051,CHEMBL4020819,Cystic fibrosis transmembrane conductance regulator,CHEMBL4022894,Corrector activity at HRP-fused CFTR F508del mutant (unknown origin) expressed in human CFBE41o cells assessed as increase in matured protein levels at cell surface after 18 to 24 hrs by luminescence assay,B,EC50,>,20000.0,nM,,,2018,F508del,corrector
CHEMBL4091682,CC1(C)C[C@@H](NC(=O)C2(c3ccc4c(c3)OC(F)(F)O4)CC2)c2ccc(F)cc2O1,CHEMBL4051,CHEMBL4020819,Cystic fibrosis transmembrane conductance regulator,CHEMBL4022894,Corrector activity at HRP-fused CFTR F508del mutant (unknown origin) expressed in human CFBE41o cells assessed as increase in matured protein levels at cell surface after 18 to 24 hrs by luminescence assay,B,EC50,=,2700.0,nM,5.57,,2018,F508del,corrector
CHEMBL4093612,COc1ccc2c(c1)O[C@@H](c1ccc(OC)c(OC)c1)C[C@H]2NC(=O)C1(c2ccc3c(c2)OC(F)(F)O3)CC1,CHEMBL4051,CHEMBL4020819,Cystic fibrosis transmembrane conductance regulator,CHEMBL4022897,Corrector activity at CFTR F508del/F508del mutant in primary HBE cells assessed as increase in chloride ion current across apical membrane measured 18 to 24 hrs post compound treatment on basolateral side of cells in presence of channel potentiator GLPG1837 by trans-epithelial current clamp method,B,EC50,=,28.0,nM,7.55,,2018,F508del,corrector
CHEMBL4094248,O=C(NC1C[C@H](c2cccc(CO)c2)Oc2ccccc21)C1(c2ccc3c(c2)OC(F)(F)O3)CC1,CHEMBL4051,CHEMBL4020819,Cystic fibrosis transmembrane conductance regulator,CHEMBL4022897,Corrector activity at CFTR F508del/F508del mutant in primary HBE cells assessed as increase in chloride ion current across apical membrane measured 18 to 24 hrs post compound treatment on basolateral side of cells in presence of channel potentiator GLPG1837 by trans-epithelial current clamp method,B,EC50,=,750.0,nM,6.12,,2018,F508del,corrector
CHEMBL4085871,COc1ccc2c(c1)O[C@@H](c1cccc(C(=O)O)c1)C[C@H]2NC(=O)C1(c2ccc3c(c2)OC(F)(F)O3)CC1,CHEMBL4051,CHEMBL4020819,Cystic fibrosis transmembrane conductance regulator,CHEMBL4022897,Corrector activity at CFTR F508del/F508del mutant in primary HBE cells assessed as increase in chloride ion current across apical membrane measured 18 to 24 hrs post compound treatment on basolateral side of cells in presence of channel potentiator GLPG1837 by trans-epithelial current clamp method,B,EC50,=,240.0,nM,6.62,,2018,F508del,corrector
CHEMBL4096042,COc1ccc2c(c1)[C@H](NC(=O)C1(c3ccc4c(c3)OC(F)(F)O4)CC1)C[C@H](c1cccc(C(=O)O)c1)O2,CHEMBL4051,CHEMBL4020819,Cystic fibrosis transmembrane conductance regulator,CHEMBL4022897,Corrector activity at CFTR F508del/F508del mutant in primary HBE cells assessed as increase in chloride ion current across apical membrane measured 18 to 24 hrs post compound treatment on basolateral side of cells in presence of channel potentiator GLPG1837 by trans-epithelial current clamp method,B,EC50,=,210.0,nM,6.68,,2018,F508del,corrector
CHEMBL4077999,O=C(O)c1cccc([C@H]2C[C@@H](NC(=O)C3(c4ccc5c(c4)OC(F)(F)O5)CC3)c3ccc(F)cc3O2)c1,CHEMBL4051,CHEMBL4020819,Cystic fibrosis transmembrane conductance regulator,CHEMBL4022897,Corrector activity at CFTR F508del/F508del mutant in primary HBE cells assessed as increase in chloride ion current across apical membrane measured 18 to 24 hrs post compound treatment on basolateral side of cells in presence of channel potentiator GLPG1837 by trans-epithelial current clamp method,B,EC50,=,110.0,nM,6.96,,2018,F508del,corrector
CHEMBL4067042,O=C(O)c1cccc([C@H]2C[C@@H](NC(=O)C3(c4ccc5c(c4)OC(F)(F)O5)CC3)c3ccc(C(F)(F)F)cc3O2)c1,CHEMBL4051,CHEMBL4020819,Cystic fibrosis transmembrane conductance regulator,CHEMBL4022897,Corrector activity at CFTR F508del/F508del mutant in primary HBE cells assessed as increase in chloride ion current across apical membrane measured 18 to 24 hrs post compound treatment on basolateral side of cells in presence of channel potentiator GLPG1837 by trans-epithelial current clamp method,B,EC50,=,87.0,nM,7.06,,2018,F508del,corrector
CHEMBL4093771,O=C(O)c1cccc([C@H]2C[C@@H](NC(=O)C3(c4ccc5c(c4)OC(F)(F)O5)CC3)c3ccc(OC(F)F)cc3O2)c1,CHEMBL4051,CHEMBL4020819,Cystic fibrosis transmembrane conductance regulator,CHEMBL4022897,Corrector activity at CFTR F508del/F508del mutant in primary HBE cells assessed as increase in chloride ion current across apical membrane measured 18 to 24 hrs post compound treatment on basolateral side of cells in presence of channel potentiator GLPG1837 by trans-epithelial current clamp method,B,EC50,=,75.0,nM,7.12,,2018,F508del,corrector
CHEMBL4066196,COc1ccc2c(c1)O[C@@H](c1ccc(C(=O)O)cc1)C[C@H]2NC(=O)C1(c2ccc3c(c2)OC(F)(F)O3)CC1,CHEMBL4051,CHEMBL4020819,Cystic fibrosis transmembrane conductance regulator,CHEMBL4022897,Corrector activity at CFTR F508del/F508del mutant in primary HBE cells assessed as increase in chloride ion current across apical membrane measured 18 to 24 hrs post compound treatment on basolateral side of cells in presence of channel potentiator GLPG1837 by trans-epithelial current clamp method,B,EC50,=,9.0,nM,8.05,,2018,F508del,corrector
CHEMBL4101487,O=C(O)c1ccc([C@H]2C[C@@H](NC(=O)C3(c4ccc5c(c4)OC(F)(F)O5)CC3)c3ccc(OC(F)F)cc3O2)cc1,CHEMBL4051,CHEMBL4020819,Cystic fibrosis transmembrane conductance regulator,CHEMBL4022897,Corrector activity at CFTR F508del/F508del mutant in primary HBE cells assessed as increase in chloride ion current across apical membrane measured 18 to 24 hrs post compound treatment on basolateral side of cells in presence of channel potentiator GLPG1837 by trans-epithelial current clamp method,B,EC50,=,5.0,nM,8.30,,2018,F508del,corrector
CHEMBL4102980,CC1(C)Cc2c(sc(NC(=O)[C@@H](O)C(C)(C)C)c2C(N)=O)C(C)(C)O1,CHEMBL4051,CHEMBL4024762,Cystic fibrosis transmembrane conductance regulator,CHEMBL4026938,Potentiation of CFTR G551D mutant (unknown origin) expressed in HEK293 cells incubated for 10 mins in presence of forskolin measured for 2 mins by YFP halide assay,B,EC50,=,421.0,nM,6.38,,2018,G551D,potentiator
CHEMBL4077574,CC1(C)Cc2c(sc(NC(=O)[C@H](O)C(C)(C)C)c2C(N)=O)C(C)(C)O1,CHEMBL4051,CHEMBL4024762,Cystic fibrosis transmembrane conductance regulator,CHEMBL4026938,Potentiation of CFTR G551D mutant (unknown origin) expressed in HEK293 cells incubated for 10 mins in presence of forskolin measured for 2 mins by YFP halide assay,B,EC50,=,7777.0,nM,5.11,,2018,G551D,potentiator
CHEMBL4084934,CC(C)(C)CC(O)C(=O)Nc1sc2c(c1C(N)=O)CC(C)(C)OC2(C)C,CHEMBL4051,CHEMBL4024762,Cystic fibrosis transmembrane conductance regulator,CHEMBL4026938,Potentiation of CFTR G551D mutant (unknown origin) expressed in HEK293 cells incubated for 10 mins in presence of forskolin measured for 2 mins by YFP halide assay,B,EC50,=,981.0,nM,6.01,,2018,G551D,potentiator
CHEMBL4066158,CC1(C)Cc2c(sc(NC(=O)c3[nH]ncc3Cl)c2C(N)=O)C(C)(C)O1,CHEMBL4051,CHEMBL4024762,Cystic fibrosis transmembrane conductance regulator,CHEMBL4026938,Potentiation of CFTR G551D mutant (unknown origin) expressed in HEK293 cells incubated for 10 mins in presence of forskolin measured for 2 mins by YFP halide assay,B,EC50,=,81.0,nM,7.09,,2018,G551D,potentiator
CHEMBL4087529,Cc1cn[nH]c1C(=O)Nc1sc2c(c1C(N)=O)CC(C)(C)OC2(C)C,CHEMBL4051,CHEMBL4024762,Cystic fibrosis transmembrane conductance regulator,CHEMBL4026938,Potentiation of CFTR G551D mutant (unknown origin) expressed in HEK293 cells incubated for 10 mins in presence of forskolin measured for 2 mins by YFP halide assay,B,EC50,=,123.0,nM,6.91,,2018,G551D,potentiator
CHEMBL4103906,CC1(C)Cc2c(sc(NC(=O)c3cc(C(F)(F)F)n[nH]3)c2C(N)=O)C(C)(C)O1,CHEMBL4051,CHEMBL4024762,Cystic fibrosis transmembrane conductance regulator,CHEMBL4026938,Potentiation of CFTR G551D mutant (unknown origin) expressed in HEK293 cells incubated for 10 mins in presence of forskolin measured for 2 mins by YFP halide assay,B,EC50,=,130.0,nM,6.89,,2018,G551D,potentiator
CHEMBL4079652,Cc1cc(C(=O)Nc2sc3c(c2C(N)=O)CC(C)(C)OC3(C)C)[nH]n1,CHEMBL4051,CHEMBL4024762,Cystic fibrosis transmembrane conductance regulator,CHEMBL4026938,Potentiation of CFTR G551D mutant (unknown origin) expressed in HEK293 cells incubated for 10 mins in presence of forskolin measured for 2 mins by YFP halide assay,B,EC50,=,590.0,nM,6.23,,2018,G551D,potentiator
CHEMBL4076873,Cc1n[nH]c(C(=O)Nc2sc3c(c2C(N)=O)CC(C)(C)OC3(C)C)c1Cl,CHEMBL4051,CHEMBL4024762,Cystic fibrosis transmembrane conductance regulator,CHEMBL4026938,Potentiation of CFTR G551D mutant (unknown origin) expressed in HEK293 cells incubated for 10 mins in presence of forskolin measured for 2 mins by YFP halide assay,B,EC50,=,199.0,nM,6.70,,2018,G551D,potentiator
CHEMBL4075348,CC1(C)Cc2c(sc(NC(=O)c3ccn[nH]3)c2C(N)=O)C(C)(C)O1,CHEMBL4051,CHEMBL4024762,Cystic fibrosis transmembrane conductance regulator,CHEMBL4026941,Potentiation of CFTR G551D mutant in primary HBE cells assessed as increase in channel conductivity measured every 2 mins for 20 mins by TECC assay,B,EC50,=,181.0,nM,6.74,,2018,G551D,potentiator
CHEMBL4104967,CC1Cc2c(sc(NC(=O)c3ccccc3O)c2C(N)=O)C(C)O1,CHEMBL4051,CHEMBL4024762,Cystic fibrosis transmembrane conductance regulator,CHEMBL4026938,Potentiation of CFTR G551D mutant (unknown origin) expressed in HEK293 cells incubated for 10 mins in presence of forskolin measured for 2 mins by YFP halide assay,B,EC50,=,236.0,nM,6.63,,2018,G551D,potentiator
CHEMBL4059736,CC1(C)Cc2c(sc(NC(=O)c3ccccc3O)c2C(N)=O)C(C)(C)O1,CHEMBL4051,CHEMBL4024762,Cystic fibrosis transmembrane conductance regulator,CHEMBL4026938,Potentiation of CFTR G551D mutant (unknown origin) expressed in HEK293 cells incubated for 10 mins in presence of forskolin measured for 2 mins by YFP halide assay,B,EC50,=,162.0,nM,6.79,,2018,G551D,potentiator
CHEMBL4075348,CC1(C)Cc2c(sc(NC(=O)c3ccn[nH]3)c2C(N)=O)C(C)(C)O1,CHEMBL4051,CHEMBL4024762,Cystic fibrosis transmembrane conductance regulator,CHEMBL4026938,Potentiation of CFTR G551D mutant (unknown origin) expressed in HEK293 cells incubated for 10 mins in presence of forskolin measured for 2 mins by YFP halide assay,B,EC50,=,339.0,nM,6.47,,2018,G551D,potentiator
CHEMBL4083374,CC1(C)Cc2c(sc(NC(=O)C3(CO)CC3)c2C(N)=O)C(C)(C)O1,CHEMBL4051,CHEMBL4024762,Cystic fibrosis transmembrane conductance regulator,CHEMBL4026938,Potentiation of CFTR G551D mutant (unknown origin) expressed in HEK293 cells incubated for 10 mins in presence of forskolin measured for 2 mins by YFP halide assay,B,EC50,=,1320.0,nM,5.88,,2018,G551D,potentiator
CHEMBL4087115,CC1(C)Cc2c(sc(NC(=O)c3ccccc3O)c2C(N)=O)CO1,CHEMBL4051,CHEMBL4024762,Cystic fibrosis transmembrane conductance regulator,CHEMBL4026938,Potentiation of CFTR G551D mutant (unknown origin) expressed in HEK293 cells incubated for 10 mins in presence of forskolin measured for 2 mins by YFP halide assay,B,EC50,=,490.0,nM,6.31,,2018,G551D,potentiator
CHEMBL210832,NC(=O)c1c(NC(=O)c2ccccc2Cl)sc2c1CCCC2,CHEMBL4051,CHEMBL4024762,Cystic fibrosis transmembrane conductance regulator,CHEMBL4026938,Potentiation of CFTR G551D mutant (unknown origin) expressed in HEK293 cells incubated for 10 mins in presence of forskolin measured for 2 mins by YFP halide assay,B,EC50,>,10000.0,nM,,,2018,G551D,potentiator
CHEMBL2010601,CC(C)(C)c1cc(C(C)(C)C)c(NC(=O)c2c[nH]c3ccccc3c2=O)cc1O,CHEMBL4051,CHEMBL4024762,Cystic fibrosis transmembrane conductance regulator,CHEMBL4026938,Potentiation of CFTR G551D mutant (unknown origin) expressed in HEK293 cells incubated for 10 mins in presence of forskolin measured for 2 mins by YFP halide assay,B,EC50,=,1300.0,nM,5.89,,2018,G551D,potentiator
CHEMBL4076873,Cc1n[nH]c(C(=O)Nc2sc3c(c2C(N)=O)CC(C)(C)OC3(C)C)c1Cl,CHEMBL4051,CHEMBL4024762,Cystic fibrosis transmembrane conductance regulator,CHEMBL4026937,Potentiation of CFTR F508del mutant (unknown origin) expressed in human CFBE41o cells incubated for 10 mins in presence of forskolin measured for 7 secs by YFP halide assay,B,EC50,=,11.0,nM,7.96,,2018,F508del,potentiator
CHEMBL4079652,Cc1cc(C(=O)Nc2sc3c(c2C(N)=O)CC(C)(C)OC3(C)C)[nH]n1,CHEMBL4051,CHEMBL4024762,Cystic fibrosis transmembrane conductance regulator,CHEMBL4026937,Potentiation of CFTR F508del mutant (unknown origin) expressed in human CFBE41o cells incubated for 10 mins in presence of forskolin measured for 7 secs by YFP halide assay,B,EC50,=,13.0,nM,7.89,,2018,F508del,potentiator
CHEMBL4103906,CC1(C)Cc2c(sc(NC(=O)c3cc(C(F)(F)F)n[nH]3)c2C(N)=O)C(C)(C)O1,CHEMBL4051,CHEMBL4024762,Cystic fibrosis transmembrane conductance regulator,CHEMBL4026937,Potentiation of CFTR F508del mutant (unknown origin) expressed in human CFBE41o cells incubated for 10 mins in presence of forskolin measured for 7 secs by YFP halide assay,B,EC50,=,3.0,nM,8.52,,2018,F508del,potentiator
CHEMBL4087529,Cc1cn[nH]c1C(=O)Nc1sc2c(c1C(N)=O)CC(C)(C)OC2(C)C,CHEMBL4051,CHEMBL4024762,Cystic fibrosis transmembrane conductance regulator,CHEMBL4026937,Potentiation of CFTR F508del mutant (unknown origin) expressed in human CFBE41o cells incubated for 10 mins in presence of forskolin measured for 7 secs by YFP halide assay,B,EC50,=,2.0,nM,8.70,,2018,F508del,potentiator
CHEMBL4066158,CC1(C)Cc2c(sc(NC(=O)c3[nH]ncc3Cl)c2C(N)=O)C(C)(C)O1,CHEMBL4051,CHEMBL4024762,Cystic fibrosis transmembrane conductance regulator,CHEMBL4026937,Potentiation of CFTR F508del mutant (unknown origin) expressed in human CFBE41o cells incubated for 10 mins in presence of forskolin measured for 7 secs by YFP halide assay,B,EC50,=,2.0,nM,8.70,,2018,F508del,potentiator
CHEMBL4084934,CC(C)(C)CC(O)C(=O)Nc1sc2c(c1C(N)=O)CC(C)(C)OC2(C)C,CHEMBL4051,CHEMBL4024762,Cystic fibrosis transmembrane conductance regulator,CHEMBL4026937,Potentiation of CFTR F508del mutant (unknown origin) expressed in human CFBE41o cells incubated for 10 mins in presence of forskolin measured for 7 secs by YFP halide assay,B,EC50,=,0.54,nM,9.27,,2018,F508del,potentiator
CHEMBL4077574,CC1(C)Cc2c(sc(NC(=O)[C@H](O)C(C)(C)C)c2C(N)=O)C(C)(C)O1,CHEMBL4051,CHEMBL4024762,Cystic fibrosis transmembrane conductance regulator,CHEMBL4026937,Potentiation of CFTR F508del mutant (unknown origin) expressed in human CFBE41o cells incubated for 10 mins in presence of forskolin measured for 7 secs by YFP halide assay,B,EC50,=,127.0,nM,6.90,,2018,F508del,potentiator
CHEMBL4102980,CC1(C)Cc2c(sc(NC(=O)[C@@H](O)C(C)(C)C)c2C(N)=O)C(C)(C)O1,CHEMBL4051,CHEMBL4024762,Cystic fibrosis transmembrane conductance regulator,CHEMBL4026937,Potentiation of CFTR F508del mutant (unknown origin) expressed in human CFBE41o cells incubated for 10 mins in presence of forskolin measured for 7 secs by YFP halide assay,B,EC50,=,2.7,nM,8.57,,2018,F508del,potentiator
CHEMBL4085032,CC1(C)Cc2c(sc(NC(=O)C(C)(C)CO)c2C(N)=O)C(C)(C)O1,CHEMBL4051,CHEMBL4024762,Cystic fibrosis transmembrane conductance regulator,CHEMBL4026937,Potentiation of CFTR F508del mutant (unknown origin) expressed in human CFBE41o cells incubated for 10 mins in presence of forskolin measured for 7 secs by YFP halide assay,B,EC50,=,75.0,nM,7.12,,2018,F508del,potentiator
CHEMBL4083374,CC1(C)Cc2c(sc(NC(=O)C3(CO)CC3)c2C(N)=O)C(C)(C)O1,CHEMBL4051,CHEMBL4024762,Cystic fibrosis transmembrane conductance regulator,CHEMBL4026937,Potentiation of CFTR F508del mutant (unknown origin) expressed in human CFBE41o cells incubated for 10 mins in presence of forskolin measured for 7 secs by YFP halide assay,B,EC50,=,15.0,nM,7.82,,2018,F508del,potentiator
CHEMBL4101361,CC1(C)Cc2c(sc(NC(=O)C(C)(C)O)c2C(N)=O)C(C)(C)O1,CHEMBL4051,CHEMBL4024762,Cystic fibrosis transmembrane conductance regulator,CHEMBL4026937,Potentiation of CFTR F508del mutant (unknown origin) expressed in human CFBE41o cells incubated for 10 mins in presence of forskolin measured for 7 secs by YFP halide assay,B,EC50,=,16.0,nM,7.80,,2018,F508del,potentiator
CHEMBL4077923,CC1(C)Cc2c(sc(NC(=O)C3(O)CC3)c2C(N)=O)C(C)(C)O1,CHEMBL4051,CHEMBL4024762,Cystic fibrosis transmembrane conductance regulator,CHEMBL4026937,Potentiation of CFTR F508del mutant (unknown origin) expressed in human CFBE41o cells incubated for 10 mins in presence of forskolin measured for 7 secs by YFP halide assay,B,EC50,=,23.0,nM,7.64,,2018,F508del,potentiator
CHEMBL4101451,CC1(C)Cc2c(sc(NC(=O)C3CNC(=O)C3)c2C(N)=O)C(C)(C)O1,CHEMBL4051,CHEMBL4024762,Cystic fibrosis transmembrane conductance regulator,CHEMBL4026937,Potentiation of CFTR F508del mutant (unknown origin) expressed in human CFBE41o cells incubated for 10 mins in presence of forskolin measured for 7 secs by YFP halide assay,B,EC50,>,10000.0,nM,,,2018,F508del,potentiator
CHEMBL4082311,CC1(C)Cc2c(sc(NC(=O)C3CCNC3=O)c2C(N)=O)C(C)(C)O1,CHEMBL4051,CHEMBL4024762,Cystic fibrosis transmembrane conductance regulator,CHEMBL4026937,Potentiation of CFTR F508del mutant (unknown origin) expressed in human CFBE41o cells incubated for 10 mins in presence of forskolin measured for 7 secs by YFP halide assay,B,EC50,=,101.0,nM,7.00,,2018,F508del,potentiator
CHEMBL4059537,CC1(C)Cc2c(sc(NC(=O)Cc3ccn[nH]3)c2C(N)=O)C(C)(C)O1,CHEMBL4051,CHEMBL4024762,Cystic fibrosis transmembrane conductance regulator,CHEMBL4026937,Potentiation of CFTR F508del mutant (unknown origin) expressed in human CFBE41o cells incubated for 10 mins in presence of forskolin measured for 7 secs by YFP halide assay,B,EC50,=,136.0,nM,6.87,,2018,F508del,potentiator
CHEMBL4075348,CC1(C)Cc2c(sc(NC(=O)c3ccn[nH]3)c2C(N)=O)C(C)(C)O1,CHEMBL4051,CHEMBL4024762,Cystic fibrosis transmembrane conductance regulator,CHEMBL4026937,Potentiation of CFTR F508del mutant (unknown origin) expressed in human CFBE41o cells incubated for 10 mins in presence of forskolin measured for 7 secs by YFP halide assay,B,EC50,=,3.0,nM,8.52,,2018,F508del,potentiator
CHEMBL4067101,CC1(C)Cc2c(sc(NC(=O)c3cn[nH]c3)c2C(N)=O)C(C)(C)O1,CHEMBL4051,CHEMBL4024762,Cystic fibrosis transmembrane conductance regulator,CHEMBL4026937,Potentiation of CFTR F508del mutant (unknown origin) expressed in human CFBE41o cells incubated for 10 mins in presence of forskolin measured for 7 secs by YFP halide assay,B,EC50,=,125.0,nM,6.90,,2018,F508del,potentiator
CHEMBL4076611,CC1(C)Cc2c(sc(NC(=O)c3nnc[nH]3)c2C(N)=O)C(C)(C)O1,CHEMBL4051,CHEMBL4024762,Cystic fibrosis transmembrane conductance regulator,CHEMBL4026937,Potentiation of CFTR F508del mutant (unknown origin) expressed in human CFBE41o cells incubated for 10 mins in presence of forskolin measured for 7 secs by YFP halide assay,B,EC50,=,467.0,nM,6.33,,2018,F508del,potentiator
CHEMBL4066461,CC1(C)Cc2c(sc(NC(=O)c3ccccc3NS(C)(=O)=O)c2C(N)=O)C(C)(C)O1,CHEMBL4051,CHEMBL4024762,Cystic fibrosis transmembrane conductance regulator,CHEMBL4026937,Potentiation of CFTR F508del mutant (unknown origin) expressed in human CFBE41o cells incubated for 10 mins in presence of forskolin measured for 7 secs by YFP halide assay,B,EC50,=,147.0,nM,6.83,,2018,F508del,potentiator
CHEMBL4081673,CC1(C)Cc2c(sc(NC(=O)c3cccnc3O)c2C(N)=O)C(C)(C)O1,CHEMBL4051,CHEMBL4024762,Cystic fibrosis transmembrane conductance regulator,CHEMBL4026937,Potentiation of CFTR F508del mutant (unknown origin) expressed in human CFBE41o cells incubated for 10 mins in presence of forskolin measured for 7 secs by YFP halide assay,B,EC50,=,190.0,nM,6.72,,2018,F508del,potentiator
CHEMBL4059736,CC1(C)Cc2c(sc(NC(=O)c3ccccc3O)c2C(N)=O)C(C)(C)O1,CHEMBL4051,CHEMBL4024762,Cystic fibrosis transmembrane conductance regulator,CHEMBL4026937,Potentiation of CFTR F508del mutant (unknown origin) expressed in human CFBE41o cells incubated for 10 mins in presence of forskolin measured for 7 secs by YFP halide assay,B,EC50,=,4.0,nM,8.40,,2018,F508del,potentiator
CHEMBL4104967,CC1Cc2c(sc(NC(=O)c3ccccc3O)c2C(N)=O)C(C)O1,CHEMBL4051,CHEMBL4024762,Cystic fibrosis transmembrane conductance regulator,CHEMBL4026937,Potentiation of CFTR F508del mutant (unknown origin) expressed in human CFBE41o cells incubated for 10 mins in presence of forskolin measured for 7 secs by YFP halide assay,B,EC50,=,4.0,nM,8.40,,2018,F508del,potentiator
CHEMBL4087115,CC1(C)Cc2c(sc(NC(=O)c3ccccc3O)c2C(N)=O)CO1,CHEMBL4051,CHEMBL4024762,Cystic fibrosis transmembrane conductance regulator,CHEMBL4026937,Potentiation of CFTR F508del mutant (unknown origin) expressed in human CFBE41o cells incubated for 10 mins in presence of forskolin measured for 7 secs by YFP halide assay,B,EC50,=,13.0,nM,7.89,,2018,F508del,potentiator
CHEMBL4097262,Cc1ccc(C(=O)Nc2sc3c(c2C(N)=O)CCOC3)s1,CHEMBL4051,CHEMBL4024762,Cystic fibrosis transmembrane conductance regulator,CHEMBL4026937,Potentiation of CFTR F508del mutant (unknown origin) expressed in human CFBE41o cells incubated for 10 mins in presence of forskolin measured for 7 secs by YFP halide assay,B,EC50,=,778.0,nM,6.11,,2018,F508del,potentiator
CHEMBL4078274,Cc1ccc(C(=O)Nc2sc3c(c2C(N)=O)CCCC3)s1,CHEMBL4051,CHEMBL4024762,Cystic fibrosis transmembrane conductance regulator,CHEMBL4026937,Potentiation of CFTR F508del mutant (unknown origin) expressed in human CFBE41o cells incubated for 10 mins in presence of forskolin measured for 7 secs by YFP halide assay,B,EC50,=,652.0,nM,6.19,,2018,F508del,potentiator
CHEMBL210832,NC(=O)c1c(NC(=O)c2ccccc2Cl)sc2c1CCCC2,CHEMBL4051,CHEMBL4024762,Cystic fibrosis transmembrane conductance regulator,CHEMBL4026937,Potentiation of CFTR F508del mutant (unknown origin) expressed in human CFBE41o cells incubated for 10 mins in presence of forskolin measured for 7 secs by YFP halide assay,B,EC50,=,326.0,nM,6.49,,2018,F508del,potentiator
CHEMBL2010601,CC(C)(C)c1cc(C(C)(C)C)c(NC(=O)c2c[nH]c3ccccc3c2=O)cc1O,CHEMBL4051,CHEMBL4024762,Cystic fibrosis transmembrane conductance regulator,CHEMBL4026937,Potentiation of CFTR F508del mutant (unknown origin) expressed in human CFBE41o cells incubated for 10 mins in presence of forskolin measured for 7 secs by YFP halide assay,B,EC50,=,126.0,nM,6.90,,2018,F508del,potentiator
CHEMBL4169748,Cc1sc(NC(=O)C2(c3ccc4c(c3)OCO4)CC2)nc1-c1ccc(F)cc1,CHEMBL4051,CHEMBL4145449,Cystic fibrosis transmembrane conductance regulator,CHEMBL4146144,Corrector activity at CFTR F508-del mutant (unknown origin) expressed in human CFBE41o cells harboring HS-YFP preincubated for 24 hrs followed by forskolin/genistein stimulation for 30 mins by fluorescence assay,B,EC50,=,900.0,nM,6.05,,2018,unspecified,corrector
CHEMBL4161828,Cc1sc(NC(=O)C2(c3ccc4c(c3)OCO4)CC2)nc1-c1ccccc1,CHEMBL4051,CHEMBL4145449,Cystic fibrosis transmembrane conductance regulator,CHEMBL4146144,Corrector activity at CFTR F508-del mutant (unknown origin) expressed in human CFBE41o cells harboring HS-YFP preincubated for 24 hrs followed by forskolin/genistein stimulation for 30 mins by fluorescence assay,B,EC50,=,1600.0,nM,5.80,,2018,unspecified,corrector
CHEMBL4166332,Cc1sc(NC(=O)C2(c3ccc4c(c3)OCO4)CC2)nc1-c1cccc(Cl)c1,CHEMBL4051,CHEMBL4145449,Cystic fibrosis transmembrane conductance regulator,CHEMBL4146144,Corrector activity at CFTR F508-del mutant (unknown origin) expressed in human CFBE41o cells harboring HS-YFP preincubated for 24 hrs followed by forskolin/genistein stimulation for 30 mins by fluorescence assay,B,EC50,=,2300.0,nM,5.64,,2018,unspecified,corrector
CHEMBL4176955,Cc1sc(NC(=O)C2(c3ccc4c(c3)OCO4)CC2)nc1-c1ccc(Br)cc1,CHEMBL4051,CHEMBL4145449,Cystic fibrosis transmembrane conductance regulator,CHEMBL4146144,Corrector activity at CFTR F508-del mutant (unknown origin) expressed in human CFBE41o cells harboring HS-YFP preincubated for 24 hrs followed by forskolin/genistein stimulation for 30 mins by fluorescence assay,B,EC50,=,1900.0,nM,5.72,,2018,unspecified,corrector
CHEMBL4162876,Cc1sc(NC(=O)C2(c3ccc4c(c3)OCO4)CC2)nc1-c1ccc(Cl)cc1,CHEMBL4051,CHEMBL4145449,Cystic fibrosis transmembrane conductance regulator,CHEMBL4146144,Corrector activity at CFTR F508-del mutant (unknown origin) expressed in human CFBE41o cells harboring HS-YFP preincubated for 24 hrs followed by forskolin/genistein stimulation for 30 mins by fluorescence assay,B,EC50,=,2900.0,nM,5.54,,2018,unspecified,corrector
CHEMBL4173592,CCOC(=O)c1sc(NC(=O)C2(c3ccc4c(c3)OCO4)CC2)nc1-c1ccc(Cl)cc1,CHEMBL4051,CHEMBL4145449,Cystic fibrosis transmembrane conductance regulator,CHEMBL4146144,Corrector activity at CFTR F508-del mutant (unknown origin) expressed in human CFBE41o cells harboring HS-YFP preincubated for 24 hrs followed by forskolin/genistein stimulation for 30 mins by fluorescence assay,B,EC50,=,900.0,nM,6.05,,2018,unspecified,corrector
CHEMBL4159515,CCOC(=O)c1sc(NC(=O)C2(c3ccc4c(c3)OCO4)CC2)nc1-c1cccc(Cl)c1,CHEMBL4051,CHEMBL4145449,Cystic fibrosis transmembrane conductance regulator,CHEMBL4146144,Corrector activity at CFTR F508-del mutant (unknown origin) expressed in human CFBE41o cells harboring HS-YFP preincubated for 24 hrs followed by forskolin/genistein stimulation for 30 mins by fluorescence assay,B,EC50,=,550.0,nM,6.26,,2018,unspecified,corrector
CHEMBL4170137,CCOC(=O)c1sc(NC(=O)C2(c3ccc4c(c3)OCO4)CC2)nc1-c1ccc(Br)cc1,CHEMBL4051,CHEMBL4145449,Cystic fibrosis transmembrane conductance regulator,CHEMBL4146144,Corrector activity at CFTR F508-del mutant (unknown origin) expressed in human CFBE41o cells harboring HS-YFP preincubated for 24 hrs followed by forskolin/genistein stimulation for 30 mins by fluorescence assay,B,EC50,=,300.0,nM,6.52,,2018,unspecified,corrector
CHEMBL4164907,O=C(c1ccccc1)c1sc(NC(=O)C2(c3ccc4c(c3)OCO4)CC2)nc1-c1ccccc1,CHEMBL4051,CHEMBL4145449,Cystic fibrosis transmembrane conductance regulator,CHEMBL4146144,Corrector activity at CFTR F508-del mutant (unknown origin) expressed in human CFBE41o cells harboring HS-YFP preincubated for 24 hrs followed by forskolin/genistein stimulation for 30 mins by fluorescence assay,B,EC50,=,87.0,nM,7.06,,2018,unspecified,corrector
CHEMBL4176184,O=C(Nc1ncc(Cc2ccccc2Cl)s1)C(c1ccccc1)c1ccccc1,CHEMBL4051,CHEMBL4145449,Cystic fibrosis transmembrane conductance regulator,CHEMBL4146143,Potentiator activity at CFTR F508-del mutant (unknown origin),B,EC50,=,7900.0,nM,5.10,,2018,unspecified,potentiator
CHEMBL2018574,COc1cccc(C(=O)NCCNc2nc3cc(C)cc(C)c3cc2C#N)c1,CHEMBL4051,CHEMBL4145449,Cystic fibrosis transmembrane conductance regulator,CHEMBL4146143,Potentiator activity at CFTR F508-del mutant (unknown origin),B,EC50,=,5900.0,nM,5.23,,2018,unspecified,potentiator
CHEMBL4176184,O=C(Nc1ncc(Cc2ccccc2Cl)s1)C(c1ccccc1)c1ccccc1,CHEMBL4051,CHEMBL4145449,Cystic fibrosis transmembrane conductance regulator,CHEMBL4146142,Corrector activity at CFTR F508-del mutant (unknown origin),B,EC50,=,16000.0,nM,4.80,,2018,unspecified,corrector
CHEMBL3746059,NC(=O)C1CCN(c2nc(-c3ccccn3)nc3c2CN(Cc2ccccc2)CC3)CC1,CHEMBL4051,CHEMBL4145449,Cystic fibrosis transmembrane conductance regulator,CHEMBL4146142,Corrector activity at CFTR F508-del mutant (unknown origin),B,EC50,=,1400.0,nM,5.85,,2018,unspecified,corrector
CHEMBL2018574,COc1cccc(C(=O)NCCNc2nc3cc(C)cc(C)c3cc2C#N)c1,CHEMBL4051,CHEMBL4145449,Cystic fibrosis transmembrane conductance regulator,CHEMBL4146142,Corrector activity at CFTR F508-del mutant (unknown origin),B,EC50,=,1500.0,nM,5.82,,2018,unspecified,corrector
CHEMBL2103870,Cc1ccc(NC(=O)C2(c3ccc4c(c3)OC(F)(F)O4)CC2)nc1-c1cccc(C(=O)O)c1,CHEMBL4051,CHEMBL4145449,Cystic fibrosis transmembrane conductance regulator,CHEMBL4146142,Corrector activity at CFTR F508-del mutant (unknown origin),B,EC50,=,2600.0,nM,5.58,,2018,unspecified,corrector
CHEMBL260775,COc1ccc(Cl)cc1Nc1nc(-c2sc(NC(=O)c3ccccc3)nc2C)cs1,CHEMBL4051,CHEMBL4145449,Cystic fibrosis transmembrane conductance regulator,CHEMBL4146141,Corrector activity at human CFTR F508-del mutant expressed in rat FTR cells harboring YFP-H148Q/I152L preincubated for 18 to 24 hrs followed by forskolin/genistein addition by HTS assay,B,EC50,<,3000.0,nM,,,2018,unspecified,corrector
CHEMBL3745884,OC1CCCN(c2nc(-c3ccccn3)nc3c2CN(Cc2ccccc2)CC3)C1,CHEMBL4051,CHEMBL4145449,Cystic fibrosis transmembrane conductance regulator,CHEMBL4146144,Corrector activity at CFTR F508-del mutant (unknown origin) expressed in human CFBE41o cells harboring HS-YFP preincubated for 24 hrs followed by forskolin/genistein stimulation for 30 mins by fluorescence assay,B,EC50,=,2818.38,nM,5.55,,2018,unspecified,corrector
CHEMBL1257047,COc1ccc(S(=O)(=O)N2CCN(C(C)c3nc(OC4CCCCC4)c4ccccc4n3)CC2)cc1,CHEMBL4051,CHEMBL4145449,Cystic fibrosis transmembrane conductance regulator,CHEMBL4146144,Corrector activity at CFTR F508-del mutant (unknown origin) expressed in human CFBE41o cells harboring HS-YFP preincubated for 24 hrs followed by forskolin/genistein stimulation for 30 mins by fluorescence assay,B,EC50,=,2187.76,nM,5.66,,2018,unspecified,corrector
CHEMBL260775,COc1ccc(Cl)cc1Nc1nc(-c2sc(NC(=O)c3ccccc3)nc2C)cs1,CHEMBL4051,CHEMBL4145449,Cystic fibrosis transmembrane conductance regulator,CHEMBL4146144,Corrector activity at CFTR F508-del mutant (unknown origin) expressed in human CFBE41o cells harboring HS-YFP preincubated for 24 hrs followed by forskolin/genistein stimulation for 30 mins by fluorescence assay,B,EC50,=,1096.48,nM,5.96,,2018,unspecified,corrector
CHEMBL2103870,Cc1ccc(NC(=O)C2(c3ccc4c(c3)OC(F)(F)O4)CC2)nc1-c1cccc(C(=O)O)c1,CHEMBL4051,CHEMBL4145449,Cystic fibrosis transmembrane conductance regulator,CHEMBL4146144,Corrector activity at CFTR F508-del mutant (unknown origin) expressed in human CFBE41o cells harboring HS-YFP preincubated for 24 hrs followed by forskolin/genistein stimulation for 30 mins by fluorescence assay,B,EC50,=,2570.4,nM,5.59,,2018,unspecified,corrector
CHEMBL4159595,CC(=O)c1sc(NC(=O)C2(c3ccc4c(c3)OCO4)CC2)nc1C,CHEMBL4051,CHEMBL4145449,Cystic fibrosis transmembrane conductance regulator,CHEMBL4146144,Corrector activity at CFTR F508-del mutant (unknown origin) expressed in human CFBE41o cells harboring HS-YFP preincubated for 24 hrs followed by forskolin/genistein stimulation for 30 mins by fluorescence assay,B,EC50,,,,,Not Determined,2018,unspecified,corrector
CHEMBL4170223,O=C(Nc1cccc2cccnc12)C1(c2ccc3c(c2)OCO3)CC1,CHEMBL4051,CHEMBL4145449,Cystic fibrosis transmembrane conductance regulator,CHEMBL4146144,Corrector activity at CFTR F508-del mutant (unknown origin) expressed in human CFBE41o cells harboring HS-YFP preincubated for 24 hrs followed by forskolin/genistein stimulation for 30 mins by fluorescence assay,B,EC50,=,2200.0,nM,5.66,,2018,unspecified,corrector
CHEMBL4174717,CSc1cccc(NC(=O)C2(c3ccc4c(c3)OCO4)CC2)c1,CHEMBL4051,CHEMBL4145449,Cystic fibrosis transmembrane conductance regulator,CHEMBL4146144,Corrector activity at CFTR F508-del mutant (unknown origin) expressed in human CFBE41o cells harboring HS-YFP preincubated for 24 hrs followed by forskolin/genistein stimulation for 30 mins by fluorescence assay,B,EC50,=,8000.0,nM,5.10,,2018,unspecified,corrector
CHEMBL4166815,O=C(Nc1nc(-c2cccc(Cl)c2)cs1)C1(c2ccc3c(c2)OC(F)(F)O3)CC1,CHEMBL4051,CHEMBL4145449,Cystic fibrosis transmembrane conductance regulator,CHEMBL4146144,Corrector activity at CFTR F508-del mutant (unknown origin) expressed in human CFBE41o cells harboring HS-YFP preincubated for 24 hrs followed by forskolin/genistein stimulation for 30 mins by fluorescence assay,B,EC50,=,4000.0,nM,5.40,,2018,unspecified,corrector
CHEMBL4171265,O=C(Nc1nc(-c2ccc(O)cc2)cs1)C1(c2ccc3c(c2)OC(F)(F)O3)CC1,CHEMBL4051,CHEMBL4145449,Cystic fibrosis transmembrane conductance regulator,CHEMBL4146144,Corrector activity at CFTR F508-del mutant (unknown origin) expressed in human CFBE41o cells harboring HS-YFP preincubated for 24 hrs followed by forskolin/genistein stimulation for 30 mins by fluorescence assay,B,EC50,=,1700.0,nM,5.77,,2018,unspecified,corrector
CHEMBL4163361,O=C(Nc1nc(-c2cccc(O)c2)cs1)C1(c2ccc3c(c2)OC(F)(F)O3)CC1,CHEMBL4051,CHEMBL4145449,Cystic fibrosis transmembrane conductance regulator,CHEMBL4146144,Corrector activity at CFTR F508-del mutant (unknown origin) expressed in human CFBE41o cells harboring HS-YFP preincubated for 24 hrs followed by forskolin/genistein stimulation for 30 mins by fluorescence assay,B,EC50,=,1300.0,nM,5.89,,2018,unspecified,corrector
CHEMBL4167920,Cc1sc(NC(=O)C2(c3ccc4c(c3)OC(F)(F)O4)CC2)nc1-c1cccc(Cl)c1,CHEMBL4051,CHEMBL4145449,Cystic fibrosis transmembrane conductance regulator,CHEMBL4146144,Corrector activity at CFTR F508-del mutant (unknown origin) expressed in human CFBE41o cells harboring HS-YFP preincubated for 24 hrs followed by forskolin/genistein stimulation for 30 mins by fluorescence assay,B,EC50,=,5400.0,nM,5.27,,2018,unspecified,corrector
CHEMBL4160001,Cc1sc(NC(=O)C2(c3ccc4c(c3)OC(F)(F)O4)CC2)nc1-c1ccc(Br)cc1,CHEMBL4051,CHEMBL4145449,Cystic fibrosis transmembrane conductance regulator,CHEMBL4146144,Corrector activity at CFTR F508-del mutant (unknown origin) expressed in human CFBE41o cells harboring HS-YFP preincubated for 24 hrs followed by forskolin/genistein stimulation for 30 mins by fluorescence assay,B,EC50,=,3800.0,nM,5.42,,2018,unspecified,corrector
CHEMBL4172995,CC(=O)Nc1ccc(-c2csc(NC(=O)C3(c4ccc5c(c4)OCO5)CC3)n2)cc1,CHEMBL4051,CHEMBL4145449,Cystic fibrosis transmembrane conductance regulator,CHEMBL4146144,Corrector activity at CFTR F508-del mutant (unknown origin) expressed in human CFBE41o cells harboring HS-YFP preincubated for 24 hrs followed by forskolin/genistein stimulation for 30 mins by fluorescence assay,B,EC50,>,5000.0,nM,,,2018,unspecified,corrector
CHEMBL4162319,Cc1sc(NC(=O)C2(c3ccc4c(c3)OCO4)CC2)nc1-c1ccc(C(=O)O)cc1,CHEMBL4051,CHEMBL4145449,Cystic fibrosis transmembrane conductance regulator,CHEMBL4146144,Corrector activity at CFTR F508-del mutant (unknown origin) expressed in human CFBE41o cells harboring HS-YFP preincubated for 24 hrs followed by forskolin/genistein stimulation for 30 mins by fluorescence assay,B,EC50,=,2900.0,nM,5.54,,2018,unspecified,corrector
CHEMBL4167675,O=C(O)c1ccc(-c2csc(NC(=O)C3(c4ccc5c(c4)OCO5)CC3)n2)cc1,CHEMBL4051,CHEMBL4145449,Cystic fibrosis transmembrane conductance regulator,CHEMBL4146144,Corrector activity at CFTR F508-del mutant (unknown origin) expressed in human CFBE41o cells harboring HS-YFP preincubated for 24 hrs followed by forskolin/genistein stimulation for 30 mins by fluorescence assay,B,EC50,>,5000.0,nM,,,2018,unspecified,corrector
CHEMBL4175544,Cc1sc(NC(=O)C2(c3ccc4c(c3)OCO4)CC2)nc1-c1ccc(O)cc1,CHEMBL4051,CHEMBL4145449,Cystic fibrosis transmembrane conductance regulator,CHEMBL4146144,Corrector activity at CFTR F508-del mutant (unknown origin) expressed in human CFBE41o cells harboring HS-YFP preincubated for 24 hrs followed by forskolin/genistein stimulation for 30 mins by fluorescence assay,B,EC50,=,3900.0,nM,5.41,,2018,unspecified,corrector
CHEMBL4171047,Cc1sc(NC(=O)C2(c3ccc4c(c3)OCO4)CC2)nc1-c1cccc(O)c1,CHEMBL4051,CHEMBL4145449,Cystic fibrosis transmembrane conductance regulator,CHEMBL4146144,Corrector activity at CFTR F508-del mutant (unknown origin) expressed in human CFBE41o cells harboring HS-YFP preincubated for 24 hrs followed by forskolin/genistein stimulation for 30 mins by fluorescence assay,B,EC50,=,1200.0,nM,5.92,,2018,unspecified,corrector
CHEMBL4160444,O=C(Nc1nc(-c2cccc(O)c2)cs1)C1(c2ccc3c(c2)OCO3)CC1,CHEMBL4051,CHEMBL4145449,Cystic fibrosis transmembrane conductance regulator,CHEMBL4146144,Corrector activity at CFTR F508-del mutant (unknown origin) expressed in human CFBE41o cells harboring HS-YFP preincubated for 24 hrs followed by forskolin/genistein stimulation for 30 mins by fluorescence assay,B,EC50,=,2300.0,nM,5.64,,2018,unspecified,corrector
CHEMBL4174487,O=C(Nc1nc(-c2ccc(O)cc2)cs1)C1(c2ccc3c(c2)OCO3)CC1,CHEMBL4051,CHEMBL4145449,Cystic fibrosis transmembrane conductance regulator,CHEMBL4146144,Corrector activity at CFTR F508-del mutant (unknown origin) expressed in human CFBE41o cells harboring HS-YFP preincubated for 24 hrs followed by forskolin/genistein stimulation for 30 mins by fluorescence assay,B,EC50,=,1800.0,nM,5.75,,2018,unspecified,corrector
CHEMBL4163823,O=C(Nc1nc(-c2cccc(F)c2)cs1)C1(c2ccc3c(c2)OCO3)CC1,CHEMBL4051,CHEMBL4145449,Cystic fibrosis transmembrane conductance regulator,CHEMBL4146144,Corrector activity at CFTR F508-del mutant (unknown origin) expressed in human CFBE41o cells harboring HS-YFP preincubated for 24 hrs followed by forskolin/genistein stimulation for 30 mins by fluorescence assay,B,EC50,=,2100.0,nM,5.68,,2018,unspecified,corrector
CHEMBL4159353,O=C(Nc1nc(-c2ccc(I)cc2)cs1)C1(c2ccc3c(c2)OCO3)CC1,CHEMBL4051,CHEMBL4145449,Cystic fibrosis transmembrane conductance regulator,CHEMBL4146144,Corrector activity at CFTR F508-del mutant (unknown origin) expressed in human CFBE41o cells harboring HS-YFP preincubated for 24 hrs followed by forskolin/genistein stimulation for 30 mins by fluorescence assay,B,EC50,=,1200.0,nM,5.92,,2018,unspecified,corrector
CHEMBL4167279,O=C(Nc1nc(-c2cccc(Cl)c2)cs1)C1(c2ccc3c(c2)OCO3)CC1,CHEMBL4051,CHEMBL4145449,Cystic fibrosis transmembrane conductance regulator,CHEMBL4146144,Corrector activity at CFTR F508-del mutant (unknown origin) expressed in human CFBE41o cells harboring HS-YFP preincubated for 24 hrs followed by forskolin/genistein stimulation for 30 mins by fluorescence assay,B,EC50,=,8200.0,nM,5.09,,2018,unspecified,corrector
CHEMBL4173166,O=C(Nc1nc(-c2ccc(Br)cc2)cs1)C1(c2ccc3c(c2)OCO3)CC1,CHEMBL4051,CHEMBL4145449,Cystic fibrosis transmembrane conductance regulator,CHEMBL4146144,Corrector activity at CFTR F508-del mutant (unknown origin) expressed in human CFBE41o cells harboring HS-YFP preincubated for 24 hrs followed by forskolin/genistein stimulation for 30 mins by fluorescence assay,B,EC50,=,4900.0,nM,5.31,,2018,unspecified,corrector
CHEMBL4165261,O=C(Nc1nc(-c2ccc(Cl)cc2)cs1)C1(c2ccc3c(c2)OCO3)CC1,CHEMBL4051,CHEMBL4145449,Cystic fibrosis transmembrane conductance regulator,CHEMBL4146144,Corrector activity at CFTR F508-del mutant (unknown origin) expressed in human CFBE41o cells harboring HS-YFP preincubated for 24 hrs followed by forskolin/genistein stimulation for 30 mins by fluorescence assay,B,EC50,=,2900.0,nM,5.54,,2018,unspecified,corrector
CHEMBL3746059,NC(=O)C1CCN(c2nc(-c3ccccn3)nc3c2CN(Cc2ccccc2)CC3)CC1,CHEMBL4051,CHEMBL4145449,Cystic fibrosis transmembrane conductance regulator,CHEMBL4146144,Corrector activity at CFTR F508-del mutant (unknown origin) expressed in human CFBE41o cells harboring HS-YFP preincubated for 24 hrs followed by forskolin/genistein stimulation for 30 mins by fluorescence assay,B,EC50,=,1412.54,nM,5.85,,2018,unspecified,corrector
CHEMBL3747654,NC(=O)CN1CCN(c2nc(-c3ccccn3)nc3c2CN(Cc2ccccc2)CC3)CC1,CHEMBL4051,CHEMBL4145449,Cystic fibrosis transmembrane conductance regulator,CHEMBL4146144,Corrector activity at CFTR F508-del mutant (unknown origin) expressed in human CFBE41o cells harboring HS-YFP preincubated for 24 hrs followed by forskolin/genistein stimulation for 30 mins by fluorescence assay,B,EC50,=,2818.38,nM,5.55,,2018,unspecified,corrector
CHEMBL3746756,CN1CCN(CCCNc2nc(-c3ccccn3)nc3c2CN(Cc2ccccc2)CC3)CC1,CHEMBL4051,CHEMBL4145449,Cystic fibrosis transmembrane conductance regulator,CHEMBL4146144,Corrector activity at CFTR F508-del mutant (unknown origin) expressed in human CFBE41o cells harboring HS-YFP preincubated for 24 hrs followed by forskolin/genistein stimulation for 30 mins by fluorescence assay,B,EC50,=,3090.3,nM,5.51,,2018,unspecified,corrector
CHEMBL3747046,CN(C)CCN1CCN(c2nc(-c3ccccn3)nc3c2CN(Cc2ccccc2)CC3)CC1,CHEMBL4051,CHEMBL4145449,Cystic fibrosis transmembrane conductance regulator,CHEMBL4146144,Corrector activity at CFTR F508-del mutant (unknown origin) expressed in human CFBE41o cells harboring HS-YFP preincubated for 24 hrs followed by forskolin/genistein stimulation for 30 mins by fluorescence assay,B,EC50,=,1513.56,nM,5.82,,2018,unspecified,corrector
CHEMBL3746375,NC(=O)C1CCN(c2nc(-c3cccnc3)nc3c2CN(Cc2ccccc2)CC3)CC1,CHEMBL4051,CHEMBL4145449,Cystic fibrosis transmembrane conductance regulator,CHEMBL4146144,Corrector activity at CFTR F508-del mutant (unknown origin) expressed in human CFBE41o cells harboring HS-YFP preincubated for 24 hrs followed by forskolin/genistein stimulation for 30 mins by fluorescence assay,B,EC50,=,100000.0,nM,4.00,,2018,unspecified,corrector
CHEMBL3745748,NC(=O)CN1CCN(c2nc(-c3cccnc3)nc3c2CN(Cc2ccccc2)CC3)CC1,CHEMBL4051,CHEMBL4145449,Cystic fibrosis transmembrane conductance regulator,CHEMBL4146144,Corrector activity at CFTR F508-del mutant (unknown origin) expressed in human CFBE41o cells harboring HS-YFP preincubated for 24 hrs followed by forskolin/genistein stimulation for 30 mins by fluorescence assay,B,EC50,=,100000.0,nM,4.00,,2018,unspecified,corrector
CHEMBL3746313,CN1CCN(CCCNc2nc(-c3cccnc3)nc3c2CN(Cc2ccccc2)CC3)CC1,CHEMBL4051,CHEMBL4145449,Cystic fibrosis transmembrane conductance regulator,CHEMBL4146144,Corrector activity at CFTR F508-del mutant (unknown origin) expressed in human CFBE41o cells harboring HS-YFP preincubated for 24 hrs followed by forskolin/genistein stimulation for 30 mins by fluorescence assay,B,EC50,=,100000.0,nM,4.00,,2018,unspecified,corrector
CHEMBL3746475,CN(C)CCN1CCN(c2nc(-c3cccnc3)nc3c2CN(Cc2ccccc2)CC3)CC1,CHEMBL4051,CHEMBL4145449,Cystic fibrosis transmembrane conductance regulator,CHEMBL4146144,Corrector activity at CFTR F508-del mutant (unknown origin) expressed in human CFBE41o cells harboring HS-YFP preincubated for 24 hrs followed by forskolin/genistein stimulation for 30 mins by fluorescence assay,B,EC50,=,100000.0,nM,4.00,,2018,unspecified,corrector
CHEMBL3745870,CN1CCN(CCCNc2nc(-c3ccncc3)nc3c2CN(Cc2ccccc2)CC3)CC1,CHEMBL4051,CHEMBL4145449,Cystic fibrosis transmembrane conductance regulator,CHEMBL4146144,Corrector activity at CFTR F508-del mutant (unknown origin) expressed in human CFBE41o cells harboring HS-YFP preincubated for 24 hrs followed by forskolin/genistein stimulation for 30 mins by fluorescence assay,B,EC50,=,100000.0,nM,4.00,,2018,unspecified,corrector
CHEMBL3746934,CN(C)CCN1CCN(c2nc(-c3ccncc3)nc3c2CN(Cc2ccccc2)CC3)CC1,CHEMBL4051,CHEMBL4145449,Cystic fibrosis transmembrane conductance regulator,CHEMBL4146144,Corrector activity at CFTR F508-del mutant (unknown origin) expressed in human CFBE41o cells harboring HS-YFP preincubated for 24 hrs followed by forskolin/genistein stimulation for 30 mins by fluorescence assay,B,EC50,=,100000.0,nM,4.00,,2018,unspecified,corrector
CHEMBL3746584,COc1ccc(CN2CCc3nc(-c4ccccn4)nc(N4CCN(CCN(C)C)CC4)c3C2)cc1,CHEMBL4051,CHEMBL4145449,Cystic fibrosis transmembrane conductance regulator,CHEMBL4146144,Corrector activity at CFTR F508-del mutant (unknown origin) expressed in human CFBE41o cells harboring HS-YFP preincubated for 24 hrs followed by forskolin/genistein stimulation for 30 mins by fluorescence assay,B,EC50,=,100000.0,nM,4.00,,2018,unspecified,corrector
CHEMBL3747405,CN(C)CCN1CCN(c2nc(-c3ccccn3)nc3c2CN(Cc2ccc(F)cc2)CC3)CC1,CHEMBL4051,CHEMBL4145449,Cystic fibrosis transmembrane conductance regulator,CHEMBL4146144,Corrector activity at CFTR F508-del mutant (unknown origin) expressed in human CFBE41o cells harboring HS-YFP preincubated for 24 hrs followed by forskolin/genistein stimulation for 30 mins by fluorescence assay,B,EC50,=,100000.0,nM,4.00,,2018,unspecified,corrector
CHEMBL3746769,COc1ccc(CN2CCc3nc(-c4ccccn4)nc(N4CCN(CCO)CC4)c3C2)cc1,CHEMBL4051,CHEMBL4145449,Cystic fibrosis transmembrane conductance regulator,CHEMBL4146144,Corrector activity at CFTR F508-del mutant (unknown origin) expressed in human CFBE41o cells harboring HS-YFP preincubated for 24 hrs followed by forskolin/genistein stimulation for 30 mins by fluorescence assay,B,EC50,=,398.11,nM,6.40,,2018,unspecified,corrector
CHEMBL3747330,COc1ccc(CN2CCc3nc(-c4ccccn4)nc(N4CCC(C(N)=O)CC4)c3C2)cc1,CHEMBL4051,CHEMBL4145449,Cystic fibrosis transmembrane conductance regulator,CHEMBL4146144,Corrector activity at CFTR F508-del mutant (unknown origin) expressed in human CFBE41o cells harboring HS-YFP preincubated for 24 hrs followed by forskolin/genistein stimulation for 30 mins by fluorescence assay,B,EC50,=,3467.37,nM,5.46,,2018,unspecified,corrector
CHEMBL3746547,COc1ccc(CN2CCc3nc(-c4ccccn4)nc(NCCCn4ccnc4)c3C2)cc1,CHEMBL4051,CHEMBL4145449,Cystic fibrosis transmembrane conductance regulator,CHEMBL4146144,Corrector activity at CFTR F508-del mutant (unknown origin) expressed in human CFBE41o cells harboring HS-YFP preincubated for 24 hrs followed by forskolin/genistein stimulation for 30 mins by fluorescence assay,B,EC50,=,199.53,nM,6.70,,2018,unspecified,corrector
CHEMBL3746321,COc1ccc(CN2CCc3nc(-c4ccccn4)nc(N4CCN(CC(N)=O)CC4)c3C2)cc1,CHEMBL4051,CHEMBL4145449,Cystic fibrosis transmembrane conductance regulator,CHEMBL4146144,Corrector activity at CFTR F508-del mutant (unknown origin) expressed in human CFBE41o cells harboring HS-YFP preincubated for 24 hrs followed by forskolin/genistein stimulation for 30 mins by fluorescence assay,B,EC50,=,2290.87,nM,5.64,,2018,unspecified,corrector
CHEMBL3746126,CCN(C(C)=O)C1CCN(c2nc(-c3ccccn3)nc3c2CN(Cc2ccc(OC)cc2)CC3)C1,CHEMBL4051,CHEMBL4145449,Cystic fibrosis transmembrane conductance regulator,CHEMBL4146144,Corrector activity at CFTR F508-del mutant (unknown origin) expressed in human CFBE41o cells harboring HS-YFP preincubated for 24 hrs followed by forskolin/genistein stimulation for 30 mins by fluorescence assay,B,EC50,=,302.0,nM,6.52,,2018,unspecified,corrector
CHEMBL3746219,CCN(C(C)=O)C1CCN(c2nc(-c3ccccn3)nc3c2CN(Cc2ccc(Cl)cc2)CC3)C1,CHEMBL4051,CHEMBL4145449,Cystic fibrosis transmembrane conductance regulator,CHEMBL4146144,Corrector activity at CFTR F508-del mutant (unknown origin) expressed in human CFBE41o cells harboring HS-YFP preincubated for 24 hrs followed by forskolin/genistein stimulation for 30 mins by fluorescence assay,B,EC50,=,100000.0,nM,4.00,,2018,unspecified,corrector
CHEMBL3745838,CC(=O)NC1CCN(c2nc(-c3ccccn3)nc3c2CN(Cc2ccc(Cl)cc2)CC3)CC1,CHEMBL4051,CHEMBL4145449,Cystic fibrosis transmembrane conductance regulator,CHEMBL4146144,Corrector activity at CFTR F508-del mutant (unknown origin) expressed in human CFBE41o cells harboring HS-YFP preincubated for 24 hrs followed by forskolin/genistein stimulation for 30 mins by fluorescence assay,B,EC50,=,707.95,nM,6.15,,2018,unspecified,corrector
CHEMBL4172497,CC(=O)NCCCNc1nc(-c2ccccn2)nc2c1CN(Cc1ccc(F)cc1)CC2,CHEMBL4051,CHEMBL4145449,Cystic fibrosis transmembrane conductance regulator,CHEMBL4146144,Corrector activity at CFTR F508-del mutant (unknown origin) expressed in human CFBE41o cells harboring HS-YFP preincubated for 24 hrs followed by forskolin/genistein stimulation for 30 mins by fluorescence assay,B,EC50,=,199.53,nM,6.70,,2018,unspecified,corrector
CHEMBL4172914,Fc1ccc(CN2CCc3nc(-c4ccccn4)nc(NCCCN4CCCC4)c3C2)cc1,CHEMBL4051,CHEMBL4145449,Cystic fibrosis transmembrane conductance regulator,CHEMBL4146144,Corrector activity at CFTR F508-del mutant (unknown origin) expressed in human CFBE41o cells harboring HS-YFP preincubated for 24 hrs followed by forskolin/genistein stimulation for 30 mins by fluorescence assay,B,EC50,=,199.53,nM,6.70,,2018,unspecified,corrector
CHEMBL3746133,CN(C)CCN1CCN(c2nc(-c3ccccn3)nc3c2CN(Cc2ccsc2)CC3)CC1,CHEMBL4051,CHEMBL4145449,Cystic fibrosis transmembrane conductance regulator,CHEMBL4146144,Corrector activity at CFTR F508-del mutant (unknown origin) expressed in human CFBE41o cells harboring HS-YFP preincubated for 24 hrs followed by forskolin/genistein stimulation for 30 mins by fluorescence assay,B,EC50,=,199.53,nM,6.70,,2018,unspecified,corrector
CHEMBL3747771,CC(C)c1ccc(CN2CCc3nc(-c4ccccn4)nc(N4CCN(CCN(C)C)CC4)c3C2)cc1,CHEMBL4051,CHEMBL4145449,Cystic fibrosis transmembrane conductance regulator,CHEMBL4146144,Corrector activity at CFTR F508-del mutant (unknown origin) expressed in human CFBE41o cells harboring HS-YFP preincubated for 24 hrs followed by forskolin/genistein stimulation for 30 mins by fluorescence assay,B,EC50,=,302.0,nM,6.52,,2018,unspecified,corrector
CHEMBL3747604,CN(C)CCN1CCN(c2nc(-c3ccccn3)nc3c2CN(CC2CCCCC2)CC3)CC1,CHEMBL4051,CHEMBL4145449,Cystic fibrosis transmembrane conductance regulator,CHEMBL4146144,Corrector activity at CFTR F508-del mutant (unknown origin) expressed in human CFBE41o cells harboring HS-YFP preincubated for 24 hrs followed by forskolin/genistein stimulation for 30 mins by fluorescence assay,B,EC50,=,891.25,nM,6.05,,2018,unspecified,corrector
CHEMBL3745729,CN(C)CCN1CCN(c2nc(-c3ccccn3)nc3c2CN(C(=O)c2ccccc2)CC3)CC1,CHEMBL4051,CHEMBL4145449,Cystic fibrosis transmembrane conductance regulator,CHEMBL4146144,Corrector activity at CFTR F508-del mutant (unknown origin) expressed in human CFBE41o cells harboring HS-YFP preincubated for 24 hrs followed by forskolin/genistein stimulation for 30 mins by fluorescence assay,B,EC50,=,100000.0,nM,4.00,,2018,unspecified,corrector
CHEMBL3745956,CN(C)CCN1CCN(c2nc(-c3ccccn3)nc3c2CN(S(=O)(=O)c2ccccc2)CC3)CC1,CHEMBL4051,CHEMBL4145449,Cystic fibrosis transmembrane conductance regulator,CHEMBL4146144,Corrector activity at CFTR F508-del mutant (unknown origin) expressed in human CFBE41o cells harboring HS-YFP preincubated for 24 hrs followed by forskolin/genistein stimulation for 30 mins by fluorescence assay,B,EC50,=,100000.0,nM,4.00,,2018,unspecified,corrector
CHEMBL2018574,COc1cccc(C(=O)NCCNc2nc3cc(C)cc(C)c3cc2C#N)c1,CHEMBL4051,CHEMBL4145449,Cystic fibrosis transmembrane conductance regulator,CHEMBL4146144,Corrector activity at CFTR F508-del mutant (unknown origin) expressed in human CFBE41o cells harboring HS-YFP preincubated for 24 hrs followed by forskolin/genistein stimulation for 30 mins by fluorescence assay,B,EC50,=,2187.76,nM,5.66,,2018,unspecified,corrector
CHEMBL1584217,COc1ccccc1C(=O)NCCNc1nc2cc(C)cc(C)c2cc1C#N,CHEMBL4051,CHEMBL4145449,Cystic fibrosis transmembrane conductance regulator,CHEMBL4146144,Corrector activity at CFTR F508-del mutant (unknown origin) expressed in human CFBE41o cells harboring HS-YFP preincubated for 24 hrs followed by forskolin/genistein stimulation for 30 mins by fluorescence assay,B,EC50,=,10964.78,nM,4.96,,2018,unspecified,corrector
CHEMBL2018575,COc1ccc(C(=O)NCCNc2nc3cc(C)cc(C)c3cc2C#N)cc1,CHEMBL4051,CHEMBL4145449,Cystic fibrosis transmembrane conductance regulator,CHEMBL4146144,Corrector activity at CFTR F508-del mutant (unknown origin) expressed in human CFBE41o cells harboring HS-YFP preincubated for 24 hrs followed by forskolin/genistein stimulation for 30 mins by fluorescence assay,B,EC50,=,3019.95,nM,5.52,,2018,unspecified,corrector
CHEMBL2018576,Cc1cc(C)c2cc(C#N)c(NCCNC(=O)c3ccccn3)nc2c1,CHEMBL4051,CHEMBL4145449,Cystic fibrosis transmembrane conductance regulator,CHEMBL4146144,Corrector activity at CFTR F508-del mutant (unknown origin) expressed in human CFBE41o cells harboring HS-YFP preincubated for 24 hrs followed by forskolin/genistein stimulation for 30 mins by fluorescence assay,B,EC50,=,100000.0,nM,4.00,,2018,unspecified,corrector
CHEMBL2018577,Cc1cc(C)c2cc(C#N)c(NCCNC(=O)c3cccnc3)nc2c1,CHEMBL4051,CHEMBL4145449,Cystic fibrosis transmembrane conductance regulator,CHEMBL4146144,Corrector activity at CFTR F508-del mutant (unknown origin) expressed in human CFBE41o cells harboring HS-YFP preincubated for 24 hrs followed by forskolin/genistein stimulation for 30 mins by fluorescence assay,B,EC50,=,2691.53,nM,5.57,,2018,unspecified,corrector
CHEMBL2018578,Cc1cc(C)c2cc(C#N)c(NCCNC(=O)c3ccncc3)nc2c1,CHEMBL4051,CHEMBL4145449,Cystic fibrosis transmembrane conductance regulator,CHEMBL4146144,Corrector activity at CFTR F508-del mutant (unknown origin) expressed in human CFBE41o cells harboring HS-YFP preincubated for 24 hrs followed by forskolin/genistein stimulation for 30 mins by fluorescence assay,B,EC50,=,7244.36,nM,5.14,,2018,unspecified,corrector
CHEMBL2018579,Cc1cc(C)c2cc(C#N)c(NCCNC(=O)c3ccccc3)nc2c1,CHEMBL4051,CHEMBL4145449,Cystic fibrosis transmembrane conductance regulator,CHEMBL4146144,Corrector activity at CFTR F508-del mutant (unknown origin) expressed in human CFBE41o cells harboring HS-YFP preincubated for 24 hrs followed by forskolin/genistein stimulation for 30 mins by fluorescence assay,B,EC50,=,100000.0,nM,4.00,,2018,unspecified,corrector
CHEMBL2018580,COc1ccc(C(=O)NCCNc2nc3cc(C)cc(C)c3cc2C#N)c(OC)c1,CHEMBL4051,CHEMBL4145449,Cystic fibrosis transmembrane conductance regulator,CHEMBL4146144,Corrector activity at CFTR F508-del mutant (unknown origin) expressed in human CFBE41o cells harboring HS-YFP preincubated for 24 hrs followed by forskolin/genistein stimulation for 30 mins by fluorescence assay,B,EC50,=,4168.69,nM,5.38,,2018,unspecified,corrector
CHEMBL2018581,COc1ccc(C(=O)NCCNc2nc3cc(C)cc(C)c3cc2C#N)cc1OC,CHEMBL4051,CHEMBL4145449,Cystic fibrosis transmembrane conductance regulator,CHEMBL4146144,Corrector activity at CFTR F508-del mutant (unknown origin) expressed in human CFBE41o cells harboring HS-YFP preincubated for 24 hrs followed by forskolin/genistein stimulation for 30 mins by fluorescence assay,B,EC50,=,1513.56,nM,5.82,,2018,unspecified,corrector
CHEMBL2018582,Cc1cc(C)c2cc(C#N)c(NCCNC(=O)c3cnccn3)nc2c1,CHEMBL4051,CHEMBL4145449,Cystic fibrosis transmembrane conductance regulator,CHEMBL4146144,Corrector activity at CFTR F508-del mutant (unknown origin) expressed in human CFBE41o cells harboring HS-YFP preincubated for 24 hrs followed by forskolin/genistein stimulation for 30 mins by fluorescence assay,B,EC50,=,6760.83,nM,5.17,,2018,unspecified,corrector
CHEMBL2018583,COc1ccc(C(=O)NCCNc2nc3cc(C)cc(C)c3cc2C#N)nc1,CHEMBL4051,CHEMBL4145449,Cystic fibrosis transmembrane conductance regulator,CHEMBL4146144,Corrector activity at CFTR F508-del mutant (unknown origin) expressed in human CFBE41o cells harboring HS-YFP preincubated for 24 hrs followed by forskolin/genistein stimulation for 30 mins by fluorescence assay,B,EC50,=,2691.53,nM,5.57,,2018,unspecified,corrector
CHEMBL2018584,COc1cccc(OC)c1C(=O)NCCNc1nc2cc(C)cc(C)c2cc1C#N,CHEMBL4051,CHEMBL4145449,Cystic fibrosis transmembrane conductance regulator,CHEMBL4146144,Corrector activity at CFTR F508-del mutant (unknown origin) expressed in human CFBE41o cells harboring HS-YFP preincubated for 24 hrs followed by forskolin/genistein stimulation for 30 mins by fluorescence assay,B,EC50,=,3715.35,nM,5.43,,2018,unspecified,corrector
CHEMBL2018585,COc1ccccc1C(=O)N1CCN(c2nc3cc(C)cc(C)c3cc2C#N)CC1,CHEMBL4051,CHEMBL4145449,Cystic fibrosis transmembrane conductance regulator,CHEMBL4146144,Corrector activity at CFTR F508-del mutant (unknown origin) expressed in human CFBE41o cells harboring HS-YFP preincubated for 24 hrs followed by forskolin/genistein stimulation for 30 mins by fluorescence assay,B,EC50,=,100000.0,nM,4.00,,2018,unspecified,corrector
CHEMBL1882863,COc1cccc(C(=O)N2CCN(c3nc4cc(C)cc(C)c4cc3C#N)CC2)c1,CHEMBL4051,CHEMBL4145449,Cystic fibrosis transmembrane conductance regulator,CHEMBL4146144,Corrector activity at CFTR F508-del mutant (unknown origin) expressed in human CFBE41o cells harboring HS-YFP preincubated for 24 hrs followed by forskolin/genistein stimulation for 30 mins by fluorescence assay,B,EC50,=,100000.0,nM,4.00,,2018,unspecified,corrector
CHEMBL1870726,COc1ccc(C(=O)N2CCN(c3nc4cc(C)cc(C)c4cc3C#N)CC2)cc1,CHEMBL4051,CHEMBL4145449,Cystic fibrosis transmembrane conductance regulator,CHEMBL4146144,Corrector activity at CFTR F508-del mutant (unknown origin) expressed in human CFBE41o cells harboring HS-YFP preincubated for 24 hrs followed by forskolin/genistein stimulation for 30 mins by fluorescence assay,B,EC50,=,100000.0,nM,4.00,,2018,unspecified,corrector
CHEMBL2018586,Cc1cc(C)c2cc(C#N)c(N3CCN(C(=O)c4ccccn4)CC3)nc2c1,CHEMBL4051,CHEMBL4145449,Cystic fibrosis transmembrane conductance regulator,CHEMBL4146144,Corrector activity at CFTR F508-del mutant (unknown origin) expressed in human CFBE41o cells harboring HS-YFP preincubated for 24 hrs followed by forskolin/genistein stimulation for 30 mins by fluorescence assay,B,EC50,=,100000.0,nM,4.00,,2018,unspecified,corrector
CHEMBL2018587,Cc1cc(C)c2cc(C#N)c(N3CCN(C(=O)c4cccnc4)CC3)nc2c1,CHEMBL4051,CHEMBL4145449,Cystic fibrosis transmembrane conductance regulator,CHEMBL4146144,Corrector activity at CFTR F508-del mutant (unknown origin) expressed in human CFBE41o cells harboring HS-YFP preincubated for 24 hrs followed by forskolin/genistein stimulation for 30 mins by fluorescence assay,B,EC50,=,100000.0,nM,4.00,,2018,unspecified,corrector
CHEMBL2018588,Cc1cc(C)c2cc(C#N)c(N3CCN(C(=O)c4ccncc4)CC3)nc2c1,CHEMBL4051,CHEMBL4145449,Cystic fibrosis transmembrane conductance regulator,CHEMBL4146144,Corrector activity at CFTR F508-del mutant (unknown origin) expressed in human CFBE41o cells harboring HS-YFP preincubated for 24 hrs followed by forskolin/genistein stimulation for 30 mins by fluorescence assay,B,EC50,=,100000.0,nM,4.00,,2018,unspecified,corrector
CHEMBL1867725,COc1ccccc1C(=O)NCCCNc1nc2cc(C)cc(C)c2cc1C#N,CHEMBL4051,CHEMBL4145449,Cystic fibrosis transmembrane conductance regulator,CHEMBL4146144,Corrector activity at CFTR F508-del mutant (unknown origin) expressed in human CFBE41o cells harboring HS-YFP preincubated for 24 hrs followed by forskolin/genistein stimulation for 30 mins by fluorescence assay,B,EC50,=,100000.0,nM,4.00,,2018,unspecified,corrector
CHEMBL2018589,COc1cccc(C(=O)NCCCNc2nc3cc(C)cc(C)c3cc2C#N)c1,CHEMBL4051,CHEMBL4145449,Cystic fibrosis transmembrane conductance regulator,CHEMBL4146144,Corrector activity at CFTR F508-del mutant (unknown origin) expressed in human CFBE41o cells harboring HS-YFP preincubated for 24 hrs followed by forskolin/genistein stimulation for 30 mins by fluorescence assay,B,EC50,=,4570.88,nM,5.34,,2018,unspecified,corrector
CHEMBL2018590,COc1ccc(C(=O)NCCCNc2nc3cc(C)cc(C)c3cc2C#N)cc1,CHEMBL4051,CHEMBL4145449,Cystic fibrosis transmembrane conductance regulator,CHEMBL4146144,Corrector activity at CFTR F508-del mutant (unknown origin) expressed in human CFBE41o cells harboring HS-YFP preincubated for 24 hrs followed by forskolin/genistein stimulation for 30 mins by fluorescence assay,B,EC50,=,4265.8,nM,5.37,,2018,unspecified,corrector
CHEMBL2018591,Cc1cc(C)c2cc(C#N)c(NCCCNC(=O)c3ccccn3)nc2c1,CHEMBL4051,CHEMBL4145449,Cystic fibrosis transmembrane conductance regulator,CHEMBL4146144,Corrector activity at CFTR F508-del mutant (unknown origin) expressed in human CFBE41o cells harboring HS-YFP preincubated for 24 hrs followed by forskolin/genistein stimulation for 30 mins by fluorescence assay,B,EC50,=,100000.0,nM,4.00,,2018,unspecified,corrector
CHEMBL2018592,Cc1cc(C)c2cc(C#N)c(NCCCNC(=O)c3cccnc3)nc2c1,CHEMBL4051,CHEMBL4145449,Cystic fibrosis transmembrane conductance regulator,CHEMBL4146144,Corrector activity at CFTR F508-del mutant (unknown origin) expressed in human CFBE41o cells harboring HS-YFP preincubated for 24 hrs followed by forskolin/genistein stimulation for 30 mins by fluorescence assay,B,EC50,=,3019.95,nM,5.52,,2018,unspecified,corrector
CHEMBL2018593,Cc1cc(C)c2cc(C#N)c(NCCCNC(=O)c3ccncc3)nc2c1,CHEMBL4051,CHEMBL4145449,Cystic fibrosis transmembrane conductance regulator,CHEMBL4146144,Corrector activity at CFTR F508-del mutant (unknown origin) expressed in human CFBE41o cells harboring HS-YFP preincubated for 24 hrs followed by forskolin/genistein stimulation for 30 mins by fluorescence assay,B,EC50,=,13182.57,nM,4.88,,2018,unspecified,corrector
CHEMBL262627,COc1ccc(Cl)cc1Nc1nc(-c2sc(NC(=O)C(C)(C)C)nc2C)cs1,CHEMBL4051,CHEMBL4145449,Cystic fibrosis transmembrane conductance regulator,CHEMBL4146144,Corrector activity at CFTR F508-del mutant (unknown origin) expressed in human CFBE41o cells harboring HS-YFP preincubated for 24 hrs followed by forskolin/genistein stimulation for 30 mins by fluorescence assay,B,EC50,=,707.95,nM,6.15,,2018,unspecified,corrector
CHEMBL4170164,CCOC(=O)n1nc(-c2sc(NC(=O)C(C)(C)C)nc2C)cc1Cc1ccccc1,CHEMBL4051,CHEMBL4145449,Cystic fibrosis transmembrane conductance regulator,CHEMBL4146144,Corrector activity at CFTR F508-del mutant (unknown origin) expressed in human CFBE41o cells harboring HS-YFP preincubated for 24 hrs followed by forskolin/genistein stimulation for 30 mins by fluorescence assay,B,EC50,=,8511.38,nM,5.07,,2018,unspecified,corrector
CHEMBL1098166,COc1ccc(NC(=O)c2cc(-c3sc(NC(=O)C(C)(C)C)nc3C)n(-c3ccc(Br)cc3)n2)cc1,CHEMBL4051,CHEMBL4145449,Cystic fibrosis transmembrane conductance regulator,CHEMBL4146144,Corrector activity at CFTR F508-del mutant (unknown origin) expressed in human CFBE41o cells harboring HS-YFP preincubated for 24 hrs followed by forskolin/genistein stimulation for 30 mins by fluorescence assay,B,EC50,=,3388.44,nM,5.47,,2018,unspecified,corrector
CHEMBL4166758,C=CCc1cc(-c2sc(NC(=O)C(C)(C)C)nc2C)nn1C(=O)Nc1ccc(OC)cc1,CHEMBL4051,CHEMBL4145449,Cystic fibrosis transmembrane conductance regulator,CHEMBL4146144,Corrector activity at CFTR F508-del mutant (unknown origin) expressed in human CFBE41o cells harboring HS-YFP preincubated for 24 hrs followed by forskolin/genistein stimulation for 30 mins by fluorescence assay,B,EC50,=,933.25,nM,6.03,,2018,unspecified,corrector
CHEMBL4171218,C=CCc1cc(-c2sc(NC(=O)C(C)(C)C)nc2C)nn1C(=O)Nc1ccccc1,CHEMBL4051,CHEMBL4145449,Cystic fibrosis transmembrane conductance regulator,CHEMBL4146144,Corrector activity at CFTR F508-del mutant (unknown origin) expressed in human CFBE41o cells harboring HS-YFP preincubated for 24 hrs followed by forskolin/genistein stimulation for 30 mins by fluorescence assay,B,EC50,=,3019.95,nM,5.52,,2018,unspecified,corrector
CHEMBL4163314,Cc1nc(NC(=O)C(C)(C)C)sc1-c1cc(Cc2ccccc2)n(C(=O)NCc2ccccc2)n1,CHEMBL4051,CHEMBL4145449,Cystic fibrosis transmembrane conductance regulator,CHEMBL4146144,Corrector activity at CFTR F508-del mutant (unknown origin) expressed in human CFBE41o cells harboring HS-YFP preincubated for 24 hrs followed by forskolin/genistein stimulation for 30 mins by fluorescence assay,B,EC50,=,758.58,nM,6.12,,2018,unspecified,corrector
CHEMBL4167860,COc1ccc(NC(=O)n2nc(-c3sc(NC(=O)C(C)(C)C)nc3C)cc2Cc2cc(Cl)ccc2OC)cc1,CHEMBL4051,CHEMBL4145449,Cystic fibrosis transmembrane conductance regulator,CHEMBL4146144,Corrector activity at CFTR F508-del mutant (unknown origin) expressed in human CFBE41o cells harboring HS-YFP preincubated for 24 hrs followed by forskolin/genistein stimulation for 30 mins by fluorescence assay,B,EC50,=,1000.0,nM,6.00,,2018,unspecified,corrector
CHEMBL4159943,COc1ccc(Cl)cc1Cc1cc(-c2sc(NC(=O)C(C)(C)C)nc2C)nn1C(=O)N1CCOCC1,CHEMBL4051,CHEMBL4145449,Cystic fibrosis transmembrane conductance regulator,CHEMBL4146144,Corrector activity at CFTR F508-del mutant (unknown origin) expressed in human CFBE41o cells harboring HS-YFP preincubated for 24 hrs followed by forskolin/genistein stimulation for 30 mins by fluorescence assay,B,EC50,=,1000.0,nM,6.00,,2018,unspecified,corrector
CHEMBL4170227,COc1ccc(Cl)cc1Cc1cc(-c2sc(NC(=O)C(C)(C)C)nc2C)nn1C(=O)NCCO,CHEMBL4051,CHEMBL4145449,Cystic fibrosis transmembrane conductance regulator,CHEMBL4146144,Corrector activity at CFTR F508-del mutant (unknown origin) expressed in human CFBE41o cells harboring HS-YFP preincubated for 24 hrs followed by forskolin/genistein stimulation for 30 mins by fluorescence assay,B,EC50,=,3019.95,nM,5.52,,2018,unspecified,corrector
CHEMBL4164907,O=C(c1ccccc1)c1sc(NC(=O)C2(c3ccc4c(c3)OCO4)CC2)nc1-c1ccccc1,CHEMBL4051,CHEMBL4145449,Cystic fibrosis transmembrane conductance regulator,CHEMBL4146144,Corrector activity at CFTR F508-del mutant (unknown origin) expressed in human CFBE41o cells harboring HS-YFP preincubated for 24 hrs followed by forskolin/genistein stimulation for 30 mins by fluorescence assay,B,EC50,=,87.1,nM,7.06,,2018,unspecified,corrector
CHEMBL4170137,CCOC(=O)c1sc(NC(=O)C2(c3ccc4c(c3)OCO4)CC2)nc1-c1ccc(Br)cc1,CHEMBL4051,CHEMBL4145449,Cystic fibrosis transmembrane conductance regulator,CHEMBL4146144,Corrector activity at CFTR F508-del mutant (unknown origin) expressed in human CFBE41o cells harboring HS-YFP preincubated for 24 hrs followed by forskolin/genistein stimulation for 30 mins by fluorescence assay,B,EC50,=,302.0,nM,6.52,,2018,unspecified,corrector
CHEMBL4159515,CCOC(=O)c1sc(NC(=O)C2(c3ccc4c(c3)OCO4)CC2)nc1-c1cccc(Cl)c1,CHEMBL4051,CHEMBL4145449,Cystic fibrosis transmembrane conductance regulator,CHEMBL4146144,Corrector activity at CFTR F508-del mutant (unknown origin) expressed in human CFBE41o cells harboring HS-YFP preincubated for 24 hrs followed by forskolin/genistein stimulation for 30 mins by fluorescence assay,B,EC50,=,549.54,nM,6.26,,2018,unspecified,corrector
CHEMBL4173592,CCOC(=O)c1sc(NC(=O)C2(c3ccc4c(c3)OCO4)CC2)nc1-c1ccc(Cl)cc1,CHEMBL4051,CHEMBL4145449,Cystic fibrosis transmembrane conductance regulator,CHEMBL4146144,Corrector activity at CFTR F508-del mutant (unknown origin) expressed in human CFBE41o cells harboring HS-YFP preincubated for 24 hrs followed by forskolin/genistein stimulation for 30 mins by fluorescence assay,B,EC50,=,891.25,nM,6.05,,2018,unspecified,corrector
CHEMBL4162876,Cc1sc(NC(=O)C2(c3ccc4c(c3)OCO4)CC2)nc1-c1ccc(Cl)cc1,CHEMBL4051,CHEMBL4145449,Cystic fibrosis transmembrane conductance regulator,CHEMBL4146144,Corrector activity at CFTR F508-del mutant (unknown origin) expressed in human CFBE41o cells harboring HS-YFP preincubated for 24 hrs followed by forskolin/genistein stimulation for 30 mins by fluorescence assay,B,EC50,=,2884.03,nM,5.54,,2018,unspecified,corrector
CHEMBL4176955,Cc1sc(NC(=O)C2(c3ccc4c(c3)OCO4)CC2)nc1-c1ccc(Br)cc1,CHEMBL4051,CHEMBL4145449,Cystic fibrosis transmembrane conductance regulator,CHEMBL4146144,Corrector activity at CFTR F508-del mutant (unknown origin) expressed in human CFBE41o cells harboring HS-YFP preincubated for 24 hrs followed by forskolin/genistein stimulation for 30 mins by fluorescence assay,B,EC50,=,1905.46,nM,5.72,,2018,unspecified,corrector
CHEMBL4166332,Cc1sc(NC(=O)C2(c3ccc4c(c3)OCO4)CC2)nc1-c1cccc(Cl)c1,CHEMBL4051,CHEMBL4145449,Cystic fibrosis transmembrane conductance regulator,CHEMBL4146144,Corrector activity at CFTR F508-del mutant (unknown origin) expressed in human CFBE41o cells harboring HS-YFP preincubated for 24 hrs followed by forskolin/genistein stimulation for 30 mins by fluorescence assay,B,EC50,=,2290.87,nM,5.64,,2018,unspecified,corrector
CHEMBL4161828,Cc1sc(NC(=O)C2(c3ccc4c(c3)OCO4)CC2)nc1-c1ccccc1,CHEMBL4051,CHEMBL4145449,Cystic fibrosis transmembrane conductance regulator,CHEMBL4146144,Corrector activity at CFTR F508-del mutant (unknown origin) expressed in human CFBE41o cells harboring HS-YFP preincubated for 24 hrs followed by forskolin/genistein stimulation for 30 mins by fluorescence assay,B,EC50,=,1584.89,nM,5.80,,2018,unspecified,corrector
CHEMBL4169748,Cc1sc(NC(=O)C2(c3ccc4c(c3)OCO4)CC2)nc1-c1ccc(F)cc1,CHEMBL4051,CHEMBL4145449,Cystic fibrosis transmembrane conductance regulator,CHEMBL4146144,Corrector activity at CFTR F508-del mutant (unknown origin) expressed in human CFBE41o cells harboring HS-YFP preincubated for 24 hrs followed by forskolin/genistein stimulation for 30 mins by fluorescence assay,B,EC50,=,891.25,nM,6.05,,2018,unspecified,corrector
CHEMBL4165261,O=C(Nc1nc(-c2ccc(Cl)cc2)cs1)C1(c2ccc3c(c2)OCO3)CC1,CHEMBL4051,CHEMBL4145449,Cystic fibrosis transmembrane conductance regulator,CHEMBL4146144,Corrector activity at CFTR F508-del mutant (unknown origin) expressed in human CFBE41o cells harboring HS-YFP preincubated for 24 hrs followed by forskolin/genistein stimulation for 30 mins by fluorescence assay,B,EC50,=,2884.03,nM,5.54,,2018,unspecified,corrector
CHEMBL4173166,O=C(Nc1nc(-c2ccc(Br)cc2)cs1)C1(c2ccc3c(c2)OCO3)CC1,CHEMBL4051,CHEMBL4145449,Cystic fibrosis transmembrane conductance regulator,CHEMBL4146144,Corrector activity at CFTR F508-del mutant (unknown origin) expressed in human CFBE41o cells harboring HS-YFP preincubated for 24 hrs followed by forskolin/genistein stimulation for 30 mins by fluorescence assay,B,EC50,=,4897.79,nM,5.31,,2018,unspecified,corrector
CHEMBL4167279,O=C(Nc1nc(-c2cccc(Cl)c2)cs1)C1(c2ccc3c(c2)OCO3)CC1,CHEMBL4051,CHEMBL4145449,Cystic fibrosis transmembrane conductance regulator,CHEMBL4146144,Corrector activity at CFTR F508-del mutant (unknown origin) expressed in human CFBE41o cells harboring HS-YFP preincubated for 24 hrs followed by forskolin/genistein stimulation for 30 mins by fluorescence assay,B,EC50,=,8128.31,nM,5.09,,2018,unspecified,corrector
CHEMBL4159353,O=C(Nc1nc(-c2ccc(I)cc2)cs1)C1(c2ccc3c(c2)OCO3)CC1,CHEMBL4051,CHEMBL4145449,Cystic fibrosis transmembrane conductance regulator,CHEMBL4146144,Corrector activity at CFTR F508-del mutant (unknown origin) expressed in human CFBE41o cells harboring HS-YFP preincubated for 24 hrs followed by forskolin/genistein stimulation for 30 mins by fluorescence assay,B,EC50,=,1202.26,nM,5.92,,2018,unspecified,corrector
CHEMBL4163823,O=C(Nc1nc(-c2cccc(F)c2)cs1)C1(c2ccc3c(c2)OCO3)CC1,CHEMBL4051,CHEMBL4145449,Cystic fibrosis transmembrane conductance regulator,CHEMBL4146144,Corrector activity at CFTR F508-del mutant (unknown origin) expressed in human CFBE41o cells harboring HS-YFP preincubated for 24 hrs followed by forskolin/genistein stimulation for 30 mins by fluorescence assay,B,EC50,=,2089.3,nM,5.68,,2018,unspecified,corrector
CHEMBL4174487,O=C(Nc1nc(-c2ccc(O)cc2)cs1)C1(c2ccc3c(c2)OCO3)CC1,CHEMBL4051,CHEMBL4145449,Cystic fibrosis transmembrane conductance regulator,CHEMBL4146144,Corrector activity at CFTR F508-del mutant (unknown origin) expressed in human CFBE41o cells harboring HS-YFP preincubated for 24 hrs followed by forskolin/genistein stimulation for 30 mins by fluorescence assay,B,EC50,=,1819.7,nM,5.74,,2018,unspecified,corrector
CHEMBL4160444,O=C(Nc1nc(-c2cccc(O)c2)cs1)C1(c2ccc3c(c2)OCO3)CC1,CHEMBL4051,CHEMBL4145449,Cystic fibrosis transmembrane conductance regulator,CHEMBL4146144,Corrector activity at CFTR F508-del mutant (unknown origin) expressed in human CFBE41o cells harboring HS-YFP preincubated for 24 hrs followed by forskolin/genistein stimulation for 30 mins by fluorescence assay,B,EC50,=,2290.87,nM,5.64,,2018,unspecified,corrector
CHEMBL4171047,Cc1sc(NC(=O)C2(c3ccc4c(c3)OCO4)CC2)nc1-c1cccc(O)c1,CHEMBL4051,CHEMBL4145449,Cystic fibrosis transmembrane conductance regulator,CHEMBL4146144,Corrector activity at CFTR F508-del mutant (unknown origin) expressed in human CFBE41o cells harboring HS-YFP preincubated for 24 hrs followed by forskolin/genistein stimulation for 30 mins by fluorescence assay,B,EC50,=,1202.26,nM,5.92,,2018,unspecified,corrector
CHEMBL4175544,Cc1sc(NC(=O)C2(c3ccc4c(c3)OCO4)CC2)nc1-c1ccc(O)cc1,CHEMBL4051,CHEMBL4145449,Cystic fibrosis transmembrane conductance regulator,CHEMBL4146144,Corrector activity at CFTR F508-del mutant (unknown origin) expressed in human CFBE41o cells harboring HS-YFP preincubated for 24 hrs followed by forskolin/genistein stimulation for 30 mins by fluorescence assay,B,EC50,=,3890.45,nM,5.41,,2018,unspecified,corrector
CHEMBL4167675,O=C(O)c1ccc(-c2csc(NC(=O)C3(c4ccc5c(c4)OCO5)CC3)n2)cc1,CHEMBL4051,CHEMBL4145449,Cystic fibrosis transmembrane conductance regulator,CHEMBL4146144,Corrector activity at CFTR F508-del mutant (unknown origin) expressed in human CFBE41o cells harboring HS-YFP preincubated for 24 hrs followed by forskolin/genistein stimulation for 30 mins by fluorescence assay,B,EC50,>,5011.87,nM,,,2018,unspecified,corrector
CHEMBL4162319,Cc1sc(NC(=O)C2(c3ccc4c(c3)OCO4)CC2)nc1-c1ccc(C(=O)O)cc1,CHEMBL4051,CHEMBL4145449,Cystic fibrosis transmembrane conductance regulator,CHEMBL4146144,Corrector activity at CFTR F508-del mutant (unknown origin) expressed in human CFBE41o cells harboring HS-YFP preincubated for 24 hrs followed by forskolin/genistein stimulation for 30 mins by fluorescence assay,B,EC50,=,2884.03,nM,5.54,,2018,unspecified,corrector
CHEMBL4172995,CC(=O)Nc1ccc(-c2csc(NC(=O)C3(c4ccc5c(c4)OCO5)CC3)n2)cc1,CHEMBL4051,CHEMBL4145449,Cystic fibrosis transmembrane conductance regulator,CHEMBL4146144,Corrector activity at CFTR F508-del mutant (unknown origin) expressed in human CFBE41o cells harboring HS-YFP preincubated for 24 hrs followed by forskolin/genistein stimulation for 30 mins by fluorescence assay,B,EC50,>,5011.87,nM,,,2018,unspecified,corrector
CHEMBL4160001,Cc1sc(NC(=O)C2(c3ccc4c(c3)OC(F)(F)O4)CC2)nc1-c1ccc(Br)cc1,CHEMBL4051,CHEMBL4145449,Cystic fibrosis transmembrane conductance regulator,CHEMBL4146144,Corrector activity at CFTR F508-del mutant (unknown origin) expressed in human CFBE41o cells harboring HS-YFP preincubated for 24 hrs followed by forskolin/genistein stimulation for 30 mins by fluorescence assay,B,EC50,=,3801.89,nM,5.42,,2018,unspecified,corrector
CHEMBL4167920,Cc1sc(NC(=O)C2(c3ccc4c(c3)OC(F)(F)O4)CC2)nc1-c1cccc(Cl)c1,CHEMBL4051,CHEMBL4145449,Cystic fibrosis transmembrane conductance regulator,CHEMBL4146144,Corrector activity at CFTR F508-del mutant (unknown origin) expressed in human CFBE41o cells harboring HS-YFP preincubated for 24 hrs followed by forskolin/genistein stimulation for 30 mins by fluorescence assay,B,EC50,=,5370.32,nM,5.27,,2018,unspecified,corrector
CHEMBL4163361,O=C(Nc1nc(-c2cccc(O)c2)cs1)C1(c2ccc3c(c2)OC(F)(F)O3)CC1,CHEMBL4051,CHEMBL4145449,Cystic fibrosis transmembrane conductance regulator,CHEMBL4146144,Corrector activity at CFTR F508-del mutant (unknown origin) expressed in human CFBE41o cells harboring HS-YFP preincubated for 24 hrs followed by forskolin/genistein stimulation for 30 mins by fluorescence assay,B,EC50,=,1288.25,nM,5.89,,2018,unspecified,corrector
CHEMBL4171265,O=C(Nc1nc(-c2ccc(O)cc2)cs1)C1(c2ccc3c(c2)OC(F)(F)O3)CC1,CHEMBL4051,CHEMBL4145449,Cystic fibrosis transmembrane conductance regulator,CHEMBL4146144,Corrector activity at CFTR F508-del mutant (unknown origin) expressed in human CFBE41o cells harboring HS-YFP preincubated for 24 hrs followed by forskolin/genistein stimulation for 30 mins by fluorescence assay,B,EC50,=,1698.24,nM,5.77,,2018,unspecified,corrector
CHEMBL4166815,O=C(Nc1nc(-c2cccc(Cl)c2)cs1)C1(c2ccc3c(c2)OC(F)(F)O3)CC1,CHEMBL4051,CHEMBL4145449,Cystic fibrosis transmembrane conductance regulator,CHEMBL4146144,Corrector activity at CFTR F508-del mutant (unknown origin) expressed in human CFBE41o cells harboring HS-YFP preincubated for 24 hrs followed by forskolin/genistein stimulation for 30 mins by fluorescence assay,B,EC50,=,3981.07,nM,5.40,,2018,unspecified,corrector
CHEMBL4174717,CSc1cccc(NC(=O)C2(c3ccc4c(c3)OCO4)CC2)c1,CHEMBL4051,CHEMBL4145449,Cystic fibrosis transmembrane conductance regulator,CHEMBL4146144,Corrector activity at CFTR F508-del mutant (unknown origin) expressed in human CFBE41o cells harboring HS-YFP preincubated for 24 hrs followed by forskolin/genistein stimulation for 30 mins by fluorescence assay,B,EC50,=,7943.28,nM,5.10,,2018,unspecified,corrector
CHEMBL4170223,O=C(Nc1cccc2cccnc12)C1(c2ccc3c(c2)OCO3)CC1,CHEMBL4051,CHEMBL4145449,Cystic fibrosis transmembrane conductance regulator,CHEMBL4146144,Corrector activity at CFTR F508-del mutant (unknown origin) expressed in human CFBE41o cells harboring HS-YFP preincubated for 24 hrs followed by forskolin/genistein stimulation for 30 mins by fluorescence assay,B,EC50,=,2187.76,nM,5.66,,2018,unspecified,corrector
CHEMBL4166805,COc1ccc(C(C)(C)C)cc1CN[C@H]1[C@H](C(C)(C)C)[C@@H](C(=O)O)N(C(=O)[C@@H]2Cc3ccccc3O2)[C@H]1c1ccccc1,CHEMBL4051,CHEMBL4145658,Cystic fibrosis transmembrane conductance regulator,CHEMBL4151111,"Corrector activity at HRP-fused CFTR F508del mutant (unknown origin) expressed in human CFBE41o cells assessed as increase in matured protein levels at cell surface after 18 to 24 hrs in presence of co-corrector 3-[(2R,4R)-4-({[l-(2,2-difluoro-l,3-benzodioxol-5-yl)cyclopropyl]carbonyl}amino)-7-methoxy-3,4-dihydro-2H-chromen-2-yl]benzoic acid by luminescence assay",B,EC50,<,1000.0,nM,,,2018,F508del,corrector
CHEMBL4173496,COc1ncc(C2CCC2)cc1CN[C@H]1[C@H](C(C)(C)C)[C@@H](C(=O)O)N(C(=O)C2CCCCC2)[C@H]1c1ccccc1C,CHEMBL4051,CHEMBL4145658,Cystic fibrosis transmembrane conductance regulator,CHEMBL4151111,"Corrector activity at HRP-fused CFTR F508del mutant (unknown origin) expressed in human CFBE41o cells assessed as increase in matured protein levels at cell surface after 18 to 24 hrs in presence of co-corrector 3-[(2R,4R)-4-({[l-(2,2-difluoro-l,3-benzodioxol-5-yl)cyclopropyl]carbonyl}amino)-7-methoxy-3,4-dihydro-2H-chromen-2-yl]benzoic acid by luminescence assay",B,EC50,<,1000.0,nM,,,2018,F508del,corrector
CHEMBL4162795,COc1ccc(C2(C)CCC2)cc1CN[C@H]1[C@H](C(C)(C)C)[C@@H](C(=O)O)N(C(=O)[C@@H]2CCCCO2)[C@H]1c1ccccc1C,CHEMBL4051,CHEMBL4145658,Cystic fibrosis transmembrane conductance regulator,CHEMBL4151111,"Corrector activity at HRP-fused CFTR F508del mutant (unknown origin) expressed in human CFBE41o cells assessed as increase in matured protein levels at cell surface after 18 to 24 hrs in presence of co-corrector 3-[(2R,4R)-4-({[l-(2,2-difluoro-l,3-benzodioxol-5-yl)cyclopropyl]carbonyl}amino)-7-methoxy-3,4-dihydro-2H-chromen-2-yl]benzoic acid by luminescence assay",B,EC50,<,1000.0,nM,,,2018,F508del,corrector
CHEMBL4176858,COc1ccc(C(C)(C)C)cc1CN[C@H]1[C@H](C(C)(C)C)[C@@H](C(=O)O)N(C(=O)C2CCCCC2)[C@H]1c1cccnc1N(C)C,CHEMBL4051,CHEMBL4145658,Cystic fibrosis transmembrane conductance regulator,CHEMBL4151111,"Corrector activity at HRP-fused CFTR F508del mutant (unknown origin) expressed in human CFBE41o cells assessed as increase in matured protein levels at cell surface after 18 to 24 hrs in presence of co-corrector 3-[(2R,4R)-4-({[l-(2,2-difluoro-l,3-benzodioxol-5-yl)cyclopropyl]carbonyl}amino)-7-methoxy-3,4-dihydro-2H-chromen-2-yl]benzoic acid by luminescence assay",B,EC50,<,1000.0,nM,,,2018,F508del,corrector
CHEMBL4166244,COc1ccc([Si](C)(C)C)cc1CN[C@H]1[C@H](C(C)(C)C)[C@@H](C(=O)O)N(C(=O)C2CCCCC2)[C@H]1c1ccccc1,CHEMBL4051,CHEMBL4145658,Cystic fibrosis transmembrane conductance regulator,CHEMBL4151111,"Corrector activity at HRP-fused CFTR F508del mutant (unknown origin) expressed in human CFBE41o cells assessed as increase in matured protein levels at cell surface after 18 to 24 hrs in presence of co-corrector 3-[(2R,4R)-4-({[l-(2,2-difluoro-l,3-benzodioxol-5-yl)cyclopropyl]carbonyl}amino)-7-methoxy-3,4-dihydro-2H-chromen-2-yl]benzoic acid by luminescence assay",B,EC50,<,1000.0,nM,,,2018,F508del,corrector
CHEMBL4161726,CC(C)c1ccccc1[C@H]1[C@@H](NCc2cccc3c2OC(C)(C)C3)[C@H](C(C)(C)C)[C@@H](C(=O)O)N1C(=O)[C@@H]1CCCCO1,CHEMBL4051,CHEMBL4145658,Cystic fibrosis transmembrane conductance regulator,CHEMBL4151111,"Corrector activity at HRP-fused CFTR F508del mutant (unknown origin) expressed in human CFBE41o cells assessed as increase in matured protein levels at cell surface after 18 to 24 hrs in presence of co-corrector 3-[(2R,4R)-4-({[l-(2,2-difluoro-l,3-benzodioxol-5-yl)cyclopropyl]carbonyl}amino)-7-methoxy-3,4-dihydro-2H-chromen-2-yl]benzoic acid by luminescence assay",B,EC50,<,1000.0,nM,,,2018,F508del,corrector
CHEMBL4169655,COc1ncc(C(C)C)cc1CN[C@H]1[C@H](C(C)(C)OC)[C@@H](C(=O)O)N(C(=O)C2CCCCC2)[C@H]1c1ccccc1,CHEMBL4051,CHEMBL4145658,Cystic fibrosis transmembrane conductance regulator,CHEMBL4151111,"Corrector activity at HRP-fused CFTR F508del mutant (unknown origin) expressed in human CFBE41o cells assessed as increase in matured protein levels at cell surface after 18 to 24 hrs in presence of co-corrector 3-[(2R,4R)-4-({[l-(2,2-difluoro-l,3-benzodioxol-5-yl)cyclopropyl]carbonyl}amino)-7-methoxy-3,4-dihydro-2H-chromen-2-yl]benzoic acid by luminescence assay",B,EC50,=,1000.0,nM,6.00,,2018,F508del,corrector
CHEMBL4165161,COc1ccc(-c2cccc(F)c2F)cc1CN[C@H]1[C@H](C(C)(C)C)[C@@H](C(=O)O)N(C(=O)C2CCCCC2)[C@H]1c1ccccc1,CHEMBL4051,CHEMBL4145658,Cystic fibrosis transmembrane conductance regulator,CHEMBL4151111,"Corrector activity at HRP-fused CFTR F508del mutant (unknown origin) expressed in human CFBE41o cells assessed as increase in matured protein levels at cell surface after 18 to 24 hrs in presence of co-corrector 3-[(2R,4R)-4-({[l-(2,2-difluoro-l,3-benzodioxol-5-yl)cyclopropyl]carbonyl}amino)-7-methoxy-3,4-dihydro-2H-chromen-2-yl]benzoic acid by luminescence assay",B,EC50,<,1000.0,nM,,,2018,F508del,corrector
CHEMBL4173063,COc1cc2c(cc1CN[C@H]1[C@H](C(C)(C)C)[C@@H](C(=O)O)N(C(=O)C3CCCCC3)[C@H]1c1ccccc1)C(C)(C)CCC2(C)C,CHEMBL4051,CHEMBL4145658,Cystic fibrosis transmembrane conductance regulator,CHEMBL4151111,"Corrector activity at HRP-fused CFTR F508del mutant (unknown origin) expressed in human CFBE41o cells assessed as increase in matured protein levels at cell surface after 18 to 24 hrs in presence of co-corrector 3-[(2R,4R)-4-({[l-(2,2-difluoro-l,3-benzodioxol-5-yl)cyclopropyl]carbonyl}amino)-7-methoxy-3,4-dihydro-2H-chromen-2-yl]benzoic acid by luminescence assay",B,EC50,<,1000.0,nM,,,2018,F508del,corrector
CHEMBL4165161,COc1ccc(-c2cccc(F)c2F)cc1CN[C@H]1[C@H](C(C)(C)C)[C@@H](C(=O)O)N(C(=O)C2CCCCC2)[C@H]1c1ccccc1,CHEMBL4051,CHEMBL4145658,Cystic fibrosis transmembrane conductance regulator,CHEMBL4151109,Corrector activity at HRP-fused CFTR F508del mutant (unknown origin) expressed in human CFBE41o cells assessed as increase in matured protein levels at cell surface after 18 to 24 hrs by luminescence assay,B,EC50,<,1000.0,nM,,,2018,F508del,corrector
CHEMBL4173063,COc1cc2c(cc1CN[C@H]1[C@H](C(C)(C)C)[C@@H](C(=O)O)N(C(=O)C3CCCCC3)[C@H]1c1ccccc1)C(C)(C)CCC2(C)C,CHEMBL4051,CHEMBL4145658,Cystic fibrosis transmembrane conductance regulator,CHEMBL4151109,Corrector activity at HRP-fused CFTR F508del mutant (unknown origin) expressed in human CFBE41o cells assessed as increase in matured protein levels at cell surface after 18 to 24 hrs by luminescence assay,B,EC50,<,1000.0,nM,,,2018,F508del,corrector
CHEMBL4169655,COc1ncc(C(C)C)cc1CN[C@H]1[C@H](C(C)(C)OC)[C@@H](C(=O)O)N(C(=O)C2CCCCC2)[C@H]1c1ccccc1,CHEMBL4051,CHEMBL4145658,Cystic fibrosis transmembrane conductance regulator,CHEMBL4151109,Corrector activity at HRP-fused CFTR F508del mutant (unknown origin) expressed in human CFBE41o cells assessed as increase in matured protein levels at cell surface after 18 to 24 hrs by luminescence assay,B,EC50,=,1000.0,nM,6.00,,2018,F508del,corrector
CHEMBL4161726,CC(C)c1ccccc1[C@H]1[C@@H](NCc2cccc3c2OC(C)(C)C3)[C@H](C(C)(C)C)[C@@H](C(=O)O)N1C(=O)[C@@H]1CCCCO1,CHEMBL4051,CHEMBL4145658,Cystic fibrosis transmembrane conductance regulator,CHEMBL4151109,Corrector activity at HRP-fused CFTR F508del mutant (unknown origin) expressed in human CFBE41o cells assessed as increase in matured protein levels at cell surface after 18 to 24 hrs by luminescence assay,B,EC50,<,1000.0,nM,,,2018,F508del,corrector
CHEMBL4166244,COc1ccc([Si](C)(C)C)cc1CN[C@H]1[C@H](C(C)(C)C)[C@@H](C(=O)O)N(C(=O)C2CCCCC2)[C@H]1c1ccccc1,CHEMBL4051,CHEMBL4145658,Cystic fibrosis transmembrane conductance regulator,CHEMBL4151109,Corrector activity at HRP-fused CFTR F508del mutant (unknown origin) expressed in human CFBE41o cells assessed as increase in matured protein levels at cell surface after 18 to 24 hrs by luminescence assay,B,EC50,<,1000.0,nM,,,2018,F508del,corrector
CHEMBL4176858,COc1ccc(C(C)(C)C)cc1CN[C@H]1[C@H](C(C)(C)C)[C@@H](C(=O)O)N(C(=O)C2CCCCC2)[C@H]1c1cccnc1N(C)C,CHEMBL4051,CHEMBL4145658,Cystic fibrosis transmembrane conductance regulator,CHEMBL4151109,Corrector activity at HRP-fused CFTR F508del mutant (unknown origin) expressed in human CFBE41o cells assessed as increase in matured protein levels at cell surface after 18 to 24 hrs by luminescence assay,B,EC50,<,1000.0,nM,,,2018,F508del,corrector
CHEMBL4162795,COc1ccc(C2(C)CCC2)cc1CN[C@H]1[C@H](C(C)(C)C)[C@@H](C(=O)O)N(C(=O)[C@@H]2CCCCO2)[C@H]1c1ccccc1C,CHEMBL4051,CHEMBL4145658,Cystic fibrosis transmembrane conductance regulator,CHEMBL4151109,Corrector activity at HRP-fused CFTR F508del mutant (unknown origin) expressed in human CFBE41o cells assessed as increase in matured protein levels at cell surface after 18 to 24 hrs by luminescence assay,B,EC50,<,1000.0,nM,,,2018,F508del,corrector
CHEMBL4173496,COc1ncc(C2CCC2)cc1CN[C@H]1[C@H](C(C)(C)C)[C@@H](C(=O)O)N(C(=O)C2CCCCC2)[C@H]1c1ccccc1C,CHEMBL4051,CHEMBL4145658,Cystic fibrosis transmembrane conductance regulator,CHEMBL4151109,Corrector activity at HRP-fused CFTR F508del mutant (unknown origin) expressed in human CFBE41o cells assessed as increase in matured protein levels at cell surface after 18 to 24 hrs by luminescence assay,B,EC50,<,1000.0,nM,,,2018,F508del,corrector
CHEMBL4166805,COc1ccc(C(C)(C)C)cc1CN[C@H]1[C@H](C(C)(C)C)[C@@H](C(=O)O)N(C(=O)[C@@H]2Cc3ccccc3O2)[C@H]1c1ccccc1,CHEMBL4051,CHEMBL4145658,Cystic fibrosis transmembrane conductance regulator,CHEMBL4151109,Corrector activity at HRP-fused CFTR F508del mutant (unknown origin) expressed in human CFBE41o cells assessed as increase in matured protein levels at cell surface after 18 to 24 hrs by luminescence assay,B,EC50,<,1000.0,nM,,,2018,F508del,corrector
CHEMBL4243267,CCCCCCCCC[C@@H]1C[C@H](O)[C@H]2C[N@]1O[C@@H]2c1ccccc1,CHEMBL4051,CHEMBL4229502,Cystic fibrosis transmembrane conductance regulator,CHEMBL4235255,Inhibition of CFTR-mediated forskolin-induced chloride secretion in human T84 cells after 15 mins by short-circuit current analysis,B,IC50,=,58620.0,nM,4.23,,2018,unspecified,unspecified
CHEMBL4438246,CC(C)(C)[C@H]1[C@H](C(=O)c2cc(Cl)ccc2Cl)[C@H](c2ccccc2)N(C(=O)C2CCCCC2)[C@@H]1C(=O)O,CHEMBL4051,CHEMBL4312040,Cystic fibrosis transmembrane conductance regulator,CHEMBL4316539,Corrector activity at CFTR F508del mutant (unknown origin) expressed in CFBE41o- cells measured after 18 to 24 hrs by HRP based luminescence assay,B,EC50,=,2520.0,nM,5.60,,2019,F508del,corrector
CHEMBL4521957,CC(C)(C)[C@H]1[C@H](C(=O)c2cc(Cl)ccc2Cl)[C@H](c2ccccc2)N(C(=O)c2ccccc2)[C@@H]1C(=O)O,CHEMBL4051,CHEMBL4312040,Cystic fibrosis transmembrane conductance regulator,CHEMBL4316539,Corrector activity at CFTR F508del mutant (unknown origin) expressed in CFBE41o- cells measured after 18 to 24 hrs by HRP based luminescence assay,B,EC50,=,2660.0,nM,5.58,,2019,F508del,corrector
CHEMBL4586969,CC(C)(C)C1C(C(=O)c2cc(Cl)ccc2Cl)C(c2ccccc2)N(C(=O)c2ccccc2)C1C(=O)O,CHEMBL4051,CHEMBL4312040,Cystic fibrosis transmembrane conductance regulator,CHEMBL4316539,Corrector activity at CFTR F508del mutant (unknown origin) expressed in CFBE41o- cells measured after 18 to 24 hrs by HRP based luminescence assay,B,EC50,=,2720.0,nM,5.57,,2019,F508del,corrector
CHEMBL4465098,COc1ccc(C(F)(F)F)cc1CO[C@@H]1[C@@H](C(C)(C)C)[C@H](C(=O)O)N(C(=O)C2CCCCC2)[C@@H]1c1ccccc1,CHEMBL4051,CHEMBL4312040,Cystic fibrosis transmembrane conductance regulator,CHEMBL4316539,Corrector activity at CFTR F508del mutant (unknown origin) expressed in CFBE41o- cells measured after 18 to 24 hrs by HRP based luminescence assay,B,EC50,=,1320.0,nM,5.88,,2019,F508del,corrector
CHEMBL4465098,COc1ccc(C(F)(F)F)cc1CO[C@@H]1[C@@H](C(C)(C)C)[C@H](C(=O)O)N(C(=O)C2CCCCC2)[C@@H]1c1ccccc1,CHEMBL4051,CHEMBL4312040,Cystic fibrosis transmembrane conductance regulator,CHEMBL4316539,Corrector activity at CFTR F508del mutant (unknown origin) expressed in CFBE41o- cells measured after 18 to 24 hrs by HRP based luminescence assay,B,EC50,>,20000.0,nM,,,2019,F508del,corrector
CHEMBL4551092,COc1ccc(C(F)(F)F)cc1CO[C@H]1[C@H](C(C)(C)C)[C@@H](C(=O)O)N(C(=O)C2CCCCC2)[C@H]1c1ccccc1,CHEMBL4051,CHEMBL4312040,Cystic fibrosis transmembrane conductance regulator,CHEMBL4316539,Corrector activity at CFTR F508del mutant (unknown origin) expressed in CFBE41o- cells measured after 18 to 24 hrs by HRP based luminescence assay,B,EC50,=,820.0,nM,6.09,,2019,F508del,corrector
CHEMBL4586969,CC(C)(C)C1C(C(=O)c2cc(Cl)ccc2Cl)C(c2ccccc2)N(C(=O)c2ccccc2)C1C(=O)O,CHEMBL4051,CHEMBL4312040,Cystic fibrosis transmembrane conductance regulator,CHEMBL4316537,"Corrector activity at CFTR F508del mutant (unknown origin) expressed in CFBE41o- cells measured at 18 to 24 hrs in presence of 3-((2R,4S)-4-(1-(2,2-difluorobenzo[d][1,3]dioxol-5-yl)cyclopropanecarboxamido)-7-methoxychroman-2-yl)benzoic acid by HRP based luminescence assay",B,EC50,=,2110.0,nM,5.68,,2019,F508del,corrector
CHEMBL4521957,CC(C)(C)[C@H]1[C@H](C(=O)c2cc(Cl)ccc2Cl)[C@H](c2ccccc2)N(C(=O)c2ccccc2)[C@@H]1C(=O)O,CHEMBL4051,CHEMBL4312040,Cystic fibrosis transmembrane conductance regulator,CHEMBL4316537,"Corrector activity at CFTR F508del mutant (unknown origin) expressed in CFBE41o- cells measured at 18 to 24 hrs in presence of 3-((2R,4S)-4-(1-(2,2-difluorobenzo[d][1,3]dioxol-5-yl)cyclopropanecarboxamido)-7-methoxychroman-2-yl)benzoic acid by HRP based luminescence assay",B,EC50,=,1970.0,nM,5.71,,2019,F508del,corrector
CHEMBL4438246,CC(C)(C)[C@H]1[C@H](C(=O)c2cc(Cl)ccc2Cl)[C@H](c2ccccc2)N(C(=O)C2CCCCC2)[C@@H]1C(=O)O,CHEMBL4051,CHEMBL4312040,Cystic fibrosis transmembrane conductance regulator,CHEMBL4316537,"Corrector activity at CFTR F508del mutant (unknown origin) expressed in CFBE41o- cells measured at 18 to 24 hrs in presence of 3-((2R,4S)-4-(1-(2,2-difluorobenzo[d][1,3]dioxol-5-yl)cyclopropanecarboxamido)-7-methoxychroman-2-yl)benzoic acid by HRP based luminescence assay",B,EC50,=,2010.0,nM,5.70,,2019,F508del,corrector
CHEMBL4465098,COc1ccc(C(F)(F)F)cc1CO[C@@H]1[C@@H](C(C)(C)C)[C@H](C(=O)O)N(C(=O)C2CCCCC2)[C@@H]1c1ccccc1,CHEMBL4051,CHEMBL4312040,Cystic fibrosis transmembrane conductance regulator,CHEMBL4316537,"Corrector activity at CFTR F508del mutant (unknown origin) expressed in CFBE41o- cells measured at 18 to 24 hrs in presence of 3-((2R,4S)-4-(1-(2,2-difluorobenzo[d][1,3]dioxol-5-yl)cyclopropanecarboxamido)-7-methoxychroman-2-yl)benzoic acid by HRP based luminescence assay",B,EC50,=,1130.0,nM,5.95,,2019,F508del,corrector
CHEMBL4465098,COc1ccc(C(F)(F)F)cc1CO[C@@H]1[C@@H](C(C)(C)C)[C@H](C(=O)O)N(C(=O)C2CCCCC2)[C@@H]1c1ccccc1,CHEMBL4051,CHEMBL4312040,Cystic fibrosis transmembrane conductance regulator,CHEMBL4316537,"Corrector activity at CFTR F508del mutant (unknown origin) expressed in CFBE41o- cells measured at 18 to 24 hrs in presence of 3-((2R,4S)-4-(1-(2,2-difluorobenzo[d][1,3]dioxol-5-yl)cyclopropanecarboxamido)-7-methoxychroman-2-yl)benzoic acid by HRP based luminescence assay",B,EC50,=,1290.0,nM,5.89,,2019,F508del,corrector
CHEMBL4551092,COc1ccc(C(F)(F)F)cc1CO[C@H]1[C@H](C(C)(C)C)[C@@H](C(=O)O)N(C(=O)C2CCCCC2)[C@H]1c1ccccc1,CHEMBL4051,CHEMBL4312040,Cystic fibrosis transmembrane conductance regulator,CHEMBL4316537,"Corrector activity at CFTR F508del mutant (unknown origin) expressed in CFBE41o- cells measured at 18 to 24 hrs in presence of 3-((2R,4S)-4-(1-(2,2-difluorobenzo[d][1,3]dioxol-5-yl)cyclopropanecarboxamido)-7-methoxychroman-2-yl)benzoic acid by HRP based luminescence assay",B,EC50,=,580.0,nM,6.24,,2019,F508del,corrector
CHEMBL4551092,COc1ccc(C(F)(F)F)cc1CO[C@H]1[C@H](C(C)(C)C)[C@@H](C(=O)O)N(C(=O)C2CCCCC2)[C@H]1c1ccccc1,CHEMBL4051,CHEMBL4312040,Cystic fibrosis transmembrane conductance regulator,CHEMBL4316535,Corrector activity at forskolin-stimulated CFTR F508del mutant in human NHBE cells after 18 to 24 hrs in presence of GLPG1873 by voltage-clamp based assay,B,EC50,=,173.0,nM,6.76,,2019,F508del,corrector
CHEMBL4533405,COc1ncc(C(F)(F)F)cc1CO[C@H]1[C@H](C(C)(C)C)[C@@H](C(=O)O)N(C(=O)C2CCCCC2)[C@H]1c1ccccc1,CHEMBL4051,CHEMBL4312040,Cystic fibrosis transmembrane conductance regulator,CHEMBL4316535,Corrector activity at forskolin-stimulated CFTR F508del mutant in human NHBE cells after 18 to 24 hrs in presence of GLPG1873 by voltage-clamp based assay,B,EC50,=,150.0,nM,6.82,,2019,F508del,corrector
CHEMBL4453629,COc1ncc(C2CCCC2)cc1CO[C@H]1[C@H](C(C)(C)C)[C@@H](C(=O)O)N(C(=O)C2CCCCC2)[C@H]1c1ccccc1,CHEMBL4051,CHEMBL4312040,Cystic fibrosis transmembrane conductance regulator,CHEMBL4316535,Corrector activity at forskolin-stimulated CFTR F508del mutant in human NHBE cells after 18 to 24 hrs in presence of GLPG1873 by voltage-clamp based assay,B,EC50,=,247.0,nM,6.61,,2019,F508del,corrector
CHEMBL4553881,COc1ncc(C(C)(C)C)cc1CO[C@H]1[C@H](C(C)(C)C)[C@@H](C(=O)O)N(C(=O)C2CCCCC2)[C@H]1c1ccccc1,CHEMBL4051,CHEMBL4312040,Cystic fibrosis transmembrane conductance regulator,CHEMBL4316535,Corrector activity at forskolin-stimulated CFTR F508del mutant in human NHBE cells after 18 to 24 hrs in presence of GLPG1873 by voltage-clamp based assay,B,EC50,=,132.0,nM,6.88,,2019,F508del,corrector
CHEMBL4517461,COc1ncc(C(F)(F)F)cc1CO[C@H]1[C@H](C(C)(C)C)[C@@H](C(=O)O)N(C(=O)OC(C)C)[C@H]1c1ccccc1,CHEMBL4051,CHEMBL4312040,Cystic fibrosis transmembrane conductance regulator,CHEMBL4316535,Corrector activity at forskolin-stimulated CFTR F508del mutant in human NHBE cells after 18 to 24 hrs in presence of GLPG1873 by voltage-clamp based assay,B,EC50,=,137.0,nM,6.86,,2019,F508del,corrector
CHEMBL4547279,COc1ncc(C(F)(F)F)cc1CO[C@H]1[C@H](C(C)(C)C)[C@@H](C(=O)O)N(C(=O)[C@@H]2CCCCO2)[C@H]1c1ccccc1,CHEMBL4051,CHEMBL4312040,Cystic fibrosis transmembrane conductance regulator,CHEMBL4316535,Corrector activity at forskolin-stimulated CFTR F508del mutant in human NHBE cells after 18 to 24 hrs in presence of GLPG1873 by voltage-clamp based assay,B,EC50,=,213.0,nM,6.67,,2019,F508del,corrector
CHEMBL4581904,COc1ncc(C(F)(F)F)cc1CO[C@H]1[C@H](C(C)(C)C)[C@@H](C(=O)O)N(C(=O)[C@H]2CCCCO2)[C@H]1c1ccccc1,CHEMBL4051,CHEMBL4312040,Cystic fibrosis transmembrane conductance regulator,CHEMBL4316535,Corrector activity at forskolin-stimulated CFTR F508del mutant in human NHBE cells after 18 to 24 hrs in presence of GLPG1873 by voltage-clamp based assay,B,EC50,=,346.0,nM,6.46,,2019,F508del,corrector
CHEMBL4463048,COc1ncc(C(F)(F)F)cc1CO[C@H]1[C@H](C(C)(C)C)[C@@H](C(=O)O)N(C(=O)[C@@H]2CCCCO2)[C@H]1c1ccccc1C(C)C,CHEMBL4051,CHEMBL4312040,Cystic fibrosis transmembrane conductance regulator,CHEMBL4316535,Corrector activity at forskolin-stimulated CFTR F508del mutant in human NHBE cells after 18 to 24 hrs in presence of GLPG1873 by voltage-clamp based assay,B,EC50,=,35.0,nM,7.46,,2019,F508del,corrector
CHEMBL4475985,COc1ncc(C(F)(F)F)cc1CO[C@H]1[C@H](C(C)(C)C)[C@@H](C(=O)O)N(C(=O)[C@@H]2CCCCO2)[C@H]1c1ccccc1C1CC1,CHEMBL4051,CHEMBL4312040,Cystic fibrosis transmembrane conductance regulator,CHEMBL4316535,Corrector activity at forskolin-stimulated CFTR F508del mutant in human NHBE cells after 18 to 24 hrs in presence of GLPG1873 by voltage-clamp based assay,B,EC50,=,66.0,nM,7.18,,2019,F508del,corrector
CHEMBL4546985,COc1ncc(C(F)(F)F)cc1CO[C@H]1[C@H](C(C)(C)C)[C@@H](C(=O)O)N(C(=O)[C@@H]2CCCCO2)[C@H]1c1ccccc1Cl,CHEMBL4051,CHEMBL4312040,Cystic fibrosis transmembrane conductance regulator,CHEMBL4316535,Corrector activity at forskolin-stimulated CFTR F508del mutant in human NHBE cells after 18 to 24 hrs in presence of GLPG1873 by voltage-clamp based assay,B,EC50,=,222.0,nM,6.65,,2019,F508del,corrector
CHEMBL4461428,CCc1ccccc1[C@H]1[C@@H](OCc2cc(C(F)(F)F)cnc2OC)[C@H](C(C)(C)C)[C@@H](C(=O)O)N1C(=O)[C@@H]1CCCCO1,CHEMBL4051,CHEMBL4312040,Cystic fibrosis transmembrane conductance regulator,CHEMBL4316535,Corrector activity at forskolin-stimulated CFTR F508del mutant in human NHBE cells after 18 to 24 hrs in presence of GLPG1873 by voltage-clamp based assay,B,EC50,=,48.0,nM,7.32,,2019,F508del,corrector
CHEMBL4570987,COc1ncc(C(F)(F)F)cc1CO[C@H]1[C@H](C(C)(C)C)[C@@H](C(=O)O)N(C(=O)[C@@H]2CCCCO2)[C@H]1c1ccccc1CC(C)C,CHEMBL4051,CHEMBL4312040,Cystic fibrosis transmembrane conductance regulator,CHEMBL4316535,Corrector activity at forskolin-stimulated CFTR F508del mutant in human NHBE cells after 18 to 24 hrs in presence of GLPG1873 by voltage-clamp based assay,B,EC50,=,52.0,nM,7.28,,2019,F508del,corrector
CHEMBL4588847,COc1ncc(C(F)(F)F)cc1CO[C@H]1[C@H](C(C)(C)C)[C@@H](C(=O)O)N(C(=O)[C@@H]2CCCCO2)[C@H]1c1ccccc1C,CHEMBL4051,CHEMBL4312040,Cystic fibrosis transmembrane conductance regulator,CHEMBL4316535,Corrector activity at forskolin-stimulated CFTR F508del mutant in human NHBE cells after 18 to 24 hrs in presence of GLPG1873 by voltage-clamp based assay,B,EC50,=,105.0,nM,6.98,,2019,F508del,corrector
CHEMBL4472545,Cc1nc2ccc(N(C)C(=O)Cn3nc(-c4cccc(Cl)c4)c4ccccc4c3=O)cc2o1,CHEMBL4051,CHEMBL4354803,Cystic fibrosis transmembrane conductance regulator,CHEMBL4355659,"Inhibition of human CFTR F508 deletion mutant expressed in rat FRT cells coexpressing YFP-H148Q/I152L 25,22 incubated for 60 to 120 mins in presence of forskolin by fluorescent method",B,EC50,<,10000.0,nM,,,2019,unspecified,unspecified
CHEMBL4444352,COc1ccc2nc(N3CCN(C(=O)c4ccccc4F)CC3)c(C#N)cc2c1,CHEMBL4051,CHEMBL4364316,Cystic fibrosis transmembrane conductance regulator,CHEMBL4368068,Potentiator activity at CFTR F508del mutant (unknown origin) expressed in rat FRT cells assessed as iodide influx preincubated for 18 to 24 hrs followed by compound wash out and subsequent compound and forskolin addition by fluorescence based assay,B,EC50,=,11000.0,nM,4.96,,2019,F508del,potentiator
CHEMBL4444246,COc1ccc(S(=O)(=O)N2CCN(c3nc4ccc(C)cc4cc3C#N)CC2)cc1,CHEMBL4051,CHEMBL4364316,Cystic fibrosis transmembrane conductance regulator,CHEMBL4368068,Potentiator activity at CFTR F508del mutant (unknown origin) expressed in rat FRT cells assessed as iodide influx preincubated for 18 to 24 hrs followed by compound wash out and subsequent compound and forskolin addition by fluorescence based assay,B,EC50,=,3800.0,nM,5.42,,2019,F508del,potentiator
CHEMBL4554422,Cc1cc(C)c2cc(C#N)c(NCCNC(=O)c3cccs3)nc2c1,CHEMBL4051,CHEMBL4364316,Cystic fibrosis transmembrane conductance regulator,CHEMBL4368068,Potentiator activity at CFTR F508del mutant (unknown origin) expressed in rat FRT cells assessed as iodide influx preincubated for 18 to 24 hrs followed by compound wash out and subsequent compound and forskolin addition by fluorescence based assay,B,EC50,=,14000.0,nM,4.85,,2019,F508del,potentiator
CHEMBL1403454,COc1ccc(C(=O)NCCNc2nc3ccc(C)cc3cc2C#N)cc1OC,CHEMBL4051,CHEMBL4364316,Cystic fibrosis transmembrane conductance regulator,CHEMBL4368068,Potentiator activity at CFTR F508del mutant (unknown origin) expressed in rat FRT cells assessed as iodide influx preincubated for 18 to 24 hrs followed by compound wash out and subsequent compound and forskolin addition by fluorescence based assay,B,EC50,=,15000.0,nM,4.82,,2019,F508del,potentiator
CHEMBL1583913,COc1ccc(C(=O)NCCNc2nc3c(C)cccc3cc2C#N)cc1OC,CHEMBL4051,CHEMBL4364316,Cystic fibrosis transmembrane conductance regulator,CHEMBL4368068,Potentiator activity at CFTR F508del mutant (unknown origin) expressed in rat FRT cells assessed as iodide influx preincubated for 18 to 24 hrs followed by compound wash out and subsequent compound and forskolin addition by fluorescence based assay,B,EC50,=,15000.0,nM,4.82,,2019,F508del,potentiator
CHEMBL2018574,COc1cccc(C(=O)NCCNc2nc3cc(C)cc(C)c3cc2C#N)c1,CHEMBL4051,CHEMBL4364316,Cystic fibrosis transmembrane conductance regulator,CHEMBL4368068,Potentiator activity at CFTR F508del mutant (unknown origin) expressed in rat FRT cells assessed as iodide influx preincubated for 18 to 24 hrs followed by compound wash out and subsequent compound and forskolin addition by fluorescence based assay,B,EC50,=,14000.0,nM,4.85,,2019,F508del,potentiator
CHEMBL2069648,COc1ccc(Cl)cc1Nc1nc(-c2sc(NC(=O)C(C)(C)C)nc2C)c(-n2cc(CO)nn2)s1,CHEMBL4051,CHEMBL4364316,Cystic fibrosis transmembrane conductance regulator,CHEMBL4368064,Corrector activity at CFTR F508del mutant (unknown origin),B,EC50,=,1600.0,nM,5.80,,2019,F508del,corrector
CHEMBL4558190,O=C(O)c1ccc(C2CC(NC(=O)C3(c4ccc5c(c4)OC(F)(F)O5)CC3)c3ccc(OC(F)F)cc3O2)cc1,CHEMBL4051,CHEMBL4364316,Cystic fibrosis transmembrane conductance regulator,CHEMBL4368064,Corrector activity at CFTR F508del mutant (unknown origin),B,EC50,=,0.5,nM,9.30,,2019,F508del,corrector
CHEMBL495336,COc1ccc(Cl)cc1Nc1nc2c(s1)CCCc1nc(NC(=O)C(C)(C)C)sc1-2,CHEMBL4051,CHEMBL4364316,Cystic fibrosis transmembrane conductance regulator,CHEMBL4368064,Corrector activity at CFTR F508del mutant (unknown origin),B,EC50,=,300.0,nM,6.52,,2019,F508del,corrector
CHEMBL4450801,COc1ccc(Cl)cc1Cn1nc(-c2sc(NC(=O)C(C)(C)C)nc2C)cc1C(=O)N1CCOCC1,CHEMBL4051,CHEMBL4364316,Cystic fibrosis transmembrane conductance regulator,CHEMBL4368064,Corrector activity at CFTR F508del mutant (unknown origin),B,EC50,=,1000.0,nM,6.00,,2019,F508del,corrector
CHEMBL4442921,NC(=O)C1CCC(c2nc(-c3ccccn3)nc3c2CN(Cc2ccccc2)CC3)CC1,CHEMBL4051,CHEMBL4364316,Cystic fibrosis transmembrane conductance regulator,CHEMBL4368064,Corrector activity at CFTR F508del mutant (unknown origin),B,EC50,=,1400.0,nM,5.85,,2019,F508del,corrector
CHEMBL260775,COc1ccc(Cl)cc1Nc1nc(-c2sc(NC(=O)c3ccccc3)nc2C)cs1,CHEMBL4051,CHEMBL4364316,Cystic fibrosis transmembrane conductance regulator,CHEMBL4368064,Corrector activity at CFTR F508del mutant (unknown origin),B,EC50,<=,2800.0,nM,,,2019,F508del,corrector
CHEMBL2103870,Cc1ccc(NC(=O)C2(c3ccc4c(c3)OC(F)(F)O4)CC2)nc1-c1cccc(C(=O)O)c1,CHEMBL4051,CHEMBL4364316,Cystic fibrosis transmembrane conductance regulator,CHEMBL4368064,Corrector activity at CFTR F508del mutant (unknown origin),B,EC50,=,2600.0,nM,5.58,,2019,F508del,corrector
CHEMBL4444352,COc1ccc2nc(N3CCN(C(=O)c4ccccc4F)CC3)c(C#N)cc2c1,CHEMBL4051,CHEMBL4364316,Cystic fibrosis transmembrane conductance regulator,CHEMBL4368066,Corrector activity at CFTR F508del mutant (unknown origin) expressed in rat FRT cells assessed as iodide influx preincubated for 18 to 24 hrs followed by compound wash out and addition of forskolin and genistein by fluorescence based assay,B,EC50,=,4200.0,nM,5.38,,2019,F508del,corrector
CHEMBL4444246,COc1ccc(S(=O)(=O)N2CCN(c3nc4ccc(C)cc4cc3C#N)CC2)cc1,CHEMBL4051,CHEMBL4364316,Cystic fibrosis transmembrane conductance regulator,CHEMBL4368066,Corrector activity at CFTR F508del mutant (unknown origin) expressed in rat FRT cells assessed as iodide influx preincubated for 18 to 24 hrs followed by compound wash out and addition of forskolin and genistein by fluorescence based assay,B,EC50,=,5000.0,nM,5.30,,2019,F508del,corrector
CHEMBL4554422,Cc1cc(C)c2cc(C#N)c(NCCNC(=O)c3cccs3)nc2c1,CHEMBL4051,CHEMBL4364316,Cystic fibrosis transmembrane conductance regulator,CHEMBL4368066,Corrector activity at CFTR F508del mutant (unknown origin) expressed in rat FRT cells assessed as iodide influx preincubated for 18 to 24 hrs followed by compound wash out and addition of forskolin and genistein by fluorescence based assay,B,EC50,=,14000.0,nM,4.85,,2019,F508del,corrector
CHEMBL1403454,COc1ccc(C(=O)NCCNc2nc3ccc(C)cc3cc2C#N)cc1OC,CHEMBL4051,CHEMBL4364316,Cystic fibrosis transmembrane conductance regulator,CHEMBL4368066,Corrector activity at CFTR F508del mutant (unknown origin) expressed in rat FRT cells assessed as iodide influx preincubated for 18 to 24 hrs followed by compound wash out and addition of forskolin and genistein by fluorescence based assay,B,EC50,=,3900.0,nM,5.41,,2019,F508del,corrector
CHEMBL1583913,COc1ccc(C(=O)NCCNc2nc3c(C)cccc3cc2C#N)cc1OC,CHEMBL4051,CHEMBL4364316,Cystic fibrosis transmembrane conductance regulator,CHEMBL4368066,Corrector activity at CFTR F508del mutant (unknown origin) expressed in rat FRT cells assessed as iodide influx preincubated for 18 to 24 hrs followed by compound wash out and addition of forskolin and genistein by fluorescence based assay,B,EC50,=,3800.0,nM,5.42,,2019,F508del,corrector
CHEMBL2018574,COc1cccc(C(=O)NCCNc2nc3cc(C)cc(C)c3cc2C#N)c1,CHEMBL4051,CHEMBL4364316,Cystic fibrosis transmembrane conductance regulator,CHEMBL4368066,Corrector activity at CFTR F508del mutant (unknown origin) expressed in rat FRT cells assessed as iodide influx preincubated for 18 to 24 hrs followed by compound wash out and addition of forskolin and genistein by fluorescence based assay,B,EC50,=,2200.0,nM,5.66,,2019,F508del,corrector
CHEMBL1433758,Cc1cccc(Nc2ncnc3onc(-c4ccc(F)cc4)c23)c1C,CHEMBL4051,CHEMBL4364316,Cystic fibrosis transmembrane conductance regulator,CHEMBL4368070,Corrector activity at human CFTR F508del mutant expressed in rat FRT cells iodide influx incubated for 16 to 20 hrs followed by compound wash out and addition of forskolin and genistein and measured after 20 mins by fluorescence based assay,B,IC50,=,3900.0,nM,5.41,,2019,F508del,corrector
CHEMBL1316007,Cc1cccc(Nc2ncnc3onc(-c4ccc(Cl)cc4)c23)c1C,CHEMBL4051,CHEMBL4364316,Cystic fibrosis transmembrane conductance regulator,CHEMBL4368070,Corrector activity at human CFTR F508del mutant expressed in rat FRT cells iodide influx incubated for 16 to 20 hrs followed by compound wash out and addition of forskolin and genistein and measured after 20 mins by fluorescence based assay,B,IC50,=,3900.0,nM,5.41,,2019,F508del,corrector
CHEMBL4436328,COc1cccc(Nc2ncnc3onc(-c4ccc(Cl)cc4)c23)c1,CHEMBL4051,CHEMBL4364316,Cystic fibrosis transmembrane conductance regulator,CHEMBL4368070,Corrector activity at human CFTR F508del mutant expressed in rat FRT cells iodide influx incubated for 16 to 20 hrs followed by compound wash out and addition of forskolin and genistein and measured after 20 mins by fluorescence based assay,B,IC50,=,3200.0,nM,5.50,,2019,F508del,corrector
CHEMBL4467142,O=C(O)c1cccc([C@H]2C[C@@H](NC(=O)C3(c4ccc5c(c4)OC(F)(F)O5)CC3)CCO2)c1,CHEMBL4051,CHEMBL4431371,Cystic fibrosis transmembrane conductance regulator,CHEMBL4432801,Corrector activity at CFTR F508del mutant (unknown origin) expressed in human CFBE41o cells incubated for 18 to 24 hrs by CSE-HRP assay,B,EC50,=,850.0,nM,6.07,,2016,F508del,corrector
CHEMBL4453805,O=C(O)c1ccc([C@H]2C[C@@H](NC(=O)C3(c4ccc5c(c4)OC(F)(F)O5)CC3)CCO2)cc1,CHEMBL4051,CHEMBL4431371,Cystic fibrosis transmembrane conductance regulator,CHEMBL4432801,Corrector activity at CFTR F508del mutant (unknown origin) expressed in human CFBE41o cells incubated for 18 to 24 hrs by CSE-HRP assay,B,EC50,=,2860.0,nM,5.54,,2016,F508del,corrector
CHEMBL4564745,O=C(O)c1cccc([C@@H]2C[C@H](NC(=O)C3(c4ccc5c(c4)OC(F)(F)O5)CC3)C[C@H](c3ccccc3)O2)c1,CHEMBL4051,CHEMBL4431371,Cystic fibrosis transmembrane conductance regulator,CHEMBL4432801,Corrector activity at CFTR F508del mutant (unknown origin) expressed in human CFBE41o cells incubated for 18 to 24 hrs by CSE-HRP assay,B,EC50,=,20000.0,nM,4.70,,2016,F508del,corrector
CHEMBL4483334,O=C(O)c1cccc([C@H]2C[C@@H](NC(=O)C3(c4ccc5c(c4)OC(F)(F)O5)CC3)C[C@@H](c3ccccc3)O2)c1,CHEMBL4051,CHEMBL4431371,Cystic fibrosis transmembrane conductance regulator,CHEMBL4432801,Corrector activity at CFTR F508del mutant (unknown origin) expressed in human CFBE41o cells incubated for 18 to 24 hrs by CSE-HRP assay,B,EC50,=,280.0,nM,6.55,,2016,F508del,corrector
CHEMBL4571017,O=C(O)c1ccc([C@H]2C[C@@H](NC(=O)C3(c4ccc5c(c4)OC(F)(F)O5)CC3)C[C@@H](c3ccccc3)O2)cc1,CHEMBL4051,CHEMBL4431371,Cystic fibrosis transmembrane conductance regulator,CHEMBL4432801,Corrector activity at CFTR F508del mutant (unknown origin) expressed in human CFBE41o cells incubated for 18 to 24 hrs by CSE-HRP assay,B,EC50,=,300.0,nM,6.52,,2016,F508del,corrector
CHEMBL4453036,CCOC(=O)c1cc(C)cc([C@H]2C[C@@H](NC(=O)C3(c4ccc5c(c4)OC(F)(F)O5)CC3)C[C@@H](c3ccccc3)O2)c1,CHEMBL4051,CHEMBL4431371,Cystic fibrosis transmembrane conductance regulator,CHEMBL4432801,Corrector activity at CFTR F508del mutant (unknown origin) expressed in human CFBE41o cells incubated for 18 to 24 hrs by CSE-HRP assay,B,EC50,=,1160.0,nM,5.94,,2016,F508del,corrector
CHEMBL4453805,O=C(O)c1ccc([C@H]2C[C@@H](NC(=O)C3(c4ccc5c(c4)OC(F)(F)O5)CC3)CCO2)cc1,CHEMBL4051,CHEMBL4431371,Cystic fibrosis transmembrane conductance regulator,CHEMBL4432800,Corrector activity at CFTR F508del mutant in human bronchial epithelial cells incubated for 18 to 24 hrs by TECC-based conductance assay,B,EC50,=,1340.0,nM,5.87,,2016,F508del,corrector
CHEMBL4483334,O=C(O)c1cccc([C@H]2C[C@@H](NC(=O)C3(c4ccc5c(c4)OC(F)(F)O5)CC3)C[C@@H](c3ccccc3)O2)c1,CHEMBL4051,CHEMBL4431371,Cystic fibrosis transmembrane conductance regulator,CHEMBL4432800,Corrector activity at CFTR F508del mutant in human bronchial epithelial cells incubated for 18 to 24 hrs by TECC-based conductance assay,B,EC50,=,100.0,nM,7.00,,2016,F508del,corrector
CHEMBL4571017,O=C(O)c1ccc([C@H]2C[C@@H](NC(=O)C3(c4ccc5c(c4)OC(F)(F)O5)CC3)C[C@@H](c3ccccc3)O2)cc1,CHEMBL4051,CHEMBL4431371,Cystic fibrosis transmembrane conductance regulator,CHEMBL4432800,Corrector activity at CFTR F508del mutant in human bronchial epithelial cells incubated for 18 to 24 hrs by TECC-based conductance assay,B,EC50,=,260.0,nM,6.58,,2016,F508del,corrector
CHEMBL4764198,CCOC(=O)Cc1csc(N(CC)C(=O)c2ccc(Cl)cc2)n1,CHEMBL4051,CHEMBL4665741,Cystic fibrosis transmembrane conductance regulator,CHEMBL4669550,Potentiation of CFTR F508 deletion mutant (unknown origin) expressed in CFBE41o- cells coexpressing HS-YFP assessed as increase in intracellular cAMP content incubated for 20 mins in presence of forskolin by fluorescent method,B,EC50,=,1800.0,nM,5.75,,2020,unspecified,potentiator
CHEMBL4746459,CCOC(=O)Cc1csc(N(CC)C(=O)c2ccc(I)cc2)n1,CHEMBL4051,CHEMBL4665741,Cystic fibrosis transmembrane conductance regulator,CHEMBL4669550,Potentiation of CFTR F508 deletion mutant (unknown origin) expressed in CFBE41o- cells coexpressing HS-YFP assessed as increase in intracellular cAMP content incubated for 20 mins in presence of forskolin by fluorescent method,B,EC50,=,3200.0,nM,5.50,,2020,unspecified,potentiator
CHEMBL4753652,O=C(Nc1ccccc1)c1sc(NC(=O)C2(c3ccc4c(c3)OCO4)CC2)nc1-c1ccccc1,CHEMBL4051,CHEMBL4706592,Cystic fibrosis transmembrane conductance regulator,CHEMBL4711165,Correction activity at CFTR F508del mutant (unknown origin) expressed in CFBE41o- cells coexpressing HS-YFP preincubated for 24 hrs followed by forskolin and genistein addition for 30 mins by fluorescence based assay,B,EC50,=,1260.0,nM,5.90,,2020,F508del,corrector
CHEMBL4747670,COc1ccc(-c2nc(NC(=O)C3(c4ccc5c(c4)OCO5)CC3)sc2NC(=O)c2ccccc2)cc1,CHEMBL4051,CHEMBL4706592,Cystic fibrosis transmembrane conductance regulator,CHEMBL4711165,Correction activity at CFTR F508del mutant (unknown origin) expressed in CFBE41o- cells coexpressing HS-YFP preincubated for 24 hrs followed by forskolin and genistein addition for 30 mins by fluorescence based assay,B,EC50,=,1760.0,nM,5.75,,2020,F508del,corrector
CHEMBL4781649,Cc1ccc(C(=O)c2cnc(NC(=O)C3(c4ccc5c(c4)OCO5)CC3)s2)cc1,CHEMBL4051,CHEMBL4706592,Cystic fibrosis transmembrane conductance regulator,CHEMBL4711165,Correction activity at CFTR F508del mutant (unknown origin) expressed in CFBE41o- cells coexpressing HS-YFP preincubated for 24 hrs followed by forskolin and genistein addition for 30 mins by fluorescence based assay,B,EC50,=,2570.0,nM,5.59,,2020,F508del,corrector
CHEMBL4779543,COc1ccc(C(=O)c2cnc(NC(=O)C3(c4ccc5c(c4)OCO5)CC3)s2)cc1,CHEMBL4051,CHEMBL4706592,Cystic fibrosis transmembrane conductance regulator,CHEMBL4711165,Correction activity at CFTR F508del mutant (unknown origin) expressed in CFBE41o- cells coexpressing HS-YFP preincubated for 24 hrs followed by forskolin and genistein addition for 30 mins by fluorescence based assay,B,EC50,=,9300.0,nM,5.03,,2020,F508del,corrector
CHEMBL4748761,CSc1ccc(C(=O)c2sc(NC(=O)C3(c4ccc5c(c4)OCO5)CC3)nc2-c2ccccc2)cc1,CHEMBL4051,CHEMBL4706592,Cystic fibrosis transmembrane conductance regulator,CHEMBL4711165,Correction activity at CFTR F508del mutant (unknown origin) expressed in CFBE41o- cells coexpressing HS-YFP preincubated for 24 hrs followed by forskolin and genistein addition for 30 mins by fluorescence based assay,B,EC50,=,100.0,nM,7.00,,2020,F508del,corrector
CHEMBL4751090,O=C(c1ccc(Br)cc1)c1sc(NC(=O)C2(c3ccc4c(c3)OCO4)CC2)nc1-c1ccccc1,CHEMBL4051,CHEMBL4706592,Cystic fibrosis transmembrane conductance regulator,CHEMBL4711165,Correction activity at CFTR F508del mutant (unknown origin) expressed in CFBE41o- cells coexpressing HS-YFP preincubated for 24 hrs followed by forskolin and genistein addition for 30 mins by fluorescence based assay,B,EC50,=,530.0,nM,6.28,,2020,F508del,corrector
CHEMBL4754741,CCOC(=O)c1ccc(C(=O)c2sc(NC(=O)C3(c4ccc5c(c4)OCO5)CC3)nc2-c2ccccc2)cc1,CHEMBL4051,CHEMBL4706592,Cystic fibrosis transmembrane conductance regulator,CHEMBL4711165,Correction activity at CFTR F508del mutant (unknown origin) expressed in CFBE41o- cells coexpressing HS-YFP preincubated for 24 hrs followed by forskolin and genistein addition for 30 mins by fluorescence based assay,B,EC50,=,410.0,nM,6.39,,2020,F508del,corrector
CHEMBL4789667,O=C(O)c1ccc(C(=O)c2sc(NC(=O)C3(c4ccc5c(c4)OCO5)CC3)nc2-c2ccccc2)cc1,CHEMBL4051,CHEMBL4706592,Cystic fibrosis transmembrane conductance regulator,CHEMBL4711165,Correction activity at CFTR F508del mutant (unknown origin) expressed in CFBE41o- cells coexpressing HS-YFP preincubated for 24 hrs followed by forskolin and genistein addition for 30 mins by fluorescence based assay,B,EC50,=,7310.0,nM,5.14,,2020,F508del,corrector
CHEMBL4796083,CNC(=O)c1ccc(C(=O)c2sc(NC(=O)C3(c4ccc5c(c4)OCO5)CC3)nc2-c2ccccc2)cc1,CHEMBL4051,CHEMBL4706592,Cystic fibrosis transmembrane conductance regulator,CHEMBL4711165,Correction activity at CFTR F508del mutant (unknown origin) expressed in CFBE41o- cells coexpressing HS-YFP preincubated for 24 hrs followed by forskolin and genistein addition for 30 mins by fluorescence based assay,B,EC50,,,,,,2020,F508del,corrector
CHEMBL4786568,CCN(CC)c1ccc(C(=O)c2sc(NC(=O)C3(c4ccc5c(c4)OCO5)CC3)nc2-c2ccccc2)cc1,CHEMBL4051,CHEMBL4706592,Cystic fibrosis transmembrane conductance regulator,CHEMBL4711165,Correction activity at CFTR F508del mutant (unknown origin) expressed in CFBE41o- cells coexpressing HS-YFP preincubated for 24 hrs followed by forskolin and genistein addition for 30 mins by fluorescence based assay,B,EC50,=,210.0,nM,6.68,,2020,F508del,corrector
CHEMBL4796687,CCCCCc1ccc(C(=O)c2sc(NC(=O)C3(c4ccc5c(c4)OCO5)CC3)nc2-c2ccccc2)cc1,CHEMBL4051,CHEMBL4706592,Cystic fibrosis transmembrane conductance regulator,CHEMBL4711165,Correction activity at CFTR F508del mutant (unknown origin) expressed in CFBE41o- cells coexpressing HS-YFP preincubated for 24 hrs followed by forskolin and genistein addition for 30 mins by fluorescence based assay,B,EC50,=,430.0,nM,6.37,,2020,F508del,corrector
CHEMBL4759522,COc1ccc(C(=O)c2sc(NC(=O)C3(c4ccc5c(c4)OCO5)CC3)nc2-c2ccccc2)cc1,CHEMBL4051,CHEMBL4706592,Cystic fibrosis transmembrane conductance regulator,CHEMBL4711165,Correction activity at CFTR F508del mutant (unknown origin) expressed in CFBE41o- cells coexpressing HS-YFP preincubated for 24 hrs followed by forskolin and genistein addition for 30 mins by fluorescence based assay,B,EC50,=,450.0,nM,6.35,,2020,F508del,corrector
CHEMBL4746792,O=C(c1ccc(OC(F)(F)F)cc1)c1sc(NC(=O)C2(c3ccc4c(c3)OCO4)CC2)nc1-c1ccccc1,CHEMBL4051,CHEMBL4706592,Cystic fibrosis transmembrane conductance regulator,CHEMBL4711165,Correction activity at CFTR F508del mutant (unknown origin) expressed in CFBE41o- cells coexpressing HS-YFP preincubated for 24 hrs followed by forskolin and genistein addition for 30 mins by fluorescence based assay,B,EC50,=,360.0,nM,6.44,,2020,F508del,corrector
CHEMBL4762900,CCCOc1ccc(C(=O)c2sc(NC(=O)C3(c4ccc5c(c4)OCO5)CC3)nc2-c2ccccc2)cc1,CHEMBL4051,CHEMBL4706592,Cystic fibrosis transmembrane conductance regulator,CHEMBL4711165,Correction activity at CFTR F508del mutant (unknown origin) expressed in CFBE41o- cells coexpressing HS-YFP preincubated for 24 hrs followed by forskolin and genistein addition for 30 mins by fluorescence based assay,B,EC50,=,17.0,nM,7.77,,2020,F508del,corrector
CHEMBL4742255,CCCOc1cccc(C(=O)c2sc(NC(=O)C3(c4ccc5c(c4)OCO5)CC3)nc2-c2ccccc2)c1,CHEMBL4051,CHEMBL4706592,Cystic fibrosis transmembrane conductance regulator,CHEMBL4711165,Correction activity at CFTR F508del mutant (unknown origin) expressed in CFBE41o- cells coexpressing HS-YFP preincubated for 24 hrs followed by forskolin and genistein addition for 30 mins by fluorescence based assay,B,EC50,=,160.0,nM,6.80,,2020,F508del,corrector
CHEMBL4752374,O=C(c1ccc(-c2cccs2)cc1)c1sc(NC(=O)C2(c3ccc4c(c3)OCO4)CC2)nc1-c1ccccc1,CHEMBL4051,CHEMBL4706592,Cystic fibrosis transmembrane conductance regulator,CHEMBL4711165,Correction activity at CFTR F508del mutant (unknown origin) expressed in CFBE41o- cells coexpressing HS-YFP preincubated for 24 hrs followed by forskolin and genistein addition for 30 mins by fluorescence based assay,B,EC50,=,1060.0,nM,5.97,,2020,F508del,corrector
CHEMBL4763661,O=C(c1ccc(-c2ccccc2)cc1)c1sc(NC(=O)C2(c3ccc4c(c3)OCO4)CC2)nc1-c1ccccc1,CHEMBL4051,CHEMBL4706592,Cystic fibrosis transmembrane conductance regulator,CHEMBL4711165,Correction activity at CFTR F508del mutant (unknown origin) expressed in CFBE41o- cells coexpressing HS-YFP preincubated for 24 hrs followed by forskolin and genistein addition for 30 mins by fluorescence based assay,B,EC50,=,70.0,nM,7.16,,2020,F508del,corrector
CHEMBL4786072,O=C(c1ccc(N2CCCC2)cc1)c1sc(NC(=O)C2(c3ccc4c(c3)OCO4)CC2)nc1-c1ccccc1,CHEMBL4051,CHEMBL4706592,Cystic fibrosis transmembrane conductance regulator,CHEMBL4711165,Correction activity at CFTR F508del mutant (unknown origin) expressed in CFBE41o- cells coexpressing HS-YFP preincubated for 24 hrs followed by forskolin and genistein addition for 30 mins by fluorescence based assay,B,EC50,=,370.0,nM,6.43,,2020,F508del,corrector
CHEMBL4754263,O=C(c1cccc(-c2ccccc2)c1)c1sc(NC(=O)C2(c3ccc4c(c3)OCO4)CC2)nc1-c1ccccc1,CHEMBL4051,CHEMBL4706592,Cystic fibrosis transmembrane conductance regulator,CHEMBL4711165,Correction activity at CFTR F508del mutant (unknown origin) expressed in CFBE41o- cells coexpressing HS-YFP preincubated for 24 hrs followed by forskolin and genistein addition for 30 mins by fluorescence based assay,B,EC50,=,250.0,nM,6.60,,2020,F508del,corrector
CHEMBL4749432,COc1ccccc1C(=O)c1sc(NC(=O)C2(c3ccc4c(c3)OCO4)CC2)nc1-c1ccccc1,CHEMBL4051,CHEMBL4706592,Cystic fibrosis transmembrane conductance regulator,CHEMBL4711165,Correction activity at CFTR F508del mutant (unknown origin) expressed in CFBE41o- cells coexpressing HS-YFP preincubated for 24 hrs followed by forskolin and genistein addition for 30 mins by fluorescence based assay,B,EC50,=,140.0,nM,6.85,,2020,F508del,corrector
CHEMBL4746430,COc1cccc(C(=O)c2sc(NC(=O)C3(c4ccc5c(c4)OCO5)CC3)nc2-c2ccccc2)c1,CHEMBL4051,CHEMBL4706592,Cystic fibrosis transmembrane conductance regulator,CHEMBL4711165,Correction activity at CFTR F508del mutant (unknown origin) expressed in CFBE41o- cells coexpressing HS-YFP preincubated for 24 hrs followed by forskolin and genistein addition for 30 mins by fluorescence based assay,B,EC50,=,100.0,nM,7.00,,2020,F508del,corrector
CHEMBL4800413,O=C(c1cccc(Br)c1)c1sc(NC(=O)C2(c3ccc4c(c3)OCO4)CC2)nc1-c1ccccc1,CHEMBL4051,CHEMBL4706592,Cystic fibrosis transmembrane conductance regulator,CHEMBL4711165,Correction activity at CFTR F508del mutant (unknown origin) expressed in CFBE41o- cells coexpressing HS-YFP preincubated for 24 hrs followed by forskolin and genistein addition for 30 mins by fluorescence based assay,B,EC50,=,180.0,nM,6.75,,2020,F508del,corrector
CHEMBL4753660,O=C(c1cccc(F)c1)c1sc(NC(=O)C2(c3ccc4c(c3)OCO4)CC2)nc1-c1ccccc1,CHEMBL4051,CHEMBL4706592,Cystic fibrosis transmembrane conductance regulator,CHEMBL4711165,Correction activity at CFTR F508del mutant (unknown origin) expressed in CFBE41o- cells coexpressing HS-YFP preincubated for 24 hrs followed by forskolin and genistein addition for 30 mins by fluorescence based assay,B,EC50,=,130.0,nM,6.89,,2020,F508del,corrector
CHEMBL4776895,COc1ccc(OC)c(C(=O)c2sc(NC(=O)C3(c4ccc5c(c4)OCO5)CC3)nc2-c2ccccc2)c1,CHEMBL4051,CHEMBL4706592,Cystic fibrosis transmembrane conductance regulator,CHEMBL4711165,Correction activity at CFTR F508del mutant (unknown origin) expressed in CFBE41o- cells coexpressing HS-YFP preincubated for 24 hrs followed by forskolin and genistein addition for 30 mins by fluorescence based assay,B,EC50,=,110.0,nM,6.96,,2020,F508del,corrector
CHEMBL4788444,COc1ccc(C(=O)c2sc(NC(=O)C3(c4ccc5c(c4)OCO5)CC3)nc2-c2ccccc2)c(OC)c1,CHEMBL4051,CHEMBL4706592,Cystic fibrosis transmembrane conductance regulator,CHEMBL4711165,Correction activity at CFTR F508del mutant (unknown origin) expressed in CFBE41o- cells coexpressing HS-YFP preincubated for 24 hrs followed by forskolin and genistein addition for 30 mins by fluorescence based assay,B,EC50,=,400.0,nM,6.40,,2020,F508del,corrector
CHEMBL4793532,COc1ccc(C(=O)c2sc(NC(=O)C3(c4ccc5c(c4)OCO5)CC3)nc2-c2ccccc2)cc1Cl,CHEMBL4051,CHEMBL4706592,Cystic fibrosis transmembrane conductance regulator,CHEMBL4711165,Correction activity at CFTR F508del mutant (unknown origin) expressed in CFBE41o- cells coexpressing HS-YFP preincubated for 24 hrs followed by forskolin and genistein addition for 30 mins by fluorescence based assay,B,EC50,=,410.0,nM,6.39,,2020,F508del,corrector
CHEMBL4751995,C=CCc1cc(C(=O)c2sc(NC(=O)C3(c4ccc5c(c4)OCO5)CC3)nc2-c2ccccc2)ccc1O,CHEMBL4051,CHEMBL4706592,Cystic fibrosis transmembrane conductance regulator,CHEMBL4711165,Correction activity at CFTR F508del mutant (unknown origin) expressed in CFBE41o- cells coexpressing HS-YFP preincubated for 24 hrs followed by forskolin and genistein addition for 30 mins by fluorescence based assay,B,EC50,=,280.0,nM,6.55,,2020,F508del,corrector
CHEMBL4753762,NC(=O)c1cc(C(=O)c2sc(NC(=O)C3(c4ccc5c(c4)OCO5)CC3)nc2-c2ccccc2)ccc1O,CHEMBL4051,CHEMBL4706592,Cystic fibrosis transmembrane conductance regulator,CHEMBL4711165,Correction activity at CFTR F508del mutant (unknown origin) expressed in CFBE41o- cells coexpressing HS-YFP preincubated for 24 hrs followed by forskolin and genistein addition for 30 mins by fluorescence based assay,B,EC50,=,13700.0,nM,4.86,,2020,F508del,corrector
CHEMBL4764388,O=C(c1cc(Cl)ccc1O)c1sc(NC(=O)C2(c3ccc4c(c3)OCO4)CC2)nc1-c1ccccc1,CHEMBL4051,CHEMBL4706592,Cystic fibrosis transmembrane conductance regulator,CHEMBL4711165,Correction activity at CFTR F508del mutant (unknown origin) expressed in CFBE41o- cells coexpressing HS-YFP preincubated for 24 hrs followed by forskolin and genistein addition for 30 mins by fluorescence based assay,B,EC50,=,1600.0,nM,5.80,,2020,F508del,corrector
CHEMBL4752107,O=C(c1ccc2c(c1)OCO2)c1sc(NC(=O)C2(c3ccc4c(c3)OCO4)CC2)nc1-c1ccccc1,CHEMBL4051,CHEMBL4706592,Cystic fibrosis transmembrane conductance regulator,CHEMBL4711165,Correction activity at CFTR F508del mutant (unknown origin) expressed in CFBE41o- cells coexpressing HS-YFP preincubated for 24 hrs followed by forskolin and genistein addition for 30 mins by fluorescence based assay,B,EC50,=,110.0,nM,6.96,,2020,F508del,corrector
CHEMBL4755069,CC(=O)c1sc(NC(=O)C2(c3ccc4c(c3)OCO4)CC2)nc1-c1ccccc1,CHEMBL4051,CHEMBL4706592,Cystic fibrosis transmembrane conductance regulator,CHEMBL4711165,Correction activity at CFTR F508del mutant (unknown origin) expressed in CFBE41o- cells coexpressing HS-YFP preincubated for 24 hrs followed by forskolin and genistein addition for 30 mins by fluorescence based assay,B,EC50,=,2720.0,nM,5.57,,2020,F508del,corrector
CHEMBL4758104,O=C(c1cccnc1)c1sc(NC(=O)C2(c3ccc4c(c3)OCO4)CC2)nc1-c1ccccc1,CHEMBL4051,CHEMBL4706592,Cystic fibrosis transmembrane conductance regulator,CHEMBL4711165,Correction activity at CFTR F508del mutant (unknown origin) expressed in CFBE41o- cells coexpressing HS-YFP preincubated for 24 hrs followed by forskolin and genistein addition for 30 mins by fluorescence based assay,B,EC50,=,790.0,nM,6.10,,2020,F508del,corrector
CHEMBL4764081,O=C(c1sc(NC(=O)C2(c3ccc4c(c3)OCO4)CC2)nc1-c1ccccc1)N1CCOCC1,CHEMBL4051,CHEMBL4706592,Cystic fibrosis transmembrane conductance regulator,CHEMBL4711165,Correction activity at CFTR F508del mutant (unknown origin) expressed in CFBE41o- cells coexpressing HS-YFP preincubated for 24 hrs followed by forskolin and genistein addition for 30 mins by fluorescence based assay,B,EC50,=,8500.0,nM,5.07,,2020,F508del,corrector
CHEMBL4762900,CCCOc1ccc(C(=O)c2sc(NC(=O)C3(c4ccc5c(c4)OCO5)CC3)nc2-c2ccccc2)cc1,CHEMBL4051,CHEMBL4706592,Cystic fibrosis transmembrane conductance regulator,CHEMBL4711172,Binding affinity to His-tagged human CFTR-F508del mutant by surface plasmon resonance assay,B,Kd,=,38200.0,nM,4.42,,2020,F508del,unspecified
CHEMBL4763661,O=C(c1ccc(-c2ccccc2)cc1)c1sc(NC(=O)C2(c3ccc4c(c3)OCO4)CC2)nc1-c1ccccc1,CHEMBL4051,CHEMBL4706592,Cystic fibrosis transmembrane conductance regulator,CHEMBL4711172,Binding affinity to His-tagged human CFTR-F508del mutant by surface plasmon resonance assay,B,Kd,=,89300.0,nM,4.05,,2020,F508del,unspecified
CHEMBL2103870,Cc1ccc(NC(=O)C2(c3ccc4c(c3)OC(F)(F)O4)CC2)nc1-c1cccc(C(=O)O)c1,CHEMBL4051,CHEMBL4706592,Cystic fibrosis transmembrane conductance regulator,CHEMBL4711172,Binding affinity to His-tagged human CFTR-F508del mutant by surface plasmon resonance assay,B,Kd,=,72800.0,nM,4.14,,2020,F508del,unspecified
CHEMBL4741626,CN(C)c1ccc2cc(C(=O)N3CCc4[nH]c5ccccc5c4C3)[nH]c2c1,CHEMBL4051,CHEMBL4725414,Cystic fibrosis transmembrane conductance regulator,CHEMBL4730448,Potentiation of human CFTR F508 deletion mutant expressed in rat FRT cells coexpressing HS-YFP assessed as increase in iodide influx pre-incubated for 15 to 30 mins in presence of forskolin by fluorescent method,B,EC50,=,120.0,nM,6.92,,2020,unspecified,potentiator
CHEMBL4761482,O=C(c1cnn(-c2ccccc2)c1)N1CCc2[nH]c3ccccc3c2C1,CHEMBL4051,CHEMBL4725414,Cystic fibrosis transmembrane conductance regulator,CHEMBL4730448,Potentiation of human CFTR F508 deletion mutant expressed in rat FRT cells coexpressing HS-YFP assessed as increase in iodide influx pre-incubated for 15 to 30 mins in presence of forskolin by fluorescent method,B,EC50,=,4100.0,nM,5.39,,2020,unspecified,potentiator
CHEMBL4744909,COc1ccc2[nH]c3c(c2c1)CN(C(=O)c1cc(C(F)(F)F)[nH]n1)CC3,CHEMBL4051,CHEMBL4725414,Cystic fibrosis transmembrane conductance regulator,CHEMBL4730448,Potentiation of human CFTR F508 deletion mutant expressed in rat FRT cells coexpressing HS-YFP assessed as increase in iodide influx pre-incubated for 15 to 30 mins in presence of forskolin by fluorescent method,B,EC50,=,350.0,nM,6.46,,2020,unspecified,potentiator
CHEMBL4783477,COc1ccc2[nH]c3c(c2c1)CN(C(=O)c1cc[nH]n1)CC3,CHEMBL4051,CHEMBL4725414,Cystic fibrosis transmembrane conductance regulator,CHEMBL4730448,Potentiation of human CFTR F508 deletion mutant expressed in rat FRT cells coexpressing HS-YFP assessed as increase in iodide influx pre-incubated for 15 to 30 mins in presence of forskolin by fluorescent method,B,EC50,=,10600.0,nM,4.97,,2020,unspecified,potentiator
CHEMBL4745080,COc1ccc2[nH]c3c(c2c1)CN(C(=O)c1cc(C)[nH]n1)CC3,CHEMBL4051,CHEMBL4725414,Cystic fibrosis transmembrane conductance regulator,CHEMBL4730448,Potentiation of human CFTR F508 deletion mutant expressed in rat FRT cells coexpressing HS-YFP assessed as increase in iodide influx pre-incubated for 15 to 30 mins in presence of forskolin by fluorescent method,B,EC50,=,60000.0,nM,4.22,,2020,unspecified,potentiator
CHEMBL4750913,COc1ccc2[nH]c3c(c2c1)CN(C(=O)c1cc(C(C)C)[nH]n1)CC3,CHEMBL4051,CHEMBL4725414,Cystic fibrosis transmembrane conductance regulator,CHEMBL4730448,Potentiation of human CFTR F508 deletion mutant expressed in rat FRT cells coexpressing HS-YFP assessed as increase in iodide influx pre-incubated for 15 to 30 mins in presence of forskolin by fluorescent method,B,EC50,=,5700.0,nM,5.24,,2020,unspecified,potentiator
CHEMBL4796643,COc1ccc2[nH]c3c(c2c1)CN(C(=O)c1cc(-c2ccccc2)[nH]n1)CC3,CHEMBL4051,CHEMBL4725414,Cystic fibrosis transmembrane conductance regulator,CHEMBL4730448,Potentiation of human CFTR F508 deletion mutant expressed in rat FRT cells coexpressing HS-YFP assessed as increase in iodide influx pre-incubated for 15 to 30 mins in presence of forskolin by fluorescent method,B,EC50,=,820.0,nM,6.09,,2020,unspecified,potentiator
CHEMBL4740049,COc1ccc2[nH]c3c(c2c1)CN(C(=O)c1c[nH]c(C(F)(F)F)n1)CC3,CHEMBL4051,CHEMBL4725414,Cystic fibrosis transmembrane conductance regulator,CHEMBL4730448,Potentiation of human CFTR F508 deletion mutant expressed in rat FRT cells coexpressing HS-YFP assessed as increase in iodide influx pre-incubated for 15 to 30 mins in presence of forskolin by fluorescent method,B,EC50,=,2800.0,nM,5.55,,2020,unspecified,potentiator
CHEMBL4787986,COc1ccc2[nH]c3c(c2c1)CN(C(=O)c1ccc(Br)o1)CC3,CHEMBL4051,CHEMBL4725414,Cystic fibrosis transmembrane conductance regulator,CHEMBL4730448,Potentiation of human CFTR F508 deletion mutant expressed in rat FRT cells coexpressing HS-YFP assessed as increase in iodide influx pre-incubated for 15 to 30 mins in presence of forskolin by fluorescent method,B,EC50,=,3700.0,nM,5.43,,2020,unspecified,potentiator
CHEMBL4799939,COc1ccc2[nH]c3c(c2c1)CN(C(=O)c1cc2ccc(N(C)C)cc2[nH]1)CC3,CHEMBL4051,CHEMBL4725414,Cystic fibrosis transmembrane conductance regulator,CHEMBL4730448,Potentiation of human CFTR F508 deletion mutant expressed in rat FRT cells coexpressing HS-YFP assessed as increase in iodide influx pre-incubated for 15 to 30 mins in presence of forskolin by fluorescent method,B,EC50,=,150.0,nM,6.82,,2020,unspecified,potentiator
CHEMBL4747252,COc1ccc2[nH]c3c(c2c1)CN(C(=O)c1cc(C(F)(F)F)n(C)n1)CC3,CHEMBL4051,CHEMBL4725414,Cystic fibrosis transmembrane conductance regulator,CHEMBL4730448,Potentiation of human CFTR F508 deletion mutant expressed in rat FRT cells coexpressing HS-YFP assessed as increase in iodide influx pre-incubated for 15 to 30 mins in presence of forskolin by fluorescent method,B,EC50,=,7100.0,nM,5.15,,2020,unspecified,potentiator
CHEMBL4791435,COc1ccc2c(c1)c1c(n2C)CCN(C(=O)c2cc(C(F)(F)F)[nH]n2)C1,CHEMBL4051,CHEMBL4725414,Cystic fibrosis transmembrane conductance regulator,CHEMBL4730448,Potentiation of human CFTR F508 deletion mutant expressed in rat FRT cells coexpressing HS-YFP assessed as increase in iodide influx pre-incubated for 15 to 30 mins in presence of forskolin by fluorescent method,B,EC50,=,2100.0,nM,5.68,,2020,unspecified,potentiator
CHEMBL4755366,O=C(c1cc(C(F)(F)F)[nH]n1)N1CCc2[nH]c3ccccc3c2C1,CHEMBL4051,CHEMBL4725414,Cystic fibrosis transmembrane conductance regulator,CHEMBL4730448,Potentiation of human CFTR F508 deletion mutant expressed in rat FRT cells coexpressing HS-YFP assessed as increase in iodide influx pre-incubated for 15 to 30 mins in presence of forskolin by fluorescent method,B,EC50,=,230.0,nM,6.64,,2020,unspecified,potentiator
CHEMBL4757589,Cc1ccc2[nH]c3c(c2c1)CN(C(=O)c1cc(C(F)(F)F)[nH]n1)CC3,CHEMBL4051,CHEMBL4725414,Cystic fibrosis transmembrane conductance regulator,CHEMBL4730448,Potentiation of human CFTR F508 deletion mutant expressed in rat FRT cells coexpressing HS-YFP assessed as increase in iodide influx pre-incubated for 15 to 30 mins in presence of forskolin by fluorescent method,B,EC50,=,270.0,nM,6.57,,2020,unspecified,potentiator
CHEMBL4741540,Cc1cccc2[nH]c3c(c12)CN(C(=O)c1cc(C(F)(F)F)[nH]n1)CC3,CHEMBL4051,CHEMBL4725414,Cystic fibrosis transmembrane conductance regulator,CHEMBL4730448,Potentiation of human CFTR F508 deletion mutant expressed in rat FRT cells coexpressing HS-YFP assessed as increase in iodide influx pre-incubated for 15 to 30 mins in presence of forskolin by fluorescent method,B,EC50,=,480.0,nM,6.32,,2020,unspecified,potentiator
CHEMBL4759920,Cc1ccc2c3c([nH]c2c1)CCN(C(=O)c1cc(C(F)(F)F)[nH]n1)C3,CHEMBL4051,CHEMBL4725414,Cystic fibrosis transmembrane conductance regulator,CHEMBL4730448,Potentiation of human CFTR F508 deletion mutant expressed in rat FRT cells coexpressing HS-YFP assessed as increase in iodide influx pre-incubated for 15 to 30 mins in presence of forskolin by fluorescent method,B,EC50,=,200.0,nM,6.70,,2020,unspecified,potentiator
CHEMBL4762219,Cc1cccc2c3c([nH]c12)CCN(C(=O)c1cc(C(F)(F)F)[nH]n1)C3,CHEMBL4051,CHEMBL4725414,Cystic fibrosis transmembrane conductance regulator,CHEMBL4730448,Potentiation of human CFTR F508 deletion mutant expressed in rat FRT cells coexpressing HS-YFP assessed as increase in iodide influx pre-incubated for 15 to 30 mins in presence of forskolin by fluorescent method,B,EC50,=,1140.0,nM,5.94,,2020,unspecified,potentiator
CHEMBL4780866,CC(C)c1ccc2[nH]c3c(c2c1)CN(C(=O)c1cc(C(F)(F)F)[nH]n1)CC3,CHEMBL4051,CHEMBL4725414,Cystic fibrosis transmembrane conductance regulator,CHEMBL4730448,Potentiation of human CFTR F508 deletion mutant expressed in rat FRT cells coexpressing HS-YFP assessed as increase in iodide influx pre-incubated for 15 to 30 mins in presence of forskolin by fluorescent method,B,EC50,=,1400.0,nM,5.85,,2020,unspecified,potentiator
CHEMBL4780584,O=C(c1cc(C(F)(F)F)[nH]n1)N1CCc2[nH]c3ccc(F)cc3c2C1,CHEMBL4051,CHEMBL4725414,Cystic fibrosis transmembrane conductance regulator,CHEMBL4730448,Potentiation of human CFTR F508 deletion mutant expressed in rat FRT cells coexpressing HS-YFP assessed as increase in iodide influx pre-incubated for 15 to 30 mins in presence of forskolin by fluorescent method,B,EC50,=,480.0,nM,6.32,,2020,unspecified,potentiator
CHEMBL4745672,O=C(c1cc(C(F)(F)F)[nH]n1)N1CCc2[nH]c3c(F)cccc3c2C1,CHEMBL4051,CHEMBL4725414,Cystic fibrosis transmembrane conductance regulator,CHEMBL4730448,Potentiation of human CFTR F508 deletion mutant expressed in rat FRT cells coexpressing HS-YFP assessed as increase in iodide influx pre-incubated for 15 to 30 mins in presence of forskolin by fluorescent method,B,EC50,=,96.0,nM,7.02,,2020,unspecified,potentiator
CHEMBL4795877,O=C(c1cc(C(F)(F)F)[nH]n1)N1CCc2[nH]c3ccc(C(F)(F)F)cc3c2C1,CHEMBL4051,CHEMBL4725414,Cystic fibrosis transmembrane conductance regulator,CHEMBL4730448,Potentiation of human CFTR F508 deletion mutant expressed in rat FRT cells coexpressing HS-YFP assessed as increase in iodide influx pre-incubated for 15 to 30 mins in presence of forskolin by fluorescent method,B,EC50,=,440.0,nM,6.36,,2020,unspecified,potentiator
CHEMBL4796353,O=C(c1cc(C(F)(F)F)[nH]n1)N1CCc2[nH]c3ccc(OC(F)(F)F)cc3c2C1,CHEMBL4051,CHEMBL4725414,Cystic fibrosis transmembrane conductance regulator,CHEMBL4730448,Potentiation of human CFTR F508 deletion mutant expressed in rat FRT cells coexpressing HS-YFP assessed as increase in iodide influx pre-incubated for 15 to 30 mins in presence of forskolin by fluorescent method,B,EC50,=,160.0,nM,6.80,,2020,unspecified,potentiator
CHEMBL4776837,N#Cc1ccc2[nH]c3c(c2c1)CN(C(=O)c1cc(C(F)(F)F)[nH]n1)CC3,CHEMBL4051,CHEMBL4725414,Cystic fibrosis transmembrane conductance regulator,CHEMBL4730448,Potentiation of human CFTR F508 deletion mutant expressed in rat FRT cells coexpressing HS-YFP assessed as increase in iodide influx pre-incubated for 15 to 30 mins in presence of forskolin by fluorescent method,B,EC50,=,1900.0,nM,5.72,,2020,unspecified,potentiator
CHEMBL4742172,CS(=O)(=O)c1ccc2[nH]c3c(c2c1)CN(C(=O)c1cc(C(F)(F)F)[nH]n1)CC3,CHEMBL4051,CHEMBL4725414,Cystic fibrosis transmembrane conductance regulator,CHEMBL4730448,Potentiation of human CFTR F508 deletion mutant expressed in rat FRT cells coexpressing HS-YFP assessed as increase in iodide influx pre-incubated for 15 to 30 mins in presence of forskolin by fluorescent method,B,EC50,=,10500.0,nM,4.98,,2020,unspecified,potentiator
CHEMBL4750673,COc1cc(F)c2[nH]c3c(c2c1)CN(C(=O)c1cc(C(F)(F)F)[nH]n1)CC3,CHEMBL4051,CHEMBL4725414,Cystic fibrosis transmembrane conductance regulator,CHEMBL4730448,Potentiation of human CFTR F508 deletion mutant expressed in rat FRT cells coexpressing HS-YFP assessed as increase in iodide influx pre-incubated for 15 to 30 mins in presence of forskolin by fluorescent method,B,EC50,=,130.0,nM,6.89,,2020,unspecified,potentiator
CHEMBL4748780,Cc1cc(F)c2[nH]c3c(c2c1)CN(C(=O)c1cc(C(F)(F)F)[nH]n1)CC3,CHEMBL4051,CHEMBL4725414,Cystic fibrosis transmembrane conductance regulator,CHEMBL4730448,Potentiation of human CFTR F508 deletion mutant expressed in rat FRT cells coexpressing HS-YFP assessed as increase in iodide influx pre-incubated for 15 to 30 mins in presence of forskolin by fluorescent method,B,EC50,=,230.0,nM,6.64,,2020,unspecified,potentiator
CHEMBL4753956,O=C(c1cc(C(F)(F)F)[nH]n1)N1CCc2[nH]c3c(F)cc(F)cc3c2C1,CHEMBL4051,CHEMBL4725414,Cystic fibrosis transmembrane conductance regulator,CHEMBL4730448,Potentiation of human CFTR F508 deletion mutant expressed in rat FRT cells coexpressing HS-YFP assessed as increase in iodide influx pre-incubated for 15 to 30 mins in presence of forskolin by fluorescent method,B,EC50,=,150.0,nM,6.82,,2020,unspecified,potentiator
CHEMBL4799047,O=C(c1cc(C(F)(F)F)[nH]n1)N1CCc2[nH]c3c(F)cc(C(F)(F)F)cc3c2C1,CHEMBL4051,CHEMBL4725414,Cystic fibrosis transmembrane conductance regulator,CHEMBL4730448,Potentiation of human CFTR F508 deletion mutant expressed in rat FRT cells coexpressing HS-YFP assessed as increase in iodide influx pre-incubated for 15 to 30 mins in presence of forskolin by fluorescent method,B,EC50,=,570.0,nM,6.24,,2020,unspecified,potentiator
CHEMBL4750010,O=C(c1cc(C(F)(F)F)[nH]n1)N1CCc2[nH]c3c(F)ccc(F)c3c2C1,CHEMBL4051,CHEMBL4725414,Cystic fibrosis transmembrane conductance regulator,CHEMBL4730448,Potentiation of human CFTR F508 deletion mutant expressed in rat FRT cells coexpressing HS-YFP assessed as increase in iodide influx pre-incubated for 15 to 30 mins in presence of forskolin by fluorescent method,B,EC50,=,150.0,nM,6.82,,2020,unspecified,potentiator
CHEMBL4745695,Cc1ccc(F)c2[nH]c3c(c12)CN(C(=O)c1cc(C(F)(F)F)[nH]n1)CC3,CHEMBL4051,CHEMBL4725414,Cystic fibrosis transmembrane conductance regulator,CHEMBL4730448,Potentiation of human CFTR F508 deletion mutant expressed in rat FRT cells coexpressing HS-YFP assessed as increase in iodide influx pre-incubated for 15 to 30 mins in presence of forskolin by fluorescent method,B,EC50,=,60.0,nM,7.22,,2020,unspecified,potentiator
CHEMBL4776336,Cc1ccc(F)c2c3c([nH]c12)CCN(C(=O)c1cc(C(F)(F)F)[nH]n1)C3,CHEMBL4051,CHEMBL4725414,Cystic fibrosis transmembrane conductance regulator,CHEMBL4730448,Potentiation of human CFTR F508 deletion mutant expressed in rat FRT cells coexpressing HS-YFP assessed as increase in iodide influx pre-incubated for 15 to 30 mins in presence of forskolin by fluorescent method,B,EC50,=,940.0,nM,6.03,,2020,unspecified,potentiator
CHEMBL4743775,Cc1ccc(F)c2[nH]c3c(c12)C(C)N(C(=O)c1cc(C(F)(F)F)[nH]n1)CC3,CHEMBL4051,CHEMBL4725414,Cystic fibrosis transmembrane conductance regulator,CHEMBL4730448,Potentiation of human CFTR F508 deletion mutant expressed in rat FRT cells coexpressing HS-YFP assessed as increase in iodide influx pre-incubated for 15 to 30 mins in presence of forskolin by fluorescent method,B,EC50,=,30.0,nM,7.52,,2020,unspecified,potentiator
CHEMBL4784101,Cc1ccc(F)c2[nH]c3c(c12)CN(C(=O)c1cc(C(F)(F)F)[nH]n1)C(C)C3,CHEMBL4051,CHEMBL4725414,Cystic fibrosis transmembrane conductance regulator,CHEMBL4730448,Potentiation of human CFTR F508 deletion mutant expressed in rat FRT cells coexpressing HS-YFP assessed as increase in iodide influx pre-incubated for 15 to 30 mins in presence of forskolin by fluorescent method,B,EC50,=,22.0,nM,7.66,,2020,unspecified,potentiator
CHEMBL4753999,Cc1ccc(F)c2[nH]c3c(c12)CN(C(=O)c1cc(C(F)(F)F)[nH]n1)C(C)(C)C3,CHEMBL4051,CHEMBL4725414,Cystic fibrosis transmembrane conductance regulator,CHEMBL4730448,Potentiation of human CFTR F508 deletion mutant expressed in rat FRT cells coexpressing HS-YFP assessed as increase in iodide influx pre-incubated for 15 to 30 mins in presence of forskolin by fluorescent method,B,EC50,=,1910.0,nM,5.72,,2020,unspecified,potentiator
CHEMBL4749614,Cc1ccc(F)c2[nH]c3c(c12)C1CCC(C3)N1C(=O)c1cc(C(F)(F)F)[nH]n1,CHEMBL4051,CHEMBL4725414,Cystic fibrosis transmembrane conductance regulator,CHEMBL4730448,Potentiation of human CFTR F508 deletion mutant expressed in rat FRT cells coexpressing HS-YFP assessed as increase in iodide influx pre-incubated for 15 to 30 mins in presence of forskolin by fluorescent method,B,EC50,=,1300.0,nM,5.89,,2020,unspecified,potentiator
CHEMBL4792685,Cc1ccc(F)c2[nH]c3c(c12)[C@H]1CC[C@@H](C3)N1C(=O)c1cc(C(F)(F)F)[nH]n1,CHEMBL4051,CHEMBL4725414,Cystic fibrosis transmembrane conductance regulator,CHEMBL4730448,Potentiation of human CFTR F508 deletion mutant expressed in rat FRT cells coexpressing HS-YFP assessed as increase in iodide influx pre-incubated for 15 to 30 mins in presence of forskolin by fluorescent method,B,EC50,,,,,,2020,unspecified,potentiator
CHEMBL4799465,Cc1ccc(F)c2[nH]c3c(c12)[C@@H]1CC[C@H](C3)N1C(=O)c1cc(C(F)(F)F)[nH]n1,CHEMBL4051,CHEMBL4725414,Cystic fibrosis transmembrane conductance regulator,CHEMBL4730448,Potentiation of human CFTR F508 deletion mutant expressed in rat FRT cells coexpressing HS-YFP assessed as increase in iodide influx pre-incubated for 15 to 30 mins in presence of forskolin by fluorescent method,B,EC50,=,540.0,nM,6.27,,2020,unspecified,potentiator
CHEMBL4759695,Cc1ccc(F)c2[nH]c3c(c12)CCN(C(=O)c1cc(C(F)(F)F)[nH]n1)CC3,CHEMBL4051,CHEMBL4725414,Cystic fibrosis transmembrane conductance regulator,CHEMBL4730448,Potentiation of human CFTR F508 deletion mutant expressed in rat FRT cells coexpressing HS-YFP assessed as increase in iodide influx pre-incubated for 15 to 30 mins in presence of forskolin by fluorescent method,B,EC50,=,2300.0,nM,5.64,,2020,unspecified,potentiator
CHEMBL4741301,Cc1ccc(F)c2[nH]c3c(c12)CN(C(=O)c1cc(C(F)(F)F)[nH]n1)[C@H](C)C3,CHEMBL4051,CHEMBL4725414,Cystic fibrosis transmembrane conductance regulator,CHEMBL4730448,Potentiation of human CFTR F508 deletion mutant expressed in rat FRT cells coexpressing HS-YFP assessed as increase in iodide influx pre-incubated for 15 to 30 mins in presence of forskolin by fluorescent method,B,EC50,=,17.0,nM,7.77,,2020,unspecified,potentiator
CHEMBL4741960,Cc1ccc(F)c2[nH]c3c(c12)CN(C(=O)c1cc(C(F)(F)F)[nH]n1)[C@@H](C)C3,CHEMBL4051,CHEMBL4725414,Cystic fibrosis transmembrane conductance regulator,CHEMBL4730448,Potentiation of human CFTR F508 deletion mutant expressed in rat FRT cells coexpressing HS-YFP assessed as increase in iodide influx pre-incubated for 15 to 30 mins in presence of forskolin by fluorescent method,B,EC50,=,1100.0,nM,5.96,,2020,unspecified,potentiator
CHEMBL4762302,Cc1ccc(F)c2[nH]c3c(c12)[C@H](C)N(C(=O)c1cc(C(F)(F)F)[nH]n1)CC3,CHEMBL4051,CHEMBL4725414,Cystic fibrosis transmembrane conductance regulator,CHEMBL4730448,Potentiation of human CFTR F508 deletion mutant expressed in rat FRT cells coexpressing HS-YFP assessed as increase in iodide influx pre-incubated for 15 to 30 mins in presence of forskolin by fluorescent method,B,EC50,=,80.0,nM,7.10,,2020,unspecified,potentiator
CHEMBL4752731,Cc1ccc(F)c2[nH]c3c(c12)[C@@H](C)N(C(=O)c1cc(C(F)(F)F)[nH]n1)CC3,CHEMBL4051,CHEMBL4725414,Cystic fibrosis transmembrane conductance regulator,CHEMBL4730448,Potentiation of human CFTR F508 deletion mutant expressed in rat FRT cells coexpressing HS-YFP assessed as increase in iodide influx pre-incubated for 15 to 30 mins in presence of forskolin by fluorescent method,B,EC50,=,50.0,nM,7.30,,2020,unspecified,potentiator
CHEMBL4777596,COc1ccc2[nH]c3c(c2c1)CCNC31CCN(Cc2ccccc2)CC1,CHEMBL4051,CHEMBL4732073,Cystic fibrosis transmembrane conductance regulator,CHEMBL4733683,Potentiation of CFTR N1303K mutant (unknown origin) expressed in rat FRT cells assessed as increase in VX-770-stimulated chloride current in presence of forskolin by short circuit method,B,EC50,=,12600.0,nM,4.90,,2021,N1303K,potentiator
CHEMBL4787844,COc1ccc2[nH]c3c(c2c1)CCNC31CCN(Cc2ccc([N+](=O)[O-])cc2F)CC1,CHEMBL4051,CHEMBL4732073,Cystic fibrosis transmembrane conductance regulator,CHEMBL4733683,Potentiation of CFTR N1303K mutant (unknown origin) expressed in rat FRT cells assessed as increase in VX-770-stimulated chloride current in presence of forskolin by short circuit method,B,EC50,=,5900.0,nM,5.23,,2021,N1303K,potentiator
CHEMBL4792210,COc1ccc2[nH]c3c(c2c1)CCNC31CCN(Cc2cc(Cl)ccc2[N+](=O)[O-])CC1,CHEMBL4051,CHEMBL4732073,Cystic fibrosis transmembrane conductance regulator,CHEMBL4733683,Potentiation of CFTR N1303K mutant (unknown origin) expressed in rat FRT cells assessed as increase in VX-770-stimulated chloride current in presence of forskolin by short circuit method,B,EC50,=,7100.0,nM,5.15,,2021,N1303K,potentiator
CHEMBL4757713,COc1ccc2[nH]c3c(c2c1)CCNC31CCN(Cc2ccc(Cl)cc2Cl)CC1,CHEMBL4051,CHEMBL4732073,Cystic fibrosis transmembrane conductance regulator,CHEMBL4733683,Potentiation of CFTR N1303K mutant (unknown origin) expressed in rat FRT cells assessed as increase in VX-770-stimulated chloride current in presence of forskolin by short circuit method,B,EC50,=,1800.0,nM,5.75,,2021,N1303K,potentiator
CHEMBL4795066,COc1ccc2[nH]c3c(c2c1)CCNC31CCN(Cc2cc(F)cc(Cl)c2)CC1,CHEMBL4051,CHEMBL4732073,Cystic fibrosis transmembrane conductance regulator,CHEMBL4733683,Potentiation of CFTR N1303K mutant (unknown origin) expressed in rat FRT cells assessed as increase in VX-770-stimulated chloride current in presence of forskolin by short circuit method,B,EC50,=,2500.0,nM,5.60,,2021,N1303K,potentiator
CHEMBL4791693,COc1ccc2[nH]c3c(c2c1)CCNC31CCN(Cc2c(F)ccc(Cl)c2F)CC1,CHEMBL4051,CHEMBL4732073,Cystic fibrosis transmembrane conductance regulator,CHEMBL4733683,Potentiation of CFTR N1303K mutant (unknown origin) expressed in rat FRT cells assessed as increase in VX-770-stimulated chloride current in presence of forskolin by short circuit method,B,EC50,=,1500.0,nM,5.82,,2021,N1303K,potentiator
CHEMBL4747296,COc1ccc2[nH]c3c(c2c1)CCNC31CCN(Cc2ccccc2Cl)CC1,CHEMBL4051,CHEMBL4732073,Cystic fibrosis transmembrane conductance regulator,CHEMBL4733683,Potentiation of CFTR N1303K mutant (unknown origin) expressed in rat FRT cells assessed as increase in VX-770-stimulated chloride current in presence of forskolin by short circuit method,B,EC50,=,2200.0,nM,5.66,,2021,N1303K,potentiator
CHEMBL4776929,COc1ccc2[nH]c3c(c2c1)CCNC31CCN(Cc2ccc(Br)c(F)c2)CC1,CHEMBL4051,CHEMBL4732073,Cystic fibrosis transmembrane conductance regulator,CHEMBL4733683,Potentiation of CFTR N1303K mutant (unknown origin) expressed in rat FRT cells assessed as increase in VX-770-stimulated chloride current in presence of forskolin by short circuit method,B,EC50,=,1800.0,nM,5.75,,2021,N1303K,potentiator
CHEMBL4762754,COc1ccc2[nH]c3c(c2c1)CCNC31CCN(Cc2ccc(Br)cc2F)CC1,CHEMBL4051,CHEMBL4732073,Cystic fibrosis transmembrane conductance regulator,CHEMBL4733683,Potentiation of CFTR N1303K mutant (unknown origin) expressed in rat FRT cells assessed as increase in VX-770-stimulated chloride current in presence of forskolin by short circuit method,B,EC50,=,1600.0,nM,5.80,,2021,N1303K,potentiator
CHEMBL4786086,COc1ccc2[nH]c3c(c2c1)CCNC31CCN(Cc2ccc(F)c(Cl)c2F)CC1,CHEMBL4051,CHEMBL4732073,Cystic fibrosis transmembrane conductance regulator,CHEMBL4733683,Potentiation of CFTR N1303K mutant (unknown origin) expressed in rat FRT cells assessed as increase in VX-770-stimulated chloride current in presence of forskolin by short circuit method,B,EC50,=,4500.0,nM,5.35,,2021,N1303K,potentiator
CHEMBL4794525,COc1ccc2[nH]c3c(c2c1)CCNC31CCN(Cc2ccc(F)cc2F)CC1,CHEMBL4051,CHEMBL4732073,Cystic fibrosis transmembrane conductance regulator,CHEMBL4733683,Potentiation of CFTR N1303K mutant (unknown origin) expressed in rat FRT cells assessed as increase in VX-770-stimulated chloride current in presence of forskolin by short circuit method,B,EC50,=,2000.0,nM,5.70,,2021,N1303K,potentiator
CHEMBL4798358,COc1ccc2[nH]c3c(c2c1)CCNC31CCN(Cc2cc(F)ccc2F)CC1,CHEMBL4051,CHEMBL4732073,Cystic fibrosis transmembrane conductance regulator,CHEMBL4733683,Potentiation of CFTR N1303K mutant (unknown origin) expressed in rat FRT cells assessed as increase in VX-770-stimulated chloride current in presence of forskolin by short circuit method,B,EC50,=,11100.0,nM,4.96,,2021,N1303K,potentiator
CHEMBL4790812,COc1ccc2[nH]c3c(c2c1)CCNC31CCN(Cc2cc(F)cc(F)c2)CC1,CHEMBL4051,CHEMBL4732073,Cystic fibrosis transmembrane conductance regulator,CHEMBL4733683,Potentiation of CFTR N1303K mutant (unknown origin) expressed in rat FRT cells assessed as increase in VX-770-stimulated chloride current in presence of forskolin by short circuit method,B,EC50,=,11100.0,nM,4.96,,2021,N1303K,potentiator
CHEMBL4789120,COc1ccc2[nH]c3c(c2c1)CCNC31CCN(Cc2cc(F)c(F)c(F)c2)CC1,CHEMBL4051,CHEMBL4732073,Cystic fibrosis transmembrane conductance regulator,CHEMBL4733683,Potentiation of CFTR N1303K mutant (unknown origin) expressed in rat FRT cells assessed as increase in VX-770-stimulated chloride current in presence of forskolin by short circuit method,B,EC50,=,2600.0,nM,5.58,,2021,N1303K,potentiator
CHEMBL4793181,COc1ccc2[nH]c3c(c2c1)CCNC31CCN(Cc2c(F)c(F)c(F)c(F)c2F)CC1,CHEMBL4051,CHEMBL4732073,Cystic fibrosis transmembrane conductance regulator,CHEMBL4733683,Potentiation of CFTR N1303K mutant (unknown origin) expressed in rat FRT cells assessed as increase in VX-770-stimulated chloride current in presence of forskolin by short circuit method,B,EC50,=,2100.0,nM,5.68,,2021,N1303K,potentiator
CHEMBL4761075,COc1ccc2[nH]c3c(c2c1)CCNC31CCN(Cc2ccc(F)c(F)c2)CC1,CHEMBL4051,CHEMBL4732073,Cystic fibrosis transmembrane conductance regulator,CHEMBL4733683,Potentiation of CFTR N1303K mutant (unknown origin) expressed in rat FRT cells assessed as increase in VX-770-stimulated chloride current in presence of forskolin by short circuit method,B,EC50,=,11000.0,nM,4.96,,2021,N1303K,potentiator
CHEMBL4782827,COc1ccc2[nH]c3c(c2c1)CCNC31CCN(Cc2ccc(F)c(F)c2F)CC1,CHEMBL4051,CHEMBL4732073,Cystic fibrosis transmembrane conductance regulator,CHEMBL4733683,Potentiation of CFTR N1303K mutant (unknown origin) expressed in rat FRT cells assessed as increase in VX-770-stimulated chloride current in presence of forskolin by short circuit method,B,EC50,=,4100.0,nM,5.39,,2021,N1303K,potentiator
CHEMBL4744518,COc1ccc2[nH]c3c(c2c1)CCNC31CCN(Cc2cccc(F)c2F)CC1,CHEMBL4051,CHEMBL4732073,Cystic fibrosis transmembrane conductance regulator,CHEMBL4733683,Potentiation of CFTR N1303K mutant (unknown origin) expressed in rat FRT cells assessed as increase in VX-770-stimulated chloride current in presence of forskolin by short circuit method,B,EC50,=,13600.0,nM,4.87,,2021,N1303K,potentiator
CHEMBL4752473,COc1ccc2[nH]c3c(c2c1)CCNC31CCN(Cc2cc(F)c(F)cc2F)CC1,CHEMBL4051,CHEMBL4732073,Cystic fibrosis transmembrane conductance regulator,CHEMBL4733683,Potentiation of CFTR N1303K mutant (unknown origin) expressed in rat FRT cells assessed as increase in VX-770-stimulated chloride current in presence of forskolin by short circuit method,B,EC50,=,600.0,nM,6.22,,2021,N1303K,potentiator
CHEMBL4789552,COc1ccc2[nH]c3c(c2c1)CCNC31CCN(C(C)c2ccccc2)CC1,CHEMBL4051,CHEMBL4732073,Cystic fibrosis transmembrane conductance regulator,CHEMBL4733683,Potentiation of CFTR N1303K mutant (unknown origin) expressed in rat FRT cells assessed as increase in VX-770-stimulated chloride current in presence of forskolin by short circuit method,B,EC50,=,20000.0,nM,4.70,,2021,N1303K,potentiator
CHEMBL4763733,COc1ccc2[nH]c3c(c2c1)CCNC31CCN(Cc2ccco2)CC1,CHEMBL4051,CHEMBL4732073,Cystic fibrosis transmembrane conductance regulator,CHEMBL4733683,Potentiation of CFTR N1303K mutant (unknown origin) expressed in rat FRT cells assessed as increase in VX-770-stimulated chloride current in presence of forskolin by short circuit method,B,EC50,=,16400.0,nM,4.79,,2021,N1303K,potentiator
CHEMBL4749777,COc1ccc2[nH]c3c(c2c1)CCNC31CCN(Cc2ccccn2)CC1,CHEMBL4051,CHEMBL4732073,Cystic fibrosis transmembrane conductance regulator,CHEMBL4733683,Potentiation of CFTR N1303K mutant (unknown origin) expressed in rat FRT cells assessed as increase in VX-770-stimulated chloride current in presence of forskolin by short circuit method,B,EC50,=,11500.0,nM,4.94,,2021,N1303K,potentiator
CHEMBL4743904,COc1ccc2[nH]c3c(c2c1)CCNC31CCN(Cc2cccnc2)CC1,CHEMBL4051,CHEMBL4732073,Cystic fibrosis transmembrane conductance regulator,CHEMBL4733683,Potentiation of CFTR N1303K mutant (unknown origin) expressed in rat FRT cells assessed as increase in VX-770-stimulated chloride current in presence of forskolin by short circuit method,B,EC50,=,17000.0,nM,4.77,,2021,N1303K,potentiator
CHEMBL4791544,COc1ccc2[nH]c3c(c2c1)CCNC31CCCN(Cc2ccc(F)cc2F)CC1,CHEMBL4051,CHEMBL4732073,Cystic fibrosis transmembrane conductance regulator,CHEMBL4733683,Potentiation of CFTR N1303K mutant (unknown origin) expressed in rat FRT cells assessed as increase in VX-770-stimulated chloride current in presence of forskolin by short circuit method,B,EC50,=,20000.0,nM,4.70,,2021,N1303K,potentiator
CHEMBL4789999,Fc1ccc(CN2CCC3(CC2)NCCc2c3[nH]c3ccccc23)c(F)c1,CHEMBL4051,CHEMBL4732073,Cystic fibrosis transmembrane conductance regulator,CHEMBL4733683,Potentiation of CFTR N1303K mutant (unknown origin) expressed in rat FRT cells assessed as increase in VX-770-stimulated chloride current in presence of forskolin by short circuit method,B,EC50,=,8200.0,nM,5.09,,2021,N1303K,potentiator
CHEMBL4787205,Fc1ccc(CN2CCC3(CC2)NCCc2c3[nH]c3ccc(Br)cc23)c(F)c1,CHEMBL4051,CHEMBL4732073,Cystic fibrosis transmembrane conductance regulator,CHEMBL4733683,Potentiation of CFTR N1303K mutant (unknown origin) expressed in rat FRT cells assessed as increase in VX-770-stimulated chloride current in presence of forskolin by short circuit method,B,EC50,=,21000.0,nM,4.68,,2021,N1303K,potentiator
CHEMBL4761703,Fc1ccc(CN2CCC3(CC2)NCCc2c3[nH]c3ccc(Cl)cc23)c(F)c1,CHEMBL4051,CHEMBL4732073,Cystic fibrosis transmembrane conductance regulator,CHEMBL4733683,Potentiation of CFTR N1303K mutant (unknown origin) expressed in rat FRT cells assessed as increase in VX-770-stimulated chloride current in presence of forskolin by short circuit method,B,EC50,=,2500.0,nM,5.60,,2021,N1303K,potentiator
CHEMBL4754897,COc1ccc2c3c([nH]c2c1)C1(CCN(Cc2ccc(F)cc2F)CC1)NCC3,CHEMBL4051,CHEMBL4732073,Cystic fibrosis transmembrane conductance regulator,CHEMBL4733683,Potentiation of CFTR N1303K mutant (unknown origin) expressed in rat FRT cells assessed as increase in VX-770-stimulated chloride current in presence of forskolin by short circuit method,B,EC50,=,2400.0,nM,5.62,,2021,N1303K,potentiator
CHEMBL4752473,COc1ccc2[nH]c3c(c2c1)CCNC31CCN(Cc2cc(F)c(F)cc2F)CC1,CHEMBL4051,CHEMBL4732073,Cystic fibrosis transmembrane conductance regulator,CHEMBL4733685,Potentiation of CFTR N1303K mutant (unknown origin) expressed in rat FRT cells assessed as increase in GLPG1837-stimulated chloride current in presence of forskolin by short circuit method,B,EC50,=,800.0,nM,6.10,,2021,N1303K,potentiator
CHEMBL4794876,NC(=O)c1ccc(-n2cnc3c(N)nc(Cl)nc32)cc1,CHEMBL4051,CHEMBL4765267,Cystic fibrosis transmembrane conductance regulator,CHEMBL4768154,Potentiator activity at CFTR F508del mutant (unknown origin) expressed in CFBE41o cells assessed as increase in forskolin induced transepithelial short circuit current by Ussing chamber assay,B,EC50,=,1510.0,nM,5.82,,2020,F508del,potentiator
CHEMBL4788315,NC(=O)c1ccc(-n2cnc3c(N)nc(NCCCc4ccccc4)nc32)cc1,CHEMBL4051,CHEMBL4765267,Cystic fibrosis transmembrane conductance regulator,CHEMBL4768154,Potentiator activity at CFTR F508del mutant (unknown origin) expressed in CFBE41o cells assessed as increase in forskolin induced transepithelial short circuit current by Ussing chamber assay,B,EC50,=,870.0,nM,6.06,,2020,F508del,potentiator
CHEMBL2010601,CC(C)(C)c1cc(C(C)(C)C)c(NC(=O)c2c[nH]c3ccccc3c2=O)cc1O,CHEMBL4051,CHEMBL4765267,Cystic fibrosis transmembrane conductance regulator,CHEMBL4768154,Potentiator activity at CFTR F508del mutant (unknown origin) expressed in CFBE41o cells assessed as increase in forskolin induced transepithelial short circuit current by Ussing chamber assay,B,EC50,=,11.7,nM,7.93,,2020,F508del,potentiator
CHEMBL210832,NC(=O)c1c(NC(=O)c2ccccc2Cl)sc2c1CCCC2,CHEMBL4051,CHEMBL4765492,Cystic fibrosis transmembrane conductance regulator,CHEMBL4775864,Potentiation of CFTR F508del mutant (unknown origin) expressed in human CFBE41o- cells co-expressing YFP incubated for 10 mins by halide potentiator assay,B,EC50,=,326.0,nM,6.49,,2021,F508del,potentiator
CHEMBL4790007,CN(Cc1ccccc1)S(=O)(=O)c1cc(C(N)=O)c(NC(=O)c2ccn[nH]2)s1,CHEMBL4051,CHEMBL4765492,Cystic fibrosis transmembrane conductance regulator,CHEMBL4775864,Potentiation of CFTR F508del mutant (unknown origin) expressed in human CFBE41o- cells co-expressing YFP incubated for 10 mins by halide potentiator assay,B,EC50,=,17.0,nM,7.77,,2021,F508del,potentiator
CHEMBL4795314,NC(=O)c1cc(S(=O)(=O)N2CCCCC2)sc1NC(=O)c1ccn[nH]1,CHEMBL4051,CHEMBL4765492,Cystic fibrosis transmembrane conductance regulator,CHEMBL4775864,Potentiation of CFTR F508del mutant (unknown origin) expressed in human CFBE41o- cells co-expressing YFP incubated for 10 mins by halide potentiator assay,B,EC50,=,13.0,nM,7.89,,2021,F508del,potentiator
CHEMBL4784536,NC(=O)c1cc(S(=O)(=O)c2ccc(F)cc2)sc1NC(=O)c1ccn[nH]1,CHEMBL4051,CHEMBL4765492,Cystic fibrosis transmembrane conductance regulator,CHEMBL4775864,Potentiation of CFTR F508del mutant (unknown origin) expressed in human CFBE41o- cells co-expressing YFP incubated for 10 mins by halide potentiator assay,B,EC50,=,29.0,nM,7.54,,2021,F508del,potentiator
CHEMBL4776744,CC(C)(C)C(=O)Nc1sc(S(=O)(=O)c2ccc(F)cc2)cc1C(N)=O,CHEMBL4051,CHEMBL4765492,Cystic fibrosis transmembrane conductance regulator,CHEMBL4775864,Potentiation of CFTR F508del mutant (unknown origin) expressed in human CFBE41o- cells co-expressing YFP incubated for 10 mins by halide potentiator assay,B,EC50,=,352.0,nM,6.45,,2021,F508del,potentiator
CHEMBL4777140,NC(=O)c1cc(S(=O)(=O)c2ccc(F)cc2)sc1NC(=O)C1(O)CC1,CHEMBL4051,CHEMBL4765492,Cystic fibrosis transmembrane conductance regulator,CHEMBL4775864,Potentiation of CFTR F508del mutant (unknown origin) expressed in human CFBE41o- cells co-expressing YFP incubated for 10 mins by halide potentiator assay,B,EC50,=,79.0,nM,7.10,,2021,F508del,potentiator
CHEMBL4782437,CC(C)(O)C(=O)Nc1sc(S(=O)(=O)c2ccc(F)cc2)cc1C(N)=O,CHEMBL4051,CHEMBL4765492,Cystic fibrosis transmembrane conductance regulator,CHEMBL4775864,Potentiation of CFTR F508del mutant (unknown origin) expressed in human CFBE41o- cells co-expressing YFP incubated for 10 mins by halide potentiator assay,B,EC50,=,26.0,nM,7.58,,2021,F508del,potentiator
CHEMBL4781656,COc1ccc(S(=O)(=O)c2cc(C(N)=O)c(NC(=O)C(C)(C)O)s2)cc1,CHEMBL4051,CHEMBL4765492,Cystic fibrosis transmembrane conductance regulator,CHEMBL4775864,Potentiation of CFTR F508del mutant (unknown origin) expressed in human CFBE41o- cells co-expressing YFP incubated for 10 mins by halide potentiator assay,B,EC50,=,20.0,nM,7.70,,2021,F508del,potentiator
CHEMBL4793801,CC(C)(O)CNC(=O)c1ncc(S(=O)(=O)c2ccc(OC(F)(F)F)cc2)cc1N,CHEMBL4051,CHEMBL4765492,Cystic fibrosis transmembrane conductance regulator,CHEMBL4775864,Potentiation of CFTR F508del mutant (unknown origin) expressed in human CFBE41o- cells co-expressing YFP incubated for 10 mins by halide potentiator assay,B,EC50,=,33.0,nM,7.48,,2021,F508del,potentiator
CHEMBL4798183,Nc1cc(S(=O)(=O)c2ccc(OC(F)(F)F)cc2)cnc1C(=O)NC[C@@H](O)C(F)(F)F,CHEMBL4051,CHEMBL4765492,Cystic fibrosis transmembrane conductance regulator,CHEMBL4775864,Potentiation of CFTR F508del mutant (unknown origin) expressed in human CFBE41o- cells co-expressing YFP incubated for 10 mins by halide potentiator assay,B,EC50,=,3.4,nM,8.47,,2021,F508del,potentiator
CHEMBL4785210,C[C@H](O)CNC(=O)c1ncc(S(=O)(=O)c2ccc(OC(F)(F)F)cc2)cc1N,CHEMBL4051,CHEMBL4765492,Cystic fibrosis transmembrane conductance regulator,CHEMBL4775864,Potentiation of CFTR F508del mutant (unknown origin) expressed in human CFBE41o- cells co-expressing YFP incubated for 10 mins by halide potentiator assay,B,EC50,=,11.0,nM,7.96,,2021,F508del,potentiator
CHEMBL4787310,Nc1cc(S(=O)(=O)c2ccc(OC(F)(F)F)cc2)cnc1C(=O)NCC1(O)CC1,CHEMBL4051,CHEMBL4765492,Cystic fibrosis transmembrane conductance regulator,CHEMBL4775864,Potentiation of CFTR F508del mutant (unknown origin) expressed in human CFBE41o- cells co-expressing YFP incubated for 10 mins by halide potentiator assay,B,EC50,=,2.8,nM,8.55,,2021,F508del,potentiator
CHEMBL4795705,Nc1cc(S(=O)(=O)c2ccc(F)cc2)cnc1C(=O)NC[C@@H](O)C(F)(F)F,CHEMBL4051,CHEMBL4765492,Cystic fibrosis transmembrane conductance regulator,CHEMBL4775864,Potentiation of CFTR F508del mutant (unknown origin) expressed in human CFBE41o- cells co-expressing YFP incubated for 10 mins by halide potentiator assay,B,EC50,=,7.8,nM,8.11,,2021,F508del,potentiator
CHEMBL4787733,CN(C[C@@H](O)C(F)(F)F)C(=O)c1ncc(S(=O)(=O)c2ccc(F)cc2)cc1N,CHEMBL4051,CHEMBL4765492,Cystic fibrosis transmembrane conductance regulator,CHEMBL4775864,Potentiation of CFTR F508del mutant (unknown origin) expressed in human CFBE41o- cells co-expressing YFP incubated for 10 mins by halide potentiator assay,B,EC50,>,2000.0,nM,,,2021,F508del,potentiator
CHEMBL4789045,Nc1cc(S(=O)(=O)c2ccc(C(F)(F)F)cc2)cnc1C(=O)N1CCC[C@H]1CO,CHEMBL4051,CHEMBL4765492,Cystic fibrosis transmembrane conductance regulator,CHEMBL4775864,Potentiation of CFTR F508del mutant (unknown origin) expressed in human CFBE41o- cells co-expressing YFP incubated for 10 mins by halide potentiator assay,B,EC50,>,2000.0,nM,,,2021,F508del,potentiator
CHEMBL4799994,Nc1cc(S(=O)(=O)c2ccc(F)cc2)cnc1C(=O)N1CC(O)(C(F)(F)F)C1,CHEMBL4051,CHEMBL4765492,Cystic fibrosis transmembrane conductance regulator,CHEMBL4775864,Potentiation of CFTR F508del mutant (unknown origin) expressed in human CFBE41o- cells co-expressing YFP incubated for 10 mins by halide potentiator assay,B,EC50,=,1.1,nM,8.96,,2021,F508del,potentiator
CHEMBL4776653,Nc1cc(S(=O)(=O)c2ccccc2OC(F)(F)F)cnc1C(=O)NC[C@@H](O)C(F)(F)F,CHEMBL4051,CHEMBL4765492,Cystic fibrosis transmembrane conductance regulator,CHEMBL4775864,Potentiation of CFTR F508del mutant (unknown origin) expressed in human CFBE41o- cells co-expressing YFP incubated for 10 mins by halide potentiator assay,B,EC50,<,0.31,nM,,,2021,F508del,potentiator
CHEMBL4781857,Nc1cc(S(=O)(=O)N2CCC(OC(F)(F)F)CC2)cnc1C(=O)NCC(O)C(F)(F)F,CHEMBL4051,CHEMBL4765492,Cystic fibrosis transmembrane conductance regulator,CHEMBL4775864,Potentiation of CFTR F508del mutant (unknown origin) expressed in human CFBE41o- cells co-expressing YFP incubated for 10 mins by halide potentiator assay,B,EC50,=,5.0,nM,8.30,,2021,F508del,potentiator
CHEMBL4781656,COc1ccc(S(=O)(=O)c2cc(C(N)=O)c(NC(=O)C(C)(C)O)s2)cc1,CHEMBL4051,CHEMBL4765492,Cystic fibrosis transmembrane conductance regulator,CHEMBL4775871,Potentiation of CFTR G551D mutant (unknown origin) expressed in human HEK293 cells co-expressing YFP incubated for 10 mins by halide potentiator assay,B,EC50,=,478.0,nM,6.32,,2021,G551D,potentiator
CHEMBL4785210,C[C@H](O)CNC(=O)c1ncc(S(=O)(=O)c2ccc(OC(F)(F)F)cc2)cc1N,CHEMBL4051,CHEMBL4765492,Cystic fibrosis transmembrane conductance regulator,CHEMBL4775883,Potentiation of CFTR F508del mutant in human HBE cells by trans-epithelial clamp circuit assay,B,EC50,=,18.0,nM,7.75,,2021,F508del,potentiator
CHEMBL4856536,CC1(C)C[C@@H]2CCCNc3cccc(n3)S(=O)(=O)NC(=O)c3ccc(-n4ccc(OC[Si](C)(C)C5(C(F)(F)F)CC5)n4)nc3N1C2,CHEMBL4051,CHEMBL4814078,Cystic fibrosis transmembrane conductance regulator,CHEMBL4818951,Potentiation of CFTR in primary human epithelial enteroid cells assessed as chloride transport in presence of forskolin by measuring membrane potential incubated for 18 to 24 hrs by FLIPR Tetra based dye assay,B,EC50,<,1000.0,nM,,,2021,unspecified,potentiator
CHEMBL4853797,CC1(C)C[C@@H]2CCCNc3cccc(n3)S(=O)(=O)NC(=O)c3ccc(-n4ccc(OCCC5([Si](C)(C)C)CC5)n4)nc3N1C2,CHEMBL4051,CHEMBL4814078,Cystic fibrosis transmembrane conductance regulator,CHEMBL4818951,Potentiation of CFTR in primary human epithelial enteroid cells assessed as chloride transport in presence of forskolin by measuring membrane potential incubated for 18 to 24 hrs by FLIPR Tetra based dye assay,B,EC50,<,1000.0,nM,,,2021,unspecified,potentiator
CHEMBL4861993,CC(C)(C)CC[Si](C)(C)c1ccn(-c2ccc3c(n2)N2C[C@@H](CCCNc4cccc(n4)S(=O)(=O)NC3=O)CC2(C)C)n1,CHEMBL4051,CHEMBL4814078,Cystic fibrosis transmembrane conductance regulator,CHEMBL4818951,Potentiation of CFTR in primary human epithelial enteroid cells assessed as chloride transport in presence of forskolin by measuring membrane potential incubated for 18 to 24 hrs by FLIPR Tetra based dye assay,B,EC50,<,1000.0,nM,,,2021,unspecified,potentiator
CHEMBL4850489,CC1(C)C[C@@H]2CCCNc3cccc(n3)S(=O)(=O)NC(=O)c3ccc(-n4ccc(OCCC[Si](C)(C)C)n4)nc3N1C2,CHEMBL4051,CHEMBL4814078,Cystic fibrosis transmembrane conductance regulator,CHEMBL4818951,Potentiation of CFTR in primary human epithelial enteroid cells assessed as chloride transport in presence of forskolin by measuring membrane potential incubated for 18 to 24 hrs by FLIPR Tetra based dye assay,B,EC50,<,1000.0,nM,,,2021,unspecified,potentiator
CHEMBL4859637,CC1(C)C[C@@H]2CCCNc3cccc(n3)S(=O)(=O)NC(=O)c3ccc(-n4ccc(OCC[Si](C)(C)C)n4)nc3N1C2,CHEMBL4051,CHEMBL4814078,Cystic fibrosis transmembrane conductance regulator,CHEMBL4818951,Potentiation of CFTR in primary human epithelial enteroid cells assessed as chloride transport in presence of forskolin by measuring membrane potential incubated for 18 to 24 hrs by FLIPR Tetra based dye assay,B,EC50,<,1000.0,nM,,,2021,unspecified,potentiator
CHEMBL4853116,CC1(C)C[C@@H]2CCCNc3cccc(n3)S(=O)(=O)NC(=O)c3ccc(-n4ccc(OC[Si](C)(C)C)n4)nc3N1C2,CHEMBL4051,CHEMBL4814078,Cystic fibrosis transmembrane conductance regulator,CHEMBL4818951,Potentiation of CFTR in primary human epithelial enteroid cells assessed as chloride transport in presence of forskolin by measuring membrane potential incubated for 18 to 24 hrs by FLIPR Tetra based dye assay,B,EC50,<,1000.0,nM,,,2021,unspecified,potentiator
CHEMBL2103870,Cc1ccc(NC(=O)C2(c3ccc4c(c3)OC(F)(F)O4)CC2)nc1-c1cccc(C(=O)O)c1,CHEMBL4051,CHEMBL4819023,Cystic fibrosis transmembrane conductance regulator,CHEMBL4820534,Binding affinity to sensorchip-immobilized human His-tagged CFTR F508 deletion mutant by surface plasmon resonance analysis,B,Kd,=,47800.0,nM,4.32,,2021,unspecified,unspecified
CHEMBL1017,CCCc1nc2c(C)cc(-c3nc4ccccc4n3C)cc2n1Cc1ccc(-c2ccccc2C(=O)O)cc1,CHEMBL4051,CHEMBL4819023,Cystic fibrosis transmembrane conductance regulator,CHEMBL4820534,Binding affinity to sensorchip-immobilized human His-tagged CFTR F508 deletion mutant by surface plasmon resonance analysis,B,Kd,=,189300.0,nM,,,2021,unspecified,unspecified
CHEMBL779,CN1CC(=O)N2[C@H](c3ccc4c(c3)OCO4)c3[nH]c4ccccc4c3C[C@@H]2C1=O,CHEMBL4051,CHEMBL4819023,Cystic fibrosis transmembrane conductance regulator,CHEMBL4820534,Binding affinity to sensorchip-immobilized human His-tagged CFTR F508 deletion mutant by surface plasmon resonance analysis,B,Kd,=,175000.0,nM,,,2021,unspecified,unspecified
CHEMBL226335,C[C@@H]1O[C@@H](OC[C@H]2O[C@@H](Oc3c(-c4ccc(O)c(O)c4)oc4cc(O)cc(O)c4c3=O)[C@H](O)[C@@H](O)[C@@H]2O)[C@H](O)[C@H](O)[C@H]1O,CHEMBL4051,CHEMBL4819023,Cystic fibrosis transmembrane conductance regulator,CHEMBL4820534,Binding affinity to sensorchip-immobilized human His-tagged CFTR F508 deletion mutant by surface plasmon resonance analysis,B,Kd,=,65800.0,nM,4.18,,2021,unspecified,unspecified
CHEMBL50,O=c1c(O)c(-c2ccc(O)c(O)c2)oc2cc(O)cc(O)c12,CHEMBL4051,CHEMBL4819023,Cystic fibrosis transmembrane conductance regulator,CHEMBL4820534,Binding affinity to sensorchip-immobilized human His-tagged CFTR F508 deletion mutant by surface plasmon resonance analysis,B,Kd,=,25600.0,nM,4.59,,2021,unspecified,unspecified
CHEMBL4093612,COc1ccc2c(c1)O[C@@H](c1ccc(OC)c(OC)c1)C[C@H]2NC(=O)C1(c2ccc3c(c2)OC(F)(F)O3)CC1,CHEMBL4051,CHEMBL4507262,Cystic fibrosis transmembrane conductance regulator,CHEMBL4880478,HBE-TECC (Human Bronchial Epithelial- Trans-Epithelial Current Clamp) assay,B,EC50,=,28.0,nM,7.55,Active,2021,unspecified,unspecified
CHEMBL4093612,COc1ccc2c(c1)O[C@@H](c1ccc(OC)c(OC)c1)C[C@H]2NC(=O)C1(c2ccc3c(c2)OC(F)(F)O3)CC1,CHEMBL4051,CHEMBL4507262,Cystic fibrosis transmembrane conductance regulator,CHEMBL4880479,CSE-HRP surface expression (Cell surface expression-horseradish peroxidase) assay,B,EC50,=,130.0,nM,6.89,Active,2021,unspecified,unspecified
CHEMBL4093612,COc1ccc2c(c1)O[C@@H](c1ccc(OC)c(OC)c1)C[C@H]2NC(=O)C1(c2ccc3c(c2)OC(F)(F)O3)CC1,CHEMBL4051,CHEMBL4507262,Cystic fibrosis transmembrane conductance regulator,CHEMBL4880480,CSE-HRP cell viability (Cell surface expression-horseradish peroxidase) assay,B,EC50,>,20000.0,nM,,Not Active,2021,unspecified,unspecified
CHEMBL4093612,COc1ccc2c(c1)O[C@@H](c1ccc(OC)c(OC)c1)C[C@H]2NC(=O)C1(c2ccc3c(c2)OC(F)(F)O3)CC1,CHEMBL4051,CHEMBL4507262,Cystic fibrosis transmembrane conductance regulator,CHEMBL4880481,Plasma membrane-expressed enzyme acceptor protein (EA-MEM) assay,B,EC50,=,35.0,nM,7.46,Active,2021,unspecified,unspecified
CHEMBL4066040,COc1ccc2c(c1)O[C@H](c1ccc(OC)c(OC)c1)C[C@@H]2NC(=O)C1(c2ccc3c(c2)OC(F)(F)O3)CC1,CHEMBL4051,CHEMBL4507262,Cystic fibrosis transmembrane conductance regulator,CHEMBL4880478,HBE-TECC (Human Bronchial Epithelial- Trans-Epithelial Current Clamp) assay,B,EC50,>,3000.0,nM,,Not Active,2021,unspecified,unspecified
CHEMBL4066040,COc1ccc2c(c1)O[C@H](c1ccc(OC)c(OC)c1)C[C@@H]2NC(=O)C1(c2ccc3c(c2)OC(F)(F)O3)CC1,CHEMBL4051,CHEMBL4507262,Cystic fibrosis transmembrane conductance regulator,CHEMBL4880479,CSE-HRP surface expression (Cell surface expression-horseradish peroxidase) assay,B,EC50,=,1000.0,nM,6.00,Not Active,2021,unspecified,unspecified
CHEMBL4066040,COc1ccc2c(c1)O[C@H](c1ccc(OC)c(OC)c1)C[C@@H]2NC(=O)C1(c2ccc3c(c2)OC(F)(F)O3)CC1,CHEMBL4051,CHEMBL4507262,Cystic fibrosis transmembrane conductance regulator,CHEMBL4880480,CSE-HRP cell viability (Cell surface expression-horseradish peroxidase) assay,B,EC50,>,20000.0,nM,,Not Active,2021,unspecified,unspecified
CHEMBL4066040,COc1ccc2c(c1)O[C@H](c1ccc(OC)c(OC)c1)C[C@@H]2NC(=O)C1(c2ccc3c(c2)OC(F)(F)O3)CC1,CHEMBL4051,CHEMBL4507262,Cystic fibrosis transmembrane conductance regulator,CHEMBL4880481,Plasma membrane-expressed enzyme acceptor protein (EA-MEM) assay,B,EC50,=,3900.0,nM,5.41,Not Active,2021,unspecified,unspecified
CHEMBL44,O=c1c(-c2ccc(O)cc2)coc2cc(O)cc(O)c12,CHEMBL4051,CHEMBL5036320,Cystic fibrosis transmembrane conductance regulator,CHEMBL5037007,Potentiation of CFTR F508del mutant (unknown origin) expressed in CHO cells assessed as chloride transport by measuring membrane potential preincubated for 5 mins followed by forskolin addition by FLIPR assay,B,EC50,=,8200.0,nM,5.09,,2021,F508del,potentiator
CHEMBL1949980,CC(C)c1ccc(NC(=O)C(c2ccccc2)N(C)C(=O)Cc2c[nH]c3ccccc23)cc1,CHEMBL4051,CHEMBL5036320,Cystic fibrosis transmembrane conductance regulator,CHEMBL5037007,Potentiation of CFTR F508del mutant (unknown origin) expressed in CHO cells assessed as chloride transport by measuring membrane potential preincubated for 5 mins followed by forskolin addition by FLIPR assay,B,EC50,=,390.0,nM,6.41,,2021,F508del,potentiator
CHEMBL5080252,COC(=O)c1cc(-c2ccco2)c(C(F)(F)F)cc1N,CHEMBL4051,CHEMBL5036320,Cystic fibrosis transmembrane conductance regulator,CHEMBL5037007,Potentiation of CFTR F508del mutant (unknown origin) expressed in CHO cells assessed as chloride transport by measuring membrane potential preincubated for 5 mins followed by forskolin addition by FLIPR assay,B,EC50,=,920.0,nM,6.04,,2021,F508del,potentiator
CHEMBL44,O=c1c(-c2ccc(O)cc2)coc2cc(O)cc(O)c12,CHEMBL4051,CHEMBL5036320,Cystic fibrosis transmembrane conductance regulator,CHEMBL5037009,Potentiation of CFTR F508del mutant (unknown origin) expressed in CHO cells assessed as chloride transport by measuring membrane potential incubated for 5 to 30 mins in presence of forskolin by Quattro assay,B,EC50,=,8480.0,nM,5.07,,2021,F508del,potentiator
CHEMBL1949980,CC(C)c1ccc(NC(=O)C(c2ccccc2)N(C)C(=O)Cc2c[nH]c3ccccc23)cc1,CHEMBL4051,CHEMBL5036320,Cystic fibrosis transmembrane conductance regulator,CHEMBL5037009,Potentiation of CFTR F508del mutant (unknown origin) expressed in CHO cells assessed as chloride transport by measuring membrane potential incubated for 5 to 30 mins in presence of forskolin by Quattro assay,B,EC50,=,1250.0,nM,5.90,,2021,F508del,potentiator
CHEMBL5080252,COC(=O)c1cc(-c2ccco2)c(C(F)(F)F)cc1N,CHEMBL4051,CHEMBL5036320,Cystic fibrosis transmembrane conductance regulator,CHEMBL5037009,Potentiation of CFTR F508del mutant (unknown origin) expressed in CHO cells assessed as chloride transport by measuring membrane potential incubated for 5 to 30 mins in presence of forskolin by Quattro assay,B,EC50,=,78.0,nM,7.11,,2021,F508del,potentiator
CHEMBL5085731,COC(=O)c1ccc(C(F)(F)F)cc1N,CHEMBL4051,CHEMBL5036320,Cystic fibrosis transmembrane conductance regulator,CHEMBL5037009,Potentiation of CFTR F508del mutant (unknown origin) expressed in CHO cells assessed as chloride transport by measuring membrane potential incubated for 5 to 30 mins in presence of forskolin by Quattro assay,B,EC50,=,3780.0,nM,5.42,,2021,F508del,potentiator
CHEMBL1493986,COC(=O)c1ccccc1N,CHEMBL4051,CHEMBL5036320,Cystic fibrosis transmembrane conductance regulator,CHEMBL5037009,Potentiation of CFTR F508del mutant (unknown origin) expressed in CHO cells assessed as chloride transport by measuring membrane potential incubated for 5 to 30 mins in presence of forskolin by Quattro assay,B,EC50,=,30000.0,nM,4.52,,2021,F508del,potentiator
CHEMBL5083598,COC(=O)c1cc(I)c(C(F)(F)F)cc1N,CHEMBL4051,CHEMBL5036320,Cystic fibrosis transmembrane conductance regulator,CHEMBL5037009,Potentiation of CFTR F508del mutant (unknown origin) expressed in CHO cells assessed as chloride transport by measuring membrane potential incubated for 5 to 30 mins in presence of forskolin by Quattro assay,B,EC50,=,362.0,nM,6.44,,2021,F508del,potentiator
CHEMBL5085939,COC(=O)c1cc(-c2ncco2)c(C(F)(F)F)cc1N,CHEMBL4051,CHEMBL5036320,Cystic fibrosis transmembrane conductance regulator,CHEMBL5037009,Potentiation of CFTR F508del mutant (unknown origin) expressed in CHO cells assessed as chloride transport by measuring membrane potential incubated for 5 to 30 mins in presence of forskolin by Quattro assay,B,EC50,=,240.0,nM,6.62,,2021,F508del,potentiator
CHEMBL5076850,COC(=O)c1cc(-c2cccnc2)c(C(F)(F)F)cc1N,CHEMBL4051,CHEMBL5036320,Cystic fibrosis transmembrane conductance regulator,CHEMBL5037009,Potentiation of CFTR F508del mutant (unknown origin) expressed in CHO cells assessed as chloride transport by measuring membrane potential incubated for 5 to 30 mins in presence of forskolin by Quattro assay,B,EC50,=,329.0,nM,6.48,,2021,F508del,potentiator
CHEMBL5091133,COC(=O)c1cc(C2CCCO2)c(C(F)(F)F)cc1N,CHEMBL4051,CHEMBL5036320,Cystic fibrosis transmembrane conductance regulator,CHEMBL5037009,Potentiation of CFTR F508del mutant (unknown origin) expressed in CHO cells assessed as chloride transport by measuring membrane potential incubated for 5 to 30 mins in presence of forskolin by Quattro assay,B,EC50,=,462.0,nM,6.33,,2021,F508del,potentiator
CHEMBL5085858,COC(=O)c1nc(-c2ccco2)c(C(F)(F)F)cc1N,CHEMBL4051,CHEMBL5036320,Cystic fibrosis transmembrane conductance regulator,CHEMBL5037009,Potentiation of CFTR F508del mutant (unknown origin) expressed in CHO cells assessed as chloride transport by measuring membrane potential incubated for 5 to 30 mins in presence of forskolin by Quattro assay,B,EC50,=,5310.0,nM,5.28,,2021,F508del,potentiator
CHEMBL5077730,Nc1cc(C(F)(F)F)c(-c2ccco2)cc1C(=O)O,CHEMBL4051,CHEMBL5036320,Cystic fibrosis transmembrane conductance regulator,CHEMBL5037009,Potentiation of CFTR F508del mutant (unknown origin) expressed in CHO cells assessed as chloride transport by measuring membrane potential incubated for 5 to 30 mins in presence of forskolin by Quattro assay,B,EC50,=,5830.0,nM,5.23,,2021,F508del,potentiator
CHEMBL5085049,CNC(=O)c1cc(-c2ccco2)c(C(F)(F)F)cc1N,CHEMBL4051,CHEMBL5036320,Cystic fibrosis transmembrane conductance regulator,CHEMBL5037009,Potentiation of CFTR F508del mutant (unknown origin) expressed in CHO cells assessed as chloride transport by measuring membrane potential incubated for 5 to 30 mins in presence of forskolin by Quattro assay,B,EC50,=,1860.0,nM,5.73,,2021,F508del,potentiator
CHEMBL5077005,CN(C)C(=O)c1cc(-c2ccco2)c(C(F)(F)F)cc1N,CHEMBL4051,CHEMBL5036320,Cystic fibrosis transmembrane conductance regulator,CHEMBL5037009,Potentiation of CFTR F508del mutant (unknown origin) expressed in CHO cells assessed as chloride transport by measuring membrane potential incubated for 5 to 30 mins in presence of forskolin by Quattro assay,B,EC50,=,30000.0,nM,4.52,,2021,F508del,potentiator
CHEMBL5086285,CNC(=O)c1nc(Br)c(C(F)(F)F)cc1N,CHEMBL4051,CHEMBL5036320,Cystic fibrosis transmembrane conductance regulator,CHEMBL5037009,Potentiation of CFTR F508del mutant (unknown origin) expressed in CHO cells assessed as chloride transport by measuring membrane potential incubated for 5 to 30 mins in presence of forskolin by Quattro assay,B,EC50,=,250.0,nM,6.60,,2021,F508del,potentiator
CHEMBL5093146,Nc1cc(C(F)(F)F)c(Br)nc1C(=O)NCCC(F)(F)F,CHEMBL4051,CHEMBL5036320,Cystic fibrosis transmembrane conductance regulator,CHEMBL5037009,Potentiation of CFTR F508del mutant (unknown origin) expressed in CHO cells assessed as chloride transport by measuring membrane potential incubated for 5 to 30 mins in presence of forskolin by Quattro assay,B,EC50,=,40.0,nM,7.40,,2021,F508del,potentiator
CHEMBL5082261,CC(O)CNC(=O)c1nc(Br)c(C(F)(F)F)cc1N,CHEMBL4051,CHEMBL5036320,Cystic fibrosis transmembrane conductance regulator,CHEMBL5037009,Potentiation of CFTR F508del mutant (unknown origin) expressed in CHO cells assessed as chloride transport by measuring membrane potential incubated for 5 to 30 mins in presence of forskolin by Quattro assay,B,EC50,=,70.0,nM,7.16,,2021,F508del,potentiator
CHEMBL5081202,Nc1cc(C(F)(F)F)c(Br)nc1C(=O)NC[C@H](O)C(F)(F)F,CHEMBL4051,CHEMBL5036320,Cystic fibrosis transmembrane conductance regulator,CHEMBL5037009,Potentiation of CFTR F508del mutant (unknown origin) expressed in CHO cells assessed as chloride transport by measuring membrane potential incubated for 5 to 30 mins in presence of forskolin by Quattro assay,B,EC50,=,23.0,nM,7.64,,2021,F508del,potentiator
CHEMBL5087757,Nc1cc(C(F)(F)F)c(Br)nc1C(=O)NC[C@@H](O)C(F)(F)F,CHEMBL4051,CHEMBL5036320,Cystic fibrosis transmembrane conductance regulator,CHEMBL5037009,Potentiation of CFTR F508del mutant (unknown origin) expressed in CHO cells assessed as chloride transport by measuring membrane potential incubated for 5 to 30 mins in presence of forskolin by Quattro assay,B,EC50,=,9.0,nM,8.05,,2021,F508del,potentiator
CHEMBL5084140,C[C@](O)(CNC(=O)c1nc(Br)c(C(F)(F)F)cc1N)C(F)(F)F,CHEMBL4051,CHEMBL5036320,Cystic fibrosis transmembrane conductance regulator,CHEMBL5037009,Potentiation of CFTR F508del mutant (unknown origin) expressed in CHO cells assessed as chloride transport by measuring membrane potential incubated for 5 to 30 mins in presence of forskolin by Quattro assay,B,EC50,=,15.0,nM,7.82,,2021,F508del,potentiator
CHEMBL5088068,C[C@@](O)(CNC(=O)c1nc(Br)c(C(F)(F)F)cc1N)C(F)(F)F,CHEMBL4051,CHEMBL5036320,Cystic fibrosis transmembrane conductance regulator,CHEMBL5037009,Potentiation of CFTR F508del mutant (unknown origin) expressed in CHO cells assessed as chloride transport by measuring membrane potential incubated for 5 to 30 mins in presence of forskolin by Quattro assay,B,EC50,=,30.0,nM,7.52,,2021,F508del,potentiator
CHEMBL5071764,CC(C)(O)CNC(=O)c1nc(Br)c(C(F)(F)F)cc1N,CHEMBL4051,CHEMBL5036320,Cystic fibrosis transmembrane conductance regulator,CHEMBL5037009,Potentiation of CFTR F508del mutant (unknown origin) expressed in CHO cells assessed as chloride transport by measuring membrane potential incubated for 5 to 30 mins in presence of forskolin by Quattro assay,B,EC50,=,77.0,nM,7.11,,2021,F508del,potentiator
CHEMBL5075860,Nc1cc(C(F)(F)F)c(Br)nc1C(=O)NCC(O)(C(F)(F)F)C(F)(F)F,CHEMBL4051,CHEMBL5036320,Cystic fibrosis transmembrane conductance regulator,CHEMBL5037009,Potentiation of CFTR F508del mutant (unknown origin) expressed in CHO cells assessed as chloride transport by measuring membrane potential incubated for 5 to 30 mins in presence of forskolin by Quattro assay,B,EC50,=,10.0,nM,8.00,,2021,F508del,potentiator
CHEMBL5079547,CC(O)(CNC(=O)c1ncc(C(F)(F)F)cc1N)C(F)(F)F,CHEMBL4051,CHEMBL5036320,Cystic fibrosis transmembrane conductance regulator,CHEMBL5037009,Potentiation of CFTR F508del mutant (unknown origin) expressed in CHO cells assessed as chloride transport by measuring membrane potential incubated for 5 to 30 mins in presence of forskolin by Quattro assay,B,EC50,=,229.0,nM,6.64,,2021,F508del,potentiator
CHEMBL5083308,Cc1nc(C(=O)NCC(C)(O)C(F)(F)F)c(N)cc1C(F)(F)F,CHEMBL4051,CHEMBL5036320,Cystic fibrosis transmembrane conductance regulator,CHEMBL5037009,Potentiation of CFTR F508del mutant (unknown origin) expressed in CHO cells assessed as chloride transport by measuring membrane potential incubated for 5 to 30 mins in presence of forskolin by Quattro assay,B,EC50,=,240.0,nM,6.62,,2021,F508del,potentiator
CHEMBL5076312,CCc1nc(C(=O)NCC(C)(O)C(F)(F)F)c(N)cc1C(F)(F)F,CHEMBL4051,CHEMBL5036320,Cystic fibrosis transmembrane conductance regulator,CHEMBL5037009,Potentiation of CFTR F508del mutant (unknown origin) expressed in CHO cells assessed as chloride transport by measuring membrane potential incubated for 5 to 30 mins in presence of forskolin by Quattro assay,B,EC50,=,8.0,nM,8.10,,2021,F508del,potentiator
CHEMBL5076312,CCc1nc(C(=O)NCC(C)(O)C(F)(F)F)c(N)cc1C(F)(F)F,CHEMBL4051,CHEMBL5036320,Cystic fibrosis transmembrane conductance regulator,CHEMBL5037009,Potentiation of CFTR F508del mutant (unknown origin) expressed in CHO cells assessed as chloride transport by measuring membrane potential incubated for 5 to 30 mins in presence of forskolin by Quattro assay,B,EC50,=,43.0,nM,7.37,,2021,F508del,potentiator
CHEMBL5088607,C[C@](O)(CNC(=O)c1nc(C(F)(F)F)c(C(F)(F)F)cc1N)C(F)(F)F,CHEMBL4051,CHEMBL5036320,Cystic fibrosis transmembrane conductance regulator,CHEMBL5037009,Potentiation of CFTR F508del mutant (unknown origin) expressed in CHO cells assessed as chloride transport by measuring membrane potential incubated for 5 to 30 mins in presence of forskolin by Quattro assay,B,EC50,=,9.0,nM,8.05,,2021,F508del,potentiator
CHEMBL5075105,CNc1nc(C(=O)NCC(C)(O)C(F)(F)F)c(N)cc1C(F)(F)F,CHEMBL4051,CHEMBL5036320,Cystic fibrosis transmembrane conductance regulator,CHEMBL5037009,Potentiation of CFTR F508del mutant (unknown origin) expressed in CHO cells assessed as chloride transport by measuring membrane potential incubated for 5 to 30 mins in presence of forskolin by Quattro assay,B,EC50,=,276.0,nM,6.56,,2021,F508del,potentiator
CHEMBL5075105,CNc1nc(C(=O)NCC(C)(O)C(F)(F)F)c(N)cc1C(F)(F)F,CHEMBL4051,CHEMBL5036320,Cystic fibrosis transmembrane conductance regulator,CHEMBL5037009,Potentiation of CFTR F508del mutant (unknown origin) expressed in CHO cells assessed as chloride transport by measuring membrane potential incubated for 5 to 30 mins in presence of forskolin by Quattro assay,B,EC50,=,111.0,nM,6.96,,2021,F508del,potentiator
CHEMBL5082569,CN(C)c1nc(C(=O)NCC(C)(O)C(F)(F)F)c(N)cc1C(F)(F)F,CHEMBL4051,CHEMBL5036320,Cystic fibrosis transmembrane conductance regulator,CHEMBL5037009,Potentiation of CFTR F508del mutant (unknown origin) expressed in CHO cells assessed as chloride transport by measuring membrane potential incubated for 5 to 30 mins in presence of forskolin by Quattro assay,B,EC50,=,20.0,nM,7.70,,2021,F508del,potentiator
CHEMBL5082569,CN(C)c1nc(C(=O)NCC(C)(O)C(F)(F)F)c(N)cc1C(F)(F)F,CHEMBL4051,CHEMBL5036320,Cystic fibrosis transmembrane conductance regulator,CHEMBL5037009,Potentiation of CFTR F508del mutant (unknown origin) expressed in CHO cells assessed as chloride transport by measuring membrane potential incubated for 5 to 30 mins in presence of forskolin by Quattro assay,B,EC50,=,46.0,nM,7.34,,2021,F508del,potentiator
CHEMBL5075769,CCOc1nc(C(=O)NC[C@](C)(O)C(F)(F)F)c(N)cc1C(F)(F)F,CHEMBL4051,CHEMBL5036320,Cystic fibrosis transmembrane conductance regulator,CHEMBL5037009,Potentiation of CFTR F508del mutant (unknown origin) expressed in CHO cells assessed as chloride transport by measuring membrane potential incubated for 5 to 30 mins in presence of forskolin by Quattro assay,B,EC50,=,15.0,nM,7.82,,2021,F508del,potentiator
CHEMBL4650318,COc1nc(C(=O)NC[C@](C)(O)C(F)(F)F)c(N)cc1C(F)(F)F,CHEMBL4051,CHEMBL5036320,Cystic fibrosis transmembrane conductance regulator,CHEMBL5037009,Potentiation of CFTR F508del mutant (unknown origin) expressed in CHO cells assessed as chloride transport by measuring membrane potential incubated for 5 to 30 mins in presence of forskolin by Quattro assay,B,EC50,=,47.0,nM,7.33,,2021,F508del,potentiator
CHEMBL44,O=c1c(-c2ccc(O)cc2)coc2cc(O)cc(O)c12,CHEMBL4051,CHEMBL5036320,Cystic fibrosis transmembrane conductance regulator,CHEMBL5037011,Potentiation of CFTR F508del mutant (unknown origin) expressed in FRT cells assessed as chloride transport by measuring membrane potential in presence of forskolin,B,EC50,=,6170.0,nM,5.21,,2021,F508del,potentiator
CHEMBL1949980,CC(C)c1ccc(NC(=O)C(c2ccccc2)N(C)C(=O)Cc2c[nH]c3ccccc23)cc1,CHEMBL4051,CHEMBL5036320,Cystic fibrosis transmembrane conductance regulator,CHEMBL5037011,Potentiation of CFTR F508del mutant (unknown origin) expressed in FRT cells assessed as chloride transport by measuring membrane potential in presence of forskolin,B,EC50,=,260.0,nM,6.58,,2021,F508del,potentiator
CHEMBL5080252,COC(=O)c1cc(-c2ccco2)c(C(F)(F)F)cc1N,CHEMBL4051,CHEMBL5036320,Cystic fibrosis transmembrane conductance regulator,CHEMBL5037011,Potentiation of CFTR F508del mutant (unknown origin) expressed in FRT cells assessed as chloride transport by measuring membrane potential in presence of forskolin,B,EC50,=,180.0,nM,6.75,,2021,F508del,potentiator
CHEMBL5084140,C[C@](O)(CNC(=O)c1nc(Br)c(C(F)(F)F)cc1N)C(F)(F)F,CHEMBL4051,CHEMBL5036320,Cystic fibrosis transmembrane conductance regulator,CHEMBL5037011,Potentiation of CFTR F508del mutant (unknown origin) expressed in FRT cells assessed as chloride transport by measuring membrane potential in presence of forskolin,B,EC50,=,18.0,nM,7.75,,2021,F508del,potentiator
CHEMBL4650318,COc1nc(C(=O)NC[C@](C)(O)C(F)(F)F)c(N)cc1C(F)(F)F,CHEMBL4051,CHEMBL5036320,Cystic fibrosis transmembrane conductance regulator,CHEMBL5037011,Potentiation of CFTR F508del mutant (unknown origin) expressed in FRT cells assessed as chloride transport by measuring membrane potential in presence of forskolin,B,EC50,=,79.0,nM,7.10,,2021,F508del,potentiator
CHEMBL2010601,CC(C)(C)c1cc(C(C)(C)C)c(NC(=O)c2c[nH]c3ccccc3c2=O)cc1O,CHEMBL4051,CHEMBL5036320,Cystic fibrosis transmembrane conductance regulator,CHEMBL5037011,Potentiation of CFTR F508del mutant (unknown origin) expressed in FRT cells assessed as chloride transport by measuring membrane potential in presence of forskolin,B,EC50,=,49.0,nM,7.31,,2021,F508del,potentiator
CHEMBL44,O=c1c(-c2ccc(O)cc2)coc2cc(O)cc(O)c12,CHEMBL4051,CHEMBL5036320,Cystic fibrosis transmembrane conductance regulator,CHEMBL5037013,Potentiation of wild-type CFTR (unknown origin) expressed in FRT cells assessed as chloride transport by measuring membrane potential in presence of forskolin,B,EC50,=,14200.0,nM,4.85,,2021,wild-type,potentiator
CHEMBL1949980,CC(C)c1ccc(NC(=O)C(c2ccccc2)N(C)C(=O)Cc2c[nH]c3ccccc23)cc1,CHEMBL4051,CHEMBL5036320,Cystic fibrosis transmembrane conductance regulator,CHEMBL5037013,Potentiation of wild-type CFTR (unknown origin) expressed in FRT cells assessed as chloride transport by measuring membrane potential in presence of forskolin,B,EC50,=,990.0,nM,6.00,,2021,wild-type,potentiator
CHEMBL5080252,COC(=O)c1cc(-c2ccco2)c(C(F)(F)F)cc1N,CHEMBL4051,CHEMBL5036320,Cystic fibrosis transmembrane conductance regulator,CHEMBL5037013,Potentiation of wild-type CFTR (unknown origin) expressed in FRT cells assessed as chloride transport by measuring membrane potential in presence of forskolin,B,EC50,=,30000.0,nM,4.52,,2021,wild-type,potentiator
CHEMBL5084140,C[C@](O)(CNC(=O)c1nc(Br)c(C(F)(F)F)cc1N)C(F)(F)F,CHEMBL4051,CHEMBL5036320,Cystic fibrosis transmembrane conductance regulator,CHEMBL5037013,Potentiation of wild-type CFTR (unknown origin) expressed in FRT cells assessed as chloride transport by measuring membrane potential in presence of forskolin,B,EC50,=,43.0,nM,7.37,,2021,wild-type,potentiator
CHEMBL4650318,COc1nc(C(=O)NC[C@](C)(O)C(F)(F)F)c(N)cc1C(F)(F)F,CHEMBL4051,CHEMBL5036320,Cystic fibrosis transmembrane conductance regulator,CHEMBL5037013,Potentiation of wild-type CFTR (unknown origin) expressed in FRT cells assessed as chloride transport by measuring membrane potential in presence of forskolin,B,EC50,=,113.0,nM,6.95,,2021,wild-type,potentiator
CHEMBL2010601,CC(C)(C)c1cc(C(C)(C)C)c(NC(=O)c2c[nH]c3ccccc3c2=O)cc1O,CHEMBL4051,CHEMBL5036320,Cystic fibrosis transmembrane conductance regulator,CHEMBL5037013,Potentiation of wild-type CFTR (unknown origin) expressed in FRT cells assessed as chloride transport by measuring membrane potential in presence of forskolin,B,EC50,=,70.0,nM,7.16,,2021,wild-type,potentiator
CHEMBL5084140,C[C@](O)(CNC(=O)c1nc(Br)c(C(F)(F)F)cc1N)C(F)(F)F,CHEMBL4051,CHEMBL5036320,Cystic fibrosis transmembrane conductance regulator,CHEMBL5037015,Potentiation of CFTR G551D mutant (unknown origin) expressed in FRT cells assessed as chloride transport by measuring membrane potential in presence of forskolin,B,EC50,=,150.0,nM,6.82,,2021,G551D,potentiator
CHEMBL4650318,COc1nc(C(=O)NC[C@](C)(O)C(F)(F)F)c(N)cc1C(F)(F)F,CHEMBL4051,CHEMBL5036320,Cystic fibrosis transmembrane conductance regulator,CHEMBL5037015,Potentiation of CFTR G551D mutant (unknown origin) expressed in FRT cells assessed as chloride transport by measuring membrane potential in presence of forskolin,B,EC50,=,497.0,nM,6.30,,2021,G551D,potentiator
CHEMBL2010601,CC(C)(C)c1cc(C(C)(C)C)c(NC(=O)c2c[nH]c3ccccc3c2=O)cc1O,CHEMBL4051,CHEMBL5036320,Cystic fibrosis transmembrane conductance regulator,CHEMBL5037015,Potentiation of CFTR G551D mutant (unknown origin) expressed in FRT cells assessed as chloride transport by measuring membrane potential in presence of forskolin,B,EC50,=,131.0,nM,6.88,,2021,G551D,potentiator
CHEMBL5084140,C[C@](O)(CNC(=O)c1nc(Br)c(C(F)(F)F)cc1N)C(F)(F)F,CHEMBL4051,CHEMBL5036320,Cystic fibrosis transmembrane conductance regulator,CHEMBL5037017,Potentiation of CFTR F508 deletion mutant (unknown origin) expressed in HBE cells assessed as change in short circuit current in presence of forskolin and amiloride,B,EC50,=,25.0,nM,7.60,,2021,unspecified,potentiator
CHEMBL4650318,COc1nc(C(=O)NC[C@](C)(O)C(F)(F)F)c(N)cc1C(F)(F)F,CHEMBL4051,CHEMBL5036320,Cystic fibrosis transmembrane conductance regulator,CHEMBL5037017,Potentiation of CFTR F508 deletion mutant (unknown origin) expressed in HBE cells assessed as change in short circuit current in presence of forskolin and amiloride,B,EC50,=,39.0,nM,7.41,,2021,unspecified,potentiator
CHEMBL2010601,CC(C)(C)c1cc(C(C)(C)C)c(NC(=O)c2c[nH]c3ccccc3c2=O)cc1O,CHEMBL4051,CHEMBL5036320,Cystic fibrosis transmembrane conductance regulator,CHEMBL5037017,Potentiation of CFTR F508 deletion mutant (unknown origin) expressed in HBE cells assessed as change in short circuit current in presence of forskolin and amiloride,B,EC50,=,68.0,nM,7.17,,2021,unspecified,potentiator
CHEMBL4650318,COc1nc(C(=O)NC[C@](C)(O)C(F)(F)F)c(N)cc1C(F)(F)F,CHEMBL4051,CHEMBL5036320,Cystic fibrosis transmembrane conductance regulator,CHEMBL5037019,Potentiation of wild type CFTR (unknown origin) expressed in HBE cells assessed as change in short circuit current in presence of forskolin and amiloride,B,EC50,=,72.0,nM,7.14,,2021,wild type,potentiator
CHEMBL2010601,CC(C)(C)c1cc(C(C)(C)C)c(NC(=O)c2c[nH]c3ccccc3c2=O)cc1O,CHEMBL4051,CHEMBL5036320,Cystic fibrosis transmembrane conductance regulator,CHEMBL5037019,Potentiation of wild type CFTR (unknown origin) expressed in HBE cells assessed as change in short circuit current in presence of forskolin and amiloride,B,EC50,=,34.0,nM,7.47,,2021,wild type,potentiator
CHEMBL4086433,Nc1ccc([N+](=O)[O-])cc1-c1nc2ccccc2n(Cc2ccccc2)c1=O,CHEMBL4051,CHEMBL5113380,Cystic fibrosis transmembrane conductance regulator,CHEMBL5114370,Potentiation of CFTR in FRT cells co-expressing human wild-type CFTR and YFP iodide-sensing protein in presence of forskolin measured by High-Throughput Screening method,B,EC50,=,200.0,nM,6.70,,2022,wild-type,potentiator
CHEMBL4068723,O=c1c(-c2cccc([N+](=O)[O-])c2)nc2ccccc2n1Cc1ccccc1,CHEMBL4051,CHEMBL5113380,Cystic fibrosis transmembrane conductance regulator,CHEMBL5114370,Potentiation of CFTR in FRT cells co-expressing human wild-type CFTR and YFP iodide-sensing protein in presence of forskolin measured by High-Throughput Screening method,B,EC50,=,21.0,nM,7.68,,2022,wild-type,potentiator
CHEMBL4586969,CC(C)(C)C1C(C(=O)c2cc(Cl)ccc2Cl)C(c2ccccc2)N(C(=O)c2ccccc2)C1C(=O)O,CHEMBL4051,CHEMBL5113437,Cystic fibrosis transmembrane conductance regulator,CHEMBL5116610,Potentiation of CFTR F508del mutant (unknown origin) expressed in human CFBE41o- cells by CRE- horseradish peroxidase-coupled high throughput screening method,B,EC50,=,2720.0,nM,5.57,,2022,F508del,potentiator
CHEMBL4521957,CC(C)(C)[C@H]1[C@H](C(=O)c2cc(Cl)ccc2Cl)[C@H](c2ccccc2)N(C(=O)c2ccccc2)[C@@H]1C(=O)O,CHEMBL4051,CHEMBL5113437,Cystic fibrosis transmembrane conductance regulator,CHEMBL5116610,Potentiation of CFTR F508del mutant (unknown origin) expressed in human CFBE41o- cells by CRE- horseradish peroxidase-coupled high throughput screening method,B,EC50,=,2610.0,nM,5.58,,2022,F508del,potentiator
CHEMBL4438246,CC(C)(C)[C@H]1[C@H](C(=O)c2cc(Cl)ccc2Cl)[C@H](c2ccccc2)N(C(=O)C2CCCCC2)[C@@H]1C(=O)O,CHEMBL4051,CHEMBL5113437,Cystic fibrosis transmembrane conductance regulator,CHEMBL5116610,Potentiation of CFTR F508del mutant (unknown origin) expressed in human CFBE41o- cells by CRE- horseradish peroxidase-coupled high throughput screening method,B,EC50,=,2520.0,nM,5.60,,2022,F508del,potentiator
CHEMBL5173199,COc1ccc(Cl)cc1CN[C@H]1[C@H](C(C)(C)C)[C@@H](C(=O)O)N(C(=O)C2CCCCC2)[C@H]1c1ccccc1,CHEMBL4051,CHEMBL5113437,Cystic fibrosis transmembrane conductance regulator,CHEMBL5116610,Potentiation of CFTR F508del mutant (unknown origin) expressed in human CFBE41o- cells by CRE- horseradish peroxidase-coupled high throughput screening method,B,EC50,=,2110.0,nM,5.68,,2022,F508del,potentiator
CHEMBL5173199,COc1ccc(Cl)cc1CN[C@H]1[C@H](C(C)(C)C)[C@@H](C(=O)O)N(C(=O)C2CCCCC2)[C@H]1c1ccccc1,CHEMBL4051,CHEMBL5113437,Cystic fibrosis transmembrane conductance regulator,CHEMBL5116610,Potentiation of CFTR F508del mutant (unknown origin) expressed in human CFBE41o- cells by CRE- horseradish peroxidase-coupled high throughput screening method,B,EC50,=,1520.0,nM,5.82,,2022,F508del,potentiator
CHEMBL4586969,CC(C)(C)C1C(C(=O)c2cc(Cl)ccc2Cl)C(c2ccccc2)N(C(=O)c2ccccc2)C1C(=O)O,CHEMBL4051,CHEMBL5113437,Cystic fibrosis transmembrane conductance regulator,CHEMBL5116612,Potentiation of CFTR F508del mutant (unknown origin) expressed in human CFBE41o- cells in presence of CFTR corrector C1 by CRE- horseradish peroxidase-coupled high throughput screening method,B,EC50,=,2110.0,nM,5.68,,2022,F508del,corrector
CHEMBL4521957,CC(C)(C)[C@H]1[C@H](C(=O)c2cc(Cl)ccc2Cl)[C@H](c2ccccc2)N(C(=O)c2ccccc2)[C@@H]1C(=O)O,CHEMBL4051,CHEMBL5113437,Cystic fibrosis transmembrane conductance regulator,CHEMBL5116612,Potentiation of CFTR F508del mutant (unknown origin) expressed in human CFBE41o- cells in presence of CFTR corrector C1 by CRE- horseradish peroxidase-coupled high throughput screening method,B,EC50,=,1940.0,nM,5.71,,2022,F508del,corrector
CHEMBL4438246,CC(C)(C)[C@H]1[C@H](C(=O)c2cc(Cl)ccc2Cl)[C@H](c2ccccc2)N(C(=O)C2CCCCC2)[C@@H]1C(=O)O,CHEMBL4051,CHEMBL5113437,Cystic fibrosis transmembrane conductance regulator,CHEMBL5116612,Potentiation of CFTR F508del mutant (unknown origin) expressed in human CFBE41o- cells in presence of CFTR corrector C1 by CRE- horseradish peroxidase-coupled high throughput screening method,B,EC50,=,2010.0,nM,5.70,,2022,F508del,corrector
CHEMBL5173199,COc1ccc(Cl)cc1CN[C@H]1[C@H](C(C)(C)C)[C@@H](C(=O)O)N(C(=O)C2CCCCC2)[C@H]1c1ccccc1,CHEMBL4051,CHEMBL5113437,Cystic fibrosis transmembrane conductance regulator,CHEMBL5116612,Potentiation of CFTR F508del mutant (unknown origin) expressed in human CFBE41o- cells in presence of CFTR corrector C1 by CRE- horseradish peroxidase-coupled high throughput screening method,B,EC50,=,1780.0,nM,5.75,,2022,F508del,corrector
CHEMBL5173199,COc1ccc(Cl)cc1CN[C@H]1[C@H](C(C)(C)C)[C@@H](C(=O)O)N(C(=O)C2CCCCC2)[C@H]1c1ccccc1,CHEMBL4051,CHEMBL5113437,Cystic fibrosis transmembrane conductance regulator,CHEMBL5116612,Potentiation of CFTR F508del mutant (unknown origin) expressed in human CFBE41o- cells in presence of CFTR corrector C1 by CRE- horseradish peroxidase-coupled high throughput screening method,B,EC50,=,990.0,nM,6.00,,2022,F508del,corrector
CHEMBL5173199,COc1ccc(Cl)cc1CN[C@H]1[C@H](C(C)(C)C)[C@@H](C(=O)O)N(C(=O)C2CCCCC2)[C@H]1c1ccccc1,CHEMBL4051,CHEMBL5113437,Cystic fibrosis transmembrane conductance regulator,CHEMBL5116615,Potentiation of homozygous CFTR F508del mutant in human HBE cells by trans-epithelial current clamp assay,B,EC50,=,241.0,nM,6.62,,2022,F508del,potentiator
CHEMBL5181801,COc1ccc(C(C)C)cc1CN[C@H]1[C@H](C(C)(C)C)[C@@H](C(=O)O)N(C(=O)C2CCCCC2)[C@H]1c1ccccc1,CHEMBL4051,CHEMBL5113437,Cystic fibrosis transmembrane conductance regulator,CHEMBL5116615,Potentiation of homozygous CFTR F508del mutant in human HBE cells by trans-epithelial current clamp assay,B,EC50,=,188.0,nM,6.73,,2022,F508del,potentiator
CHEMBL5173841,COc1ccc(C(C)(C)C)cc1CN[C@H]1[C@H](C(C)(C)C)[C@@H](C(=O)O)N(C(=O)C2CCCCC2)[C@H]1c1ccccc1,CHEMBL4051,CHEMBL5113437,Cystic fibrosis transmembrane conductance regulator,CHEMBL5116615,Potentiation of homozygous CFTR F508del mutant in human HBE cells by trans-epithelial current clamp assay,B,EC50,=,113.0,nM,6.95,,2022,F508del,potentiator
CHEMBL5204350,COc1ccc(C23CC4CC(CC(C4)C2)C3)cc1CN[C@H]1[C@H](C(C)(C)C)[C@@H](C(=O)O)N(C(=O)C2CCCCC2)[C@H]1c1ccccc1,CHEMBL4051,CHEMBL5113437,Cystic fibrosis transmembrane conductance regulator,CHEMBL5116615,Potentiation of homozygous CFTR F508del mutant in human HBE cells by trans-epithelial current clamp assay,B,EC50,=,136.0,nM,6.87,,2022,F508del,potentiator
CHEMBL5187015,COc1ccc(C23CC4CC42C3)cc1CN[C@H]1[C@H](C(C)(C)C)[C@@H](C(=O)O)N(C(=O)C2CCCCC2)[C@H]1c1ccccc1,CHEMBL4051,CHEMBL5113437,Cystic fibrosis transmembrane conductance regulator,CHEMBL5116615,Potentiation of homozygous CFTR F508del mutant in human HBE cells by trans-epithelial current clamp assay,B,EC50,=,190.0,nM,6.72,,2022,F508del,potentiator
CHEMBL5190632,COc1ncc(C(C)(C)C)cc1CN[C@H]1[C@H](C(C)(C)C)[C@@H](C(=O)O)N(C(=O)C2CCCCC2)[C@H]1c1ccccc1,CHEMBL4051,CHEMBL5113437,Cystic fibrosis transmembrane conductance regulator,CHEMBL5116615,Potentiation of homozygous CFTR F508del mutant in human HBE cells by trans-epithelial current clamp assay,B,EC50,=,107.0,nM,6.97,,2022,F508del,potentiator
CHEMBL5172188,COc1ncc(C(F)(F)F)cc1CN[C@H]1[C@H](C(C)(C)C)[C@@H](C(=O)O)N(C(=O)C2CCCCC2)[C@H]1c1ccccc1,CHEMBL4051,CHEMBL5113437,Cystic fibrosis transmembrane conductance regulator,CHEMBL5116615,Potentiation of homozygous CFTR F508del mutant in human HBE cells by trans-epithelial current clamp assay,B,EC50,=,210.0,nM,6.68,,2022,F508del,potentiator
CHEMBL5177312,COc1ncc(C2CCC2)cc1CN[C@H]1[C@H](C(C)(C)C)[C@@H](C(=O)O)N(C(=O)C2CCCCC2)[C@H]1c1ccccc1,CHEMBL4051,CHEMBL5113437,Cystic fibrosis transmembrane conductance regulator,CHEMBL5116615,Potentiation of homozygous CFTR F508del mutant in human HBE cells by trans-epithelial current clamp assay,B,EC50,=,184.0,nM,6.74,,2022,F508del,potentiator
CHEMBL5178099,COc1ccc(C(C)(C)C)cc1CN[C@H]1[C@H](C(C)(C)C)[C@@H](C(=O)O)N(C(=O)[C@@H]2CCCCO2)[C@H]1c1ccccc1,CHEMBL4051,CHEMBL5113437,Cystic fibrosis transmembrane conductance regulator,CHEMBL5116615,Potentiation of homozygous CFTR F508del mutant in human HBE cells by trans-epithelial current clamp assay,B,EC50,=,321.0,nM,6.49,,2022,F508del,potentiator
CHEMBL5180378,COc1ccc(C(C)(C)C)cc1CN[C@H]1[C@H](C(C)(C)C)[C@@H](C(=O)O)N(C(=O)[C@@H]2CCCCO2)[C@H]1Cc1cc(C(F)(F)F)cnc1OC,CHEMBL4051,CHEMBL5113437,Cystic fibrosis transmembrane conductance regulator,CHEMBL5116615,Potentiation of homozygous CFTR F508del mutant in human HBE cells by trans-epithelial current clamp assay,B,EC50,=,159.0,nM,6.80,,2022,F508del,potentiator
CHEMBL5203914,COc1ncc(C2CCC2)cc1CN[C@H]1[C@H](C(C)(C)C)[C@@H](C(=O)O)N(C(=O)[C@@H]2CCCCO2)[C@H]1Cc1cc(C2CCC2)cnc1OC,CHEMBL4051,CHEMBL5113437,Cystic fibrosis transmembrane conductance regulator,CHEMBL5116615,Potentiation of homozygous CFTR F508del mutant in human HBE cells by trans-epithelial current clamp assay,B,EC50,=,41.0,nM,7.39,,2022,F508del,potentiator
CHEMBL5202497,CC(C)c1ccccc1[C@H]1[C@@H](Nc2cccnc2N(C)C)[C@H](C(C)(C)C)[C@@H](C(=O)O)N1C(=O)[C@@H]1CCCCO1,CHEMBL4051,CHEMBL5113437,Cystic fibrosis transmembrane conductance regulator,CHEMBL5116615,Potentiation of homozygous CFTR F508del mutant in human HBE cells by trans-epithelial current clamp assay,B,EC50,=,142.0,nM,6.85,,2022,F508del,potentiator
CHEMBL5180031,Cc1ccccc1N[C@H]1[C@H](C(C)(C)C)[C@@H](C(=O)O)N(C(=O)[C@@H]2CCCCO2)[C@H]1c1ccccc1C(C)C,CHEMBL4051,CHEMBL5113437,Cystic fibrosis transmembrane conductance regulator,CHEMBL5116615,Potentiation of homozygous CFTR F508del mutant in human HBE cells by trans-epithelial current clamp assay,B,EC50,=,22.0,nM,7.66,,2022,F508del,potentiator
CHEMBL5202275,COc1ccc(C)cc1C1(C(=O)NS(=O)(=O)c2cccc3nc(C)ccc23)CC1c1ccc(C)cc1,CHEMBL4051,CHEMBL5126647,Cystic fibrosis transmembrane conductance regulator,CHEMBL5131017,Modulation of homozygous F508del/F508del CFTR mutant in HBE cells incubated for 18 to 24 hrs by trans-epithelial current clamp assay,B,EC50,=,0.8,nM,9.10,,2022,F508del,unspecified
CHEMBL5193680,COc1ccc(C)cc1C1(C(=O)NS(=O)(=O)c2cccc3nc(C)ccc23)CC1c1cccc(C(F)(F)F)c1,CHEMBL4051,CHEMBL5126647,Cystic fibrosis transmembrane conductance regulator,CHEMBL5131017,Modulation of homozygous F508del/F508del CFTR mutant in HBE cells incubated for 18 to 24 hrs by trans-epithelial current clamp assay,B,EC50,=,0.51,nM,9.29,,2022,F508del,unspecified
CHEMBL5186971,COc1cccc(C2CC2(C(=O)NS(=O)(=O)c2cccc3nc(C)ccc23)c2cc(C)ccc2OC)c1,CHEMBL4051,CHEMBL5126647,Cystic fibrosis transmembrane conductance regulator,CHEMBL5131017,Modulation of homozygous F508del/F508del CFTR mutant in HBE cells incubated for 18 to 24 hrs by trans-epithelial current clamp assay,B,EC50,=,0.84,nM,9.08,,2022,F508del,unspecified
CHEMBL5178488,COc1ccc(C2CC2(C(=O)NS(=O)(=O)c2cccc3nc(C)ccc23)c2cc(C)ccc2OC)cc1,CHEMBL4051,CHEMBL5126647,Cystic fibrosis transmembrane conductance regulator,CHEMBL5131017,Modulation of homozygous F508del/F508del CFTR mutant in HBE cells incubated for 18 to 24 hrs by trans-epithelial current clamp assay,B,EC50,=,0.66,nM,9.18,,2022,F508del,unspecified
CHEMBL5178232,COc1ccc(C)cc1C1(C(=O)NS(=O)(=O)c2cccc3nc(C)ccc23)CC1c1cccc(C(F)F)n1,CHEMBL4051,CHEMBL5126647,Cystic fibrosis transmembrane conductance regulator,CHEMBL5131017,Modulation of homozygous F508del/F508del CFTR mutant in HBE cells incubated for 18 to 24 hrs by trans-epithelial current clamp assay,B,EC50,=,0.4,nM,9.40,,2022,F508del,unspecified
CHEMBL5171054,COc1ccc(C)cc1C1(C(=O)NS(=O)(=O)c2cccc3nc(C)ccc23)CC1c1cccc(OC(C)C)n1,CHEMBL4051,CHEMBL5126647,Cystic fibrosis transmembrane conductance regulator,CHEMBL5131017,Modulation of homozygous F508del/F508del CFTR mutant in HBE cells incubated for 18 to 24 hrs by trans-epithelial current clamp assay,B,EC50,=,0.9,nM,9.05,,2022,F508del,unspecified
CHEMBL5187430,Nc1cc(C(F)(F)F)c2nc1-c1nnc(o1)C(O)(C(F)(F)F)CCCCCCO2,CHEMBL4051,CHEMBL5131525,Cystic fibrosis transmembrane conductance regulator,CHEMBL5135959,"Modulation of CFTR F508 deletion mutant expressed in HBE cells assessed as change in short circuit current incubated for 18 to 24 hrs in presence of forskolin, amiloride and human serum by voltage-clamp based chamber assay",B,EC50,<,500.0,nM,,,2022,unspecified,unspecified
CHEMBL5182531,C[C@H]1CCCCC[C@](O)(C(F)(F)F)c2nnc(o2)-c2nc(c(C(F)(F)F)cc2N)O1,CHEMBL4051,CHEMBL5131525,Cystic fibrosis transmembrane conductance regulator,CHEMBL5135959,"Modulation of CFTR F508 deletion mutant expressed in HBE cells assessed as change in short circuit current incubated for 18 to 24 hrs in presence of forskolin, amiloride and human serum by voltage-clamp based chamber assay",B,EC50,<,500.0,nM,,,2022,unspecified,unspecified
CHEMBL5189965,Nc1cc(C(F)(F)F)c2nc1-c1nnc(o1)[C@@](O)(C(F)(F)F)CCCCCCS2,CHEMBL4051,CHEMBL5131525,Cystic fibrosis transmembrane conductance regulator,CHEMBL5135959,"Modulation of CFTR F508 deletion mutant expressed in HBE cells assessed as change in short circuit current incubated for 18 to 24 hrs in presence of forskolin, amiloride and human serum by voltage-clamp based chamber assay",B,EC50,<,500.0,nM,,,2022,unspecified,unspecified
CHEMBL5190310,Nc1cc(C(F)(F)F)c2nc1-c1nnc(o1)[C@@](O)(C(F)(F)F)CCCCC[C@H](CO)O2,CHEMBL4051,CHEMBL5131525,Cystic fibrosis transmembrane conductance regulator,CHEMBL5135959,"Modulation of CFTR F508 deletion mutant expressed in HBE cells assessed as change in short circuit current incubated for 18 to 24 hrs in presence of forskolin, amiloride and human serum by voltage-clamp based chamber assay",B,EC50,<,500.0,nM,,,2022,unspecified,unspecified
CHEMBL5169814,[2H]C1CC[C@@H](C)Oc2nc(c(N)cc2C(F)(F)F)-c2nnc(o2)[C@@](O)(C(F)(F)F)CC1[2H],CHEMBL4051,CHEMBL5131525,Cystic fibrosis transmembrane conductance regulator,CHEMBL5135959,"Modulation of CFTR F508 deletion mutant expressed in HBE cells assessed as change in short circuit current incubated for 18 to 24 hrs in presence of forskolin, amiloride and human serum by voltage-clamp based chamber assay",B,EC50,<,500.0,nM,,,2022,unspecified,unspecified
CHEMBL5194869,CC1(C)CCCC[C@](O)(C(F)(F)F)c2nnc(o2)-c2nc(c(C(F)(F)F)cc2N)OC1,CHEMBL4051,CHEMBL5131525,Cystic fibrosis transmembrane conductance regulator,CHEMBL5135959,"Modulation of CFTR F508 deletion mutant expressed in HBE cells assessed as change in short circuit current incubated for 18 to 24 hrs in presence of forskolin, amiloride and human serum by voltage-clamp based chamber assay",B,EC50,<,500.0,nM,,,2022,unspecified,unspecified
CHEMBL4093612,COc1ccc2c(c1)O[C@@H](c1ccc(OC)c(OC)c1)C[C@H]2NC(=O)C1(c2ccc3c(c2)OC(F)(F)O3)CC1,CHEMBL4051,CHEMBL5209897,Cystic fibrosis transmembrane conductance regulator,CHEMBL5210086,Affinity Phenotypic Cellular interaction (Plasma membrane-expressed enzyme acceptor protein (EA-MEM) assay) EUB0000544a CFTR,F,EC50,=,35.0,nM,7.46,,2023,unspecified,unspecified
CHEMBL4066040,COc1ccc2c(c1)O[C@H](c1ccc(OC)c(OC)c1)C[C@@H]2NC(=O)C1(c2ccc3c(c2)OC(F)(F)O3)CC1,CHEMBL4051,CHEMBL5209897,Cystic fibrosis transmembrane conductance regulator,CHEMBL5210092,Affinity Phenotypic Cellular interaction (Plasma membrane-expressed enzyme acceptor protein (EA-MEM) assay) EUB0000264b CFTR,F,EC50,=,3900.0,nM,5.41,,2023,unspecified,unspecified
CHEMBL4093612,COc1ccc2c(c1)O[C@@H](c1ccc(OC)c(OC)c1)C[C@H]2NC(=O)C1(c2ccc3c(c2)OC(F)(F)O3)CC1,CHEMBL4051,CHEMBL5210121,Cystic fibrosis transmembrane conductance regulator,CHEMBL5210279,Affinity On-target Cellular interaction (CFTR Restoration Trans-Epithelial Current Clamp (TECC) assay (in HBE cells from F508del CF patients)) EUB0000544a CFTR,B,EC50,=,28.0,nM,7.55,,2023,F508del,unspecified
CHEMBL4066040,COc1ccc2c(c1)O[C@H](c1ccc(OC)c(OC)c1)C[C@@H]2NC(=O)C1(c2ccc3c(c2)OC(F)(F)O3)CC1,CHEMBL4051,CHEMBL5210121,Cystic fibrosis transmembrane conductance regulator,CHEMBL5210285,Affinity On-target Cellular interaction (CFTR Restoration Trans-Epithelial Current Clamp (TECC) assay (in HBE cells from F508del CF patients)) EUB0000264b CFTR,B,EC50,>,3000.0,nM,,,2023,F508del,unspecified
CHEMBL4093612,COc1ccc2c(c1)O[C@@H](c1ccc(OC)c(OC)c1)C[C@H]2NC(=O)C1(c2ccc3c(c2)OC(F)(F)O3)CC1,CHEMBL4051,CHEMBL5212743,Cystic fibrosis transmembrane conductance regulator,CHEMBL5214504,Selectivity interaction (CSE-HRP surface expression (cell surface expression-horseradish peroxidase assay)) EUB0000544a CFTR,B,EC50,=,130.0,nM,6.89,,2023,unspecified,unspecified
CHEMBL44,O=c1c(-c2ccc(O)cc2)coc2cc(O)cc(O)c12,CHEMBL4051,CHEMBL5230114,Cystic fibrosis transmembrane conductance regulator,CHEMBL5231449,Potentiation of CFTR F508del mutant activity (unknown origin),B,EC50,=,7000.0,nM,5.16,,2020,F508del,potentiator
CHEMBL2068831,CN(C(=O)Cc1c[nH]c2ccccc12)[C@H](C(=O)Nc1ccc(F)cc1)c1ccccc1,CHEMBL4051,CHEMBL5230114,Cystic fibrosis transmembrane conductance regulator,CHEMBL5231449,Potentiation of CFTR F508del mutant activity (unknown origin),B,EC50,=,90.0,nM,7.05,,2020,F508del,potentiator
CHEMBL2068832,CN(C(=O)Cc1c[nH]c2ccccc12)[C@H](C(=O)Nc1ccc(-n2cc(CCCF)nn2)cc1)c1ccccc1,CHEMBL4051,CHEMBL5230114,Cystic fibrosis transmembrane conductance regulator,CHEMBL5231449,Potentiation of CFTR F508del mutant activity (unknown origin),B,EC50,=,1100.0,nM,5.96,,2020,F508del,potentiator
CHEMBL2018574,COc1cccc(C(=O)NCCNc2nc3cc(C)cc(C)c3cc2C#N)c1,CHEMBL4051,CHEMBL5230114,Cystic fibrosis transmembrane conductance regulator,CHEMBL5231450,Corrector activity at CFTR F508del mutant (unknown origin) expressed in rat FRT cells assessed as increase in iodide influx in presence of forskolin incubated for 24 hrs,B,EC50,=,2200.0,nM,5.66,,2020,F508del,corrector
CHEMBL1583913,COc1ccc(C(=O)NCCNc2nc3c(C)cccc3cc2C#N)cc1OC,CHEMBL4051,CHEMBL5230114,Cystic fibrosis transmembrane conductance regulator,CHEMBL5231450,Corrector activity at CFTR F508del mutant (unknown origin) expressed in rat FRT cells assessed as increase in iodide influx in presence of forskolin incubated for 24 hrs,B,EC50,=,3800.0,nM,5.42,,2020,F508del,corrector
CHEMBL1403454,COc1ccc(C(=O)NCCNc2nc3ccc(C)cc3cc2C#N)cc1OC,CHEMBL4051,CHEMBL5230114,Cystic fibrosis transmembrane conductance regulator,CHEMBL5231450,Corrector activity at CFTR F508del mutant (unknown origin) expressed in rat FRT cells assessed as increase in iodide influx in presence of forskolin incubated for 24 hrs,B,EC50,=,3900.0,nM,5.41,,2020,F508del,corrector
CHEMBL4444246,COc1ccc(S(=O)(=O)N2CCN(c3nc4ccc(C)cc4cc3C#N)CC2)cc1,CHEMBL4051,CHEMBL5230114,Cystic fibrosis transmembrane conductance regulator,CHEMBL5231450,Corrector activity at CFTR F508del mutant (unknown origin) expressed in rat FRT cells assessed as increase in iodide influx in presence of forskolin incubated for 24 hrs,B,EC50,=,5000.0,nM,5.30,,2020,F508del,corrector
CHEMBL4444352,COc1ccc2nc(N3CCN(C(=O)c4ccccc4F)CC3)c(C#N)cc2c1,CHEMBL4051,CHEMBL5230114,Cystic fibrosis transmembrane conductance regulator,CHEMBL5231450,Corrector activity at CFTR F508del mutant (unknown origin) expressed in rat FRT cells assessed as increase in iodide influx in presence of forskolin incubated for 24 hrs,B,EC50,=,4200.0,nM,5.38,,2020,F508del,corrector
CHEMBL2018574,COc1cccc(C(=O)NCCNc2nc3cc(C)cc(C)c3cc2C#N)c1,CHEMBL4051,CHEMBL5230114,Cystic fibrosis transmembrane conductance regulator,CHEMBL5231452,Potentiation of CFTR F508del mutant (unknown origin) expressed in rat FRT cells assessed as increase in iodide influx in presence of forskolin incubated for 24 hrs,B,EC50,=,14000.0,nM,4.85,,2020,F508del,potentiator
CHEMBL1583913,COc1ccc(C(=O)NCCNc2nc3c(C)cccc3cc2C#N)cc1OC,CHEMBL4051,CHEMBL5230114,Cystic fibrosis transmembrane conductance regulator,CHEMBL5231452,Potentiation of CFTR F508del mutant (unknown origin) expressed in rat FRT cells assessed as increase in iodide influx in presence of forskolin incubated for 24 hrs,B,EC50,=,15000.0,nM,4.82,,2020,F508del,potentiator
CHEMBL1403454,COc1ccc(C(=O)NCCNc2nc3ccc(C)cc3cc2C#N)cc1OC,CHEMBL4051,CHEMBL5230114,Cystic fibrosis transmembrane conductance regulator,CHEMBL5231452,Potentiation of CFTR F508del mutant (unknown origin) expressed in rat FRT cells assessed as increase in iodide influx in presence of forskolin incubated for 24 hrs,B,EC50,=,15000.0,nM,4.82,,2020,F508del,potentiator
CHEMBL4444246,COc1ccc(S(=O)(=O)N2CCN(c3nc4ccc(C)cc4cc3C#N)CC2)cc1,CHEMBL4051,CHEMBL5230114,Cystic fibrosis transmembrane conductance regulator,CHEMBL5231452,Potentiation of CFTR F508del mutant (unknown origin) expressed in rat FRT cells assessed as increase in iodide influx in presence of forskolin incubated for 24 hrs,B,EC50,=,3800.0,nM,5.42,,2020,F508del,potentiator
CHEMBL4444352,COc1ccc2nc(N3CCN(C(=O)c4ccccc4F)CC3)c(C#N)cc2c1,CHEMBL4051,CHEMBL5230114,Cystic fibrosis transmembrane conductance regulator,CHEMBL5231452,Potentiation of CFTR F508del mutant (unknown origin) expressed in rat FRT cells assessed as increase in iodide influx in presence of forskolin incubated for 24 hrs,B,EC50,=,11000.0,nM,4.96,,2020,F508del,potentiator
CHEMBL5270290,CCCCCn1cc(S(=O)(=O)Nc2ccc(CC)cc2)c2cccnc21,CHEMBL4051,CHEMBL5230114,Cystic fibrosis transmembrane conductance regulator,CHEMBL5231454,Potentiation of CFTR W1282X mutant (unknown origin) expressed in rat FRT cells,B,EC50,=,1000.0,nM,6.00,,2020,W1282X,potentiator
CHEMBL5288577,CCc1ccc(NS(=O)(=O)c2cn(Cc3ccccn3)c3ncccc23)cc1,CHEMBL4051,CHEMBL5230114,Cystic fibrosis transmembrane conductance regulator,CHEMBL5231454,Potentiation of CFTR W1282X mutant (unknown origin) expressed in rat FRT cells,B,EC50,=,600.0,nM,6.22,,2020,W1282X,potentiator
CHEMBL5275959,CCc1ccc(NS(=O)(=O)c2cn(Cc3ccccc3C#N)c3ncccc23)cc1,CHEMBL4051,CHEMBL5230114,Cystic fibrosis transmembrane conductance regulator,CHEMBL5231454,Potentiation of CFTR W1282X mutant (unknown origin) expressed in rat FRT cells,B,EC50,=,700.0,nM,6.16,,2020,W1282X,potentiator
CHEMBL5418678,CCOc1ccc(NC(=O)c2cc3nccc(-c4ccc(OC)c(OC)c4)n3n2)cc1,CHEMBL4051,CHEMBL5316288,Cystic fibrosis transmembrane conductance regulator,CHEMBL5317398,Activation of human wild-type CFTR stably expressed in rat FRT cells assessed as increase in apical membrane chloride current incubated for 20 mins by patch-clamp assay,B,EC50,=,36.2,nM,7.44,,2023,wild-type,activator
CHEMBL5418645,COc1ccc(-c2ccnc3cc(C(=O)N4CCN(C(=O)c5ccccc5)[C@@H](C)C4)nn23)cc1OC,CHEMBL4051,CHEMBL5316288,Cystic fibrosis transmembrane conductance regulator,CHEMBL5317398,Activation of human wild-type CFTR stably expressed in rat FRT cells assessed as increase in apical membrane chloride current incubated for 20 mins by patch-clamp assay,B,EC50,=,342.0,nM,6.47,,2023,wild-type,activator
CHEMBL5418678,CCOc1ccc(NC(=O)c2cc3nccc(-c4ccc(OC)c(OC)c4)n3n2)cc1,CHEMBL4051,CHEMBL5316288,Cystic fibrosis transmembrane conductance regulator,CHEMBL5317399,Activation of human wild-type CFTR stably expressed in CHO-K1 cells co-expressing halide sensors YFP-H148Q/I152L assessed as CFTR-mediated iodide influx incubated for 10 mins by YFP fluorescence quenching assay,B,EC50,=,18.0,nM,7.75,,2023,wild-type,activator
CHEMBL5440649,COc1ccc(-c2ccnc3cc(C(=O)Nc4ccccc4)nn23)cc1OC,CHEMBL4051,CHEMBL5316288,Cystic fibrosis transmembrane conductance regulator,CHEMBL5317399,Activation of human wild-type CFTR stably expressed in CHO-K1 cells co-expressing halide sensors YFP-H148Q/I152L assessed as CFTR-mediated iodide influx incubated for 10 mins by YFP fluorescence quenching assay,B,EC50,=,65.0,nM,7.19,,2023,wild-type,activator
CHEMBL5414889,COC(=O)c1ccccc1NC(=O)c1cc2nccc(-c3ccc(OC)c(OC)c3)n2n1,CHEMBL4051,CHEMBL5316288,Cystic fibrosis transmembrane conductance regulator,CHEMBL5317399,Activation of human wild-type CFTR stably expressed in CHO-K1 cells co-expressing halide sensors YFP-H148Q/I152L assessed as CFTR-mediated iodide influx incubated for 10 mins by YFP fluorescence quenching assay,B,EC50,=,820.0,nM,6.09,,2023,wild-type,activator
CHEMBL5405578,COC(=O)c1cccc(NC(=O)c2cc3nccc(-c4ccc(OC)c(OC)c4)n3n2)c1,CHEMBL4051,CHEMBL5316288,Cystic fibrosis transmembrane conductance regulator,CHEMBL5317399,Activation of human wild-type CFTR stably expressed in CHO-K1 cells co-expressing halide sensors YFP-H148Q/I152L assessed as CFTR-mediated iodide influx incubated for 10 mins by YFP fluorescence quenching assay,B,EC50,=,31.0,nM,7.51,,2023,wild-type,activator
CHEMBL5419096,COC(=O)c1ccc(NC(=O)c2cc3nccc(-c4ccc(OC)c(OC)c4)n3n2)cc1,CHEMBL4051,CHEMBL5316288,Cystic fibrosis transmembrane conductance regulator,CHEMBL5317399,Activation of human wild-type CFTR stably expressed in CHO-K1 cells co-expressing halide sensors YFP-H148Q/I152L assessed as CFTR-mediated iodide influx incubated for 10 mins by YFP fluorescence quenching assay,B,EC50,=,14.0,nM,7.85,,2023,wild-type,activator
CHEMBL5427532,COc1ccc(-c2ccnc3cc(C(=O)Nc4ccc(OCCN5CCOCC5)cc4)nn23)cc1OC,CHEMBL4051,CHEMBL5316288,Cystic fibrosis transmembrane conductance regulator,CHEMBL5317399,Activation of human wild-type CFTR stably expressed in CHO-K1 cells co-expressing halide sensors YFP-H148Q/I152L assessed as CFTR-mediated iodide influx incubated for 10 mins by YFP fluorescence quenching assay,B,EC50,=,6.0,nM,8.22,,2023,wild-type,activator
CHEMBL5437155,COc1ccc(-c2ccnc3cc(C(=O)Nc4ccc(N5CCOCC5)cc4)nn23)cc1OC,CHEMBL4051,CHEMBL5316288,Cystic fibrosis transmembrane conductance regulator,CHEMBL5317399,Activation of human wild-type CFTR stably expressed in CHO-K1 cells co-expressing halide sensors YFP-H148Q/I152L assessed as CFTR-mediated iodide influx incubated for 10 mins by YFP fluorescence quenching assay,B,EC50,=,7.0,nM,8.15,,2023,wild-type,activator
CHEMBL5401740,COC(=O)c1ccc(CNC(=O)c2cc3nccc(-c4ccc(OC)c(OC)c4)n3n2)cc1,CHEMBL4051,CHEMBL5316288,Cystic fibrosis transmembrane conductance regulator,CHEMBL5317399,Activation of human wild-type CFTR stably expressed in CHO-K1 cells co-expressing halide sensors YFP-H148Q/I152L assessed as CFTR-mediated iodide influx incubated for 10 mins by YFP fluorescence quenching assay,B,EC50,=,470.0,nM,6.33,,2023,wild-type,activator
CHEMBL5432600,COc1ccc(-c2ccnc3cc(C(=O)NCc4ccc(N5CCOCC5)cc4)nn23)cc1OC,CHEMBL4051,CHEMBL5316288,Cystic fibrosis transmembrane conductance regulator,CHEMBL5317399,Activation of human wild-type CFTR stably expressed in CHO-K1 cells co-expressing halide sensors YFP-H148Q/I152L assessed as CFTR-mediated iodide influx incubated for 10 mins by YFP fluorescence quenching assay,B,EC50,=,710.0,nM,6.15,,2023,wild-type,activator
CHEMBL5402877,COC(=O)c1ccc(NC(=O)c2cc3nccc(-c4ccc(OC)c(OC)c4)n3n2)c(F)c1,CHEMBL4051,CHEMBL5316288,Cystic fibrosis transmembrane conductance regulator,CHEMBL5317399,Activation of human wild-type CFTR stably expressed in CHO-K1 cells co-expressing halide sensors YFP-H148Q/I152L assessed as CFTR-mediated iodide influx incubated for 10 mins by YFP fluorescence quenching assay,B,EC50,=,17.0,nM,7.77,,2023,wild-type,activator
CHEMBL5408812,COC(=O)c1ccc(NC(=O)c2cc3nccc(-c4ccc(OC)c(OC)c4)n3n2)c(Cl)c1,CHEMBL4051,CHEMBL5316288,Cystic fibrosis transmembrane conductance regulator,CHEMBL5317399,Activation of human wild-type CFTR stably expressed in CHO-K1 cells co-expressing halide sensors YFP-H148Q/I152L assessed as CFTR-mediated iodide influx incubated for 10 mins by YFP fluorescence quenching assay,B,EC50,=,2700.0,nM,5.57,,2023,wild-type,activator
CHEMBL5422837,COC(=O)c1ccc(NC(=O)c2cc3nccc(-c4ccc(OC)c(OC)c4)n3n2)c(OC)c1,CHEMBL4051,CHEMBL5316288,Cystic fibrosis transmembrane conductance regulator,CHEMBL5317399,Activation of human wild-type CFTR stably expressed in CHO-K1 cells co-expressing halide sensors YFP-H148Q/I152L assessed as CFTR-mediated iodide influx incubated for 10 mins by YFP fluorescence quenching assay,B,EC50,>,30000.0,nM,,,2023,wild-type,activator
CHEMBL5422124,COC(=O)c1ccc(NC(=O)c2cc3nccc(-c4ccc(OC)c(OC)c4)n3n2)c(O)c1,CHEMBL4051,CHEMBL5316288,Cystic fibrosis transmembrane conductance regulator,CHEMBL5317399,Activation of human wild-type CFTR stably expressed in CHO-K1 cells co-expressing halide sensors YFP-H148Q/I152L assessed as CFTR-mediated iodide influx incubated for 10 mins by YFP fluorescence quenching assay,B,EC50,>,30000.0,nM,,,2023,wild-type,activator
CHEMBL5429999,COc1ccc(-c2ccnc3cc(C(=O)Nc4ccc(C(=O)O)cc4)nn23)cc1OC,CHEMBL4051,CHEMBL5316288,Cystic fibrosis transmembrane conductance regulator,CHEMBL5317399,Activation of human wild-type CFTR stably expressed in CHO-K1 cells co-expressing halide sensors YFP-H148Q/I152L assessed as CFTR-mediated iodide influx incubated for 10 mins by YFP fluorescence quenching assay,B,EC50,=,310.0,nM,6.51,,2023,wild-type,activator
CHEMBL5432480,COc1ccc(-c2ccnc3cc(C(=O)Nc4ccc(C(=O)O)cc4F)nn23)cc1OC,CHEMBL4051,CHEMBL5316288,Cystic fibrosis transmembrane conductance regulator,CHEMBL5317399,Activation of human wild-type CFTR stably expressed in CHO-K1 cells co-expressing halide sensors YFP-H148Q/I152L assessed as CFTR-mediated iodide influx incubated for 10 mins by YFP fluorescence quenching assay,B,EC50,=,42.0,nM,7.38,,2023,wild-type,activator
CHEMBL5426236,COc1ccc(-c2ccnc3cc(C(=O)Nc4ccc(C(=O)N5CCOCC5)cc4)nn23)cc1OC,CHEMBL4051,CHEMBL5316288,Cystic fibrosis transmembrane conductance regulator,CHEMBL5317399,Activation of human wild-type CFTR stably expressed in CHO-K1 cells co-expressing halide sensors YFP-H148Q/I152L assessed as CFTR-mediated iodide influx incubated for 10 mins by YFP fluorescence quenching assay,B,EC50,=,30.0,nM,7.52,,2023,wild-type,activator
CHEMBL5413271,COc1ccc(-c2ccnc3cc(C(=O)Nc4ccc(C(=O)N5CCN(C(=O)OC(C)(C)C)CC5)cc4)nn23)cc1OC,CHEMBL4051,CHEMBL5316288,Cystic fibrosis transmembrane conductance regulator,CHEMBL5317399,Activation of human wild-type CFTR stably expressed in CHO-K1 cells co-expressing halide sensors YFP-H148Q/I152L assessed as CFTR-mediated iodide influx incubated for 10 mins by YFP fluorescence quenching assay,B,EC50,=,17.0,nM,7.77,,2023,wild-type,activator
CHEMBL5405508,COc1ccc(-c2ccnc3cc(C(=O)Nc4ccc(C(=O)NCCNC(=O)OC(C)(C)C)cc4)nn23)cc1OC,CHEMBL4051,CHEMBL5316288,Cystic fibrosis transmembrane conductance regulator,CHEMBL5317399,Activation of human wild-type CFTR stably expressed in CHO-K1 cells co-expressing halide sensors YFP-H148Q/I152L assessed as CFTR-mediated iodide influx incubated for 10 mins by YFP fluorescence quenching assay,B,EC50,=,38.0,nM,7.42,,2023,wild-type,activator
CHEMBL5403075,COc1ccc(-c2ccnc3cc(C(=O)Nc4ccc(C(=O)N5CCNCC5)cc4)nn23)cc1OC.Cl,CHEMBL4051,CHEMBL5316288,Cystic fibrosis transmembrane conductance regulator,CHEMBL5317399,Activation of human wild-type CFTR stably expressed in CHO-K1 cells co-expressing halide sensors YFP-H148Q/I152L assessed as CFTR-mediated iodide influx incubated for 10 mins by YFP fluorescence quenching assay,B,EC50,=,3700.0,nM,5.43,,2023,wild-type,activator
CHEMBL5398739,COc1ccc(-c2ccnc3cc(C(=O)Nc4ccc(C(=O)NCCN)cc4)nn23)cc1OC.Cl,CHEMBL4051,CHEMBL5316288,Cystic fibrosis transmembrane conductance regulator,CHEMBL5317399,Activation of human wild-type CFTR stably expressed in CHO-K1 cells co-expressing halide sensors YFP-H148Q/I152L assessed as CFTR-mediated iodide influx incubated for 10 mins by YFP fluorescence quenching assay,B,EC50,=,16000.0,nM,4.80,,2023,wild-type,activator
CHEMBL5428768,COc1ccc(-c2ccnc3cc(C(=O)Nc4ccc(C(=O)N5CCN(C)CC5)cc4)nn23)cc1OC.Cl,CHEMBL4051,CHEMBL5316288,Cystic fibrosis transmembrane conductance regulator,CHEMBL5317399,Activation of human wild-type CFTR stably expressed in CHO-K1 cells co-expressing halide sensors YFP-H148Q/I152L assessed as CFTR-mediated iodide influx incubated for 10 mins by YFP fluorescence quenching assay,B,EC50,=,290.0,nM,6.54,,2023,wild-type,activator
CHEMBL5405327,COc1ccc(-c2ccnc3cc(C(=O)NC4CCCCC4)nn23)cc1OC,CHEMBL4051,CHEMBL5316288,Cystic fibrosis transmembrane conductance regulator,CHEMBL5317399,Activation of human wild-type CFTR stably expressed in CHO-K1 cells co-expressing halide sensors YFP-H148Q/I152L assessed as CFTR-mediated iodide influx incubated for 10 mins by YFP fluorescence quenching assay,B,EC50,=,130.0,nM,6.89,,2023,wild-type,activator
CHEMBL5403993,COc1ccc(-c2ccnc3cc(C(=O)N[C@H]4CC[C@@H](C(=O)OC)CC4)nn23)cc1OC,CHEMBL4051,CHEMBL5316288,Cystic fibrosis transmembrane conductance regulator,CHEMBL5317399,Activation of human wild-type CFTR stably expressed in CHO-K1 cells co-expressing halide sensors YFP-H148Q/I152L assessed as CFTR-mediated iodide influx incubated for 10 mins by YFP fluorescence quenching assay,B,EC50,=,590.0,nM,6.23,,2023,wild-type,activator
CHEMBL5400075,COc1ccc(-c2ccnc3cc(C(=O)N[C@H]4CC[C@H](C(=O)OC)CC4)nn23)cc1OC,CHEMBL4051,CHEMBL5316288,Cystic fibrosis transmembrane conductance regulator,CHEMBL5317399,Activation of human wild-type CFTR stably expressed in CHO-K1 cells co-expressing halide sensors YFP-H148Q/I152L assessed as CFTR-mediated iodide influx incubated for 10 mins by YFP fluorescence quenching assay,B,EC50,=,180.0,nM,6.75,,2023,wild-type,activator
CHEMBL5421603,COC(=O)C12CC(NC(=O)c3cc4nccc(-c5ccc(OC)c(OC)c5)n4n3)(C1)C2,CHEMBL4051,CHEMBL5316288,Cystic fibrosis transmembrane conductance regulator,CHEMBL5317399,Activation of human wild-type CFTR stably expressed in CHO-K1 cells co-expressing halide sensors YFP-H148Q/I152L assessed as CFTR-mediated iodide influx incubated for 10 mins by YFP fluorescence quenching assay,B,EC50,=,310.0,nM,6.51,,2023,wild-type,activator
CHEMBL5420408,COc1ccc(-c2ccnc3cc(C(=O)N[C@H]4CC[C@@H](C(=O)O)CC4)nn23)cc1OC,CHEMBL4051,CHEMBL5316288,Cystic fibrosis transmembrane conductance regulator,CHEMBL5317399,Activation of human wild-type CFTR stably expressed in CHO-K1 cells co-expressing halide sensors YFP-H148Q/I152L assessed as CFTR-mediated iodide influx incubated for 10 mins by YFP fluorescence quenching assay,B,EC50,>,30000.0,nM,,,2023,wild-type,activator
CHEMBL5398386,COc1ccc(-c2ccnc3cc(C(=O)N[C@H]4CC[C@H](C(=O)O)CC4)nn23)cc1OC,CHEMBL4051,CHEMBL5316288,Cystic fibrosis transmembrane conductance regulator,CHEMBL5317399,Activation of human wild-type CFTR stably expressed in CHO-K1 cells co-expressing halide sensors YFP-H148Q/I152L assessed as CFTR-mediated iodide influx incubated for 10 mins by YFP fluorescence quenching assay,B,EC50,>,30000.0,nM,,,2023,wild-type,activator
CHEMBL5400577,COc1ccc(-c2ccnc3cc(C(=O)NC45CC(C(=O)O)(C4)C5)nn23)cc1OC,CHEMBL4051,CHEMBL5316288,Cystic fibrosis transmembrane conductance regulator,CHEMBL5317399,Activation of human wild-type CFTR stably expressed in CHO-K1 cells co-expressing halide sensors YFP-H148Q/I152L assessed as CFTR-mediated iodide influx incubated for 10 mins by YFP fluorescence quenching assay,B,EC50,>,30000.0,nM,,,2023,wild-type,activator
CHEMBL5426673,COc1ccc(-c2ccnc3cc(C(=O)N4CC(NC(=O)OC(C)(C)C)C4)nn23)cc1OC,CHEMBL4051,CHEMBL5316288,Cystic fibrosis transmembrane conductance regulator,CHEMBL5317399,Activation of human wild-type CFTR stably expressed in CHO-K1 cells co-expressing halide sensors YFP-H148Q/I152L assessed as CFTR-mediated iodide influx incubated for 10 mins by YFP fluorescence quenching assay,B,EC50,=,700.0,nM,6.16,,2023,wild-type,activator
CHEMBL5429343,COc1ccc(-c2ccnc3cc(C(=O)N4CC[C@@H](NC(=O)OC(C)(C)C)C4)nn23)cc1OC,CHEMBL4051,CHEMBL5316288,Cystic fibrosis transmembrane conductance regulator,CHEMBL5317399,Activation of human wild-type CFTR stably expressed in CHO-K1 cells co-expressing halide sensors YFP-H148Q/I152L assessed as CFTR-mediated iodide influx incubated for 10 mins by YFP fluorescence quenching assay,B,EC50,=,370.0,nM,6.43,,2023,wild-type,activator
CHEMBL5405505,COc1ccc(-c2ccnc3cc(C(=O)N4CCC(NC(=O)OC(C)(C)C)CC4)nn23)cc1OC,CHEMBL4051,CHEMBL5316288,Cystic fibrosis transmembrane conductance regulator,CHEMBL5317399,Activation of human wild-type CFTR stably expressed in CHO-K1 cells co-expressing halide sensors YFP-H148Q/I152L assessed as CFTR-mediated iodide influx incubated for 10 mins by YFP fluorescence quenching assay,B,EC50,=,810.0,nM,6.09,,2023,wild-type,activator
CHEMBL5394040,COc1ccc(-c2ccnc3cc(C(=O)N4CCN(C(=O)OC(C)(C)C)CC4)nn23)cc1OC,CHEMBL4051,CHEMBL5316288,Cystic fibrosis transmembrane conductance regulator,CHEMBL5317399,Activation of human wild-type CFTR stably expressed in CHO-K1 cells co-expressing halide sensors YFP-H148Q/I152L assessed as CFTR-mediated iodide influx incubated for 10 mins by YFP fluorescence quenching assay,B,EC50,=,270.0,nM,6.57,,2023,wild-type,activator
CHEMBL5408696,COc1ccc(-c2ccnc3cc(C(=O)N4CCN(c5ccccc5)CC4)nn23)cc1OC,CHEMBL4051,CHEMBL5316288,Cystic fibrosis transmembrane conductance regulator,CHEMBL5317399,Activation of human wild-type CFTR stably expressed in CHO-K1 cells co-expressing halide sensors YFP-H148Q/I152L assessed as CFTR-mediated iodide influx incubated for 10 mins by YFP fluorescence quenching assay,B,EC50,=,840.0,nM,6.08,,2023,wild-type,activator
CHEMBL5435780,COc1ccc(-c2ccnc3cc(C(=O)N4CCN(C)CC4)nn23)cc1OC,CHEMBL4051,CHEMBL5316288,Cystic fibrosis transmembrane conductance regulator,CHEMBL5317399,Activation of human wild-type CFTR stably expressed in CHO-K1 cells co-expressing halide sensors YFP-H148Q/I152L assessed as CFTR-mediated iodide influx incubated for 10 mins by YFP fluorescence quenching assay,B,EC50,=,8100.0,nM,5.09,,2023,wild-type,activator
CHEMBL5417934,COc1ccc(-c2ccnc3cc(C(=O)N4CCN(C(C)C)CC4)nn23)cc1OC,CHEMBL4051,CHEMBL5316288,Cystic fibrosis transmembrane conductance regulator,CHEMBL5317399,Activation of human wild-type CFTR stably expressed in CHO-K1 cells co-expressing halide sensors YFP-H148Q/I152L assessed as CFTR-mediated iodide influx incubated for 10 mins by YFP fluorescence quenching assay,B,EC50,=,6000.0,nM,5.22,,2023,wild-type,activator
CHEMBL5421361,COc1ccc(-c2ccnc3cc(C(=O)N4CCN(C5CC5)CC4)nn23)cc1OC,CHEMBL4051,CHEMBL5316288,Cystic fibrosis transmembrane conductance regulator,CHEMBL5317399,Activation of human wild-type CFTR stably expressed in CHO-K1 cells co-expressing halide sensors YFP-H148Q/I152L assessed as CFTR-mediated iodide influx incubated for 10 mins by YFP fluorescence quenching assay,B,EC50,=,1400.0,nM,5.85,,2023,wild-type,activator
CHEMBL5401199,COc1ccc(-c2ccnc3cc(C(=O)N4CCN(C(=O)C5CC5)CC4)nn23)cc1OC,CHEMBL4051,CHEMBL5316288,Cystic fibrosis transmembrane conductance regulator,CHEMBL5317399,Activation of human wild-type CFTR stably expressed in CHO-K1 cells co-expressing halide sensors YFP-H148Q/I152L assessed as CFTR-mediated iodide influx incubated for 10 mins by YFP fluorescence quenching assay,B,EC50,=,1700.0,nM,5.77,,2023,wild-type,activator
CHEMBL5419518,COc1ccc(-c2ccnc3cc(C(=O)N4CCNCC4)nn23)cc1OC.Cl,CHEMBL4051,CHEMBL5316288,Cystic fibrosis transmembrane conductance regulator,CHEMBL5317399,Activation of human wild-type CFTR stably expressed in CHO-K1 cells co-expressing halide sensors YFP-H148Q/I152L assessed as CFTR-mediated iodide influx incubated for 10 mins by YFP fluorescence quenching assay,B,EC50,=,17000.0,nM,4.77,,2023,wild-type,activator
CHEMBL5425596,COc1ccc(-c2ccnc3cc(C(=O)N4CCN(Cc5ccccc5)CC4)nn23)cc1OC,CHEMBL4051,CHEMBL5316288,Cystic fibrosis transmembrane conductance regulator,CHEMBL5317399,Activation of human wild-type CFTR stably expressed in CHO-K1 cells co-expressing halide sensors YFP-H148Q/I152L assessed as CFTR-mediated iodide influx incubated for 10 mins by YFP fluorescence quenching assay,B,EC50,=,730.0,nM,6.14,,2023,wild-type,activator
CHEMBL5416041,COc1ccc(-c2ccnc3cc(C(=O)N4CCN(C(=O)c5ccccc5)CC4)nn23)cc1OC,CHEMBL4051,CHEMBL5316288,Cystic fibrosis transmembrane conductance regulator,CHEMBL5317399,Activation of human wild-type CFTR stably expressed in CHO-K1 cells co-expressing halide sensors YFP-H148Q/I152L assessed as CFTR-mediated iodide influx incubated for 10 mins by YFP fluorescence quenching assay,B,EC50,=,110.0,nM,6.96,,2023,wild-type,activator
CHEMBL5432387,COc1ccc(-c2ccnc3cc(C(=O)N4CCN(C(=O)c5ccccc5)C(C)(C)C4)nn23)cc1OC,CHEMBL4051,CHEMBL5316288,Cystic fibrosis transmembrane conductance regulator,CHEMBL5317399,Activation of human wild-type CFTR stably expressed in CHO-K1 cells co-expressing halide sensors YFP-H148Q/I152L assessed as CFTR-mediated iodide influx incubated for 10 mins by YFP fluorescence quenching assay,B,EC50,=,200.0,nM,6.70,,2023,wild-type,activator
CHEMBL5418645,COc1ccc(-c2ccnc3cc(C(=O)N4CCN(C(=O)c5ccccc5)[C@@H](C)C4)nn23)cc1OC,CHEMBL4051,CHEMBL5316288,Cystic fibrosis transmembrane conductance regulator,CHEMBL5317399,Activation of human wild-type CFTR stably expressed in CHO-K1 cells co-expressing halide sensors YFP-H148Q/I152L assessed as CFTR-mediated iodide influx incubated for 10 mins by YFP fluorescence quenching assay,B,EC50,=,23.0,nM,7.64,,2023,wild-type,activator
CHEMBL5417294,COc1ccc(-c2ccnc3cc(C(=O)N4CCN(C(=O)c5ccccc5)[C@H](C)C4)nn23)cc1OC,CHEMBL4051,CHEMBL5316288,Cystic fibrosis transmembrane conductance regulator,CHEMBL5317399,Activation of human wild-type CFTR stably expressed in CHO-K1 cells co-expressing halide sensors YFP-H148Q/I152L assessed as CFTR-mediated iodide influx incubated for 10 mins by YFP fluorescence quenching assay,B,EC50,=,790.0,nM,6.10,,2023,wild-type,activator
CHEMBL3354672,O=C(c1c[nH]c2ccccc2c1=O)N(Cc1ccccc1)Cc1ccccc1,CHEMBL4051,CHEMBL5331057,Cystic fibrosis transmembrane conductance regulator,CHEMBL5331964,Inhibition of CFTR F508 deletion mutant (unknown origin),B,EC50,=,2.1,nM,,,2022,unspecified,unspecified
CHEMBL2010601,CC(C)(C)c1cc(C(C)(C)C)c(NC(=O)c2c[nH]c3ccccc3c2=O)cc1O,CHEMBL4051,CHEMBL5331057,Cystic fibrosis transmembrane conductance regulator,CHEMBL5331964,Inhibition of CFTR F508 deletion mutant (unknown origin),B,EC50,=,25.0,nM,7.60,,2022,unspecified,unspecified
CHEMBL2010601,CC(C)(C)c1cc(C(C)(C)C)c(NC(=O)c2c[nH]c3ccccc3c2=O)cc1O,CHEMBL4051,CHEMBL5331057,Cystic fibrosis transmembrane conductance regulator,CHEMBL5331965,Inhibition of CFTR G551D mutant (unknown origin),B,EC50,=,100.0,nM,7.00,,2022,G551D,unspecified
CHEMBL5416826,COc1ccc(-c2cc(C(=O)O)nc3c2c(C)nn3-c2ccc(C)cc2)cc1,CHEMBL4051,CHEMBL5335845,Cystic fibrosis transmembrane conductance regulator,CHEMBL5338162,Corrector activity at HRP-tagged CFTR F508del mutant in human CFBE41o- cells assessed as rescue trafficking by measuring increase in membrane expression incubated for 3 days followed by incubated with chemiluminescent HRP substrate measured after 15 mins by CSE-HRP assay,B,EC50,=,4133.0,nM,5.38,,2024,F508del,corrector
CHEMBL5415434,COc1ccc(-c2cc(C(=O)O)nc3c2c(C)nn3-c2ccccc2)cc1,CHEMBL4051,CHEMBL5335845,Cystic fibrosis transmembrane conductance regulator,CHEMBL5338162,Corrector activity at HRP-tagged CFTR F508del mutant in human CFBE41o- cells assessed as rescue trafficking by measuring increase in membrane expression incubated for 3 days followed by incubated with chemiluminescent HRP substrate measured after 15 mins by CSE-HRP assay,B,EC50,=,2475.0,nM,5.61,,2024,F508del,corrector
CHEMBL5417547,Cc1nn(-c2ccccc2)c2nc(C(=O)O)cc(-c3ccc(N4CCOCC4)cc3)c12,CHEMBL4051,CHEMBL5335845,Cystic fibrosis transmembrane conductance regulator,CHEMBL5338162,Corrector activity at HRP-tagged CFTR F508del mutant in human CFBE41o- cells assessed as rescue trafficking by measuring increase in membrane expression incubated for 3 days followed by incubated with chemiluminescent HRP substrate measured after 15 mins by CSE-HRP assay,B,EC50,=,1283.0,nM,5.89,,2024,F508del,corrector
CHEMBL5396223,Cc1nn(-c2cccc(F)c2)c2nc(C(=O)O)cc(-c3ccc(N4CCOCC4)cc3)c12,CHEMBL4051,CHEMBL5335845,Cystic fibrosis transmembrane conductance regulator,CHEMBL5338162,Corrector activity at HRP-tagged CFTR F508del mutant in human CFBE41o- cells assessed as rescue trafficking by measuring increase in membrane expression incubated for 3 days followed by incubated with chemiluminescent HRP substrate measured after 15 mins by CSE-HRP assay,B,EC50,=,934.0,nM,6.03,,2024,F508del,corrector
CHEMBL5417860,Cc1nn(-c2ccc(F)cc2)c2nc(C(=O)O)cc(-c3ccc(N4CCOCC4)cc3)c12,CHEMBL4051,CHEMBL5335845,Cystic fibrosis transmembrane conductance regulator,CHEMBL5338162,Corrector activity at HRP-tagged CFTR F508del mutant in human CFBE41o- cells assessed as rescue trafficking by measuring increase in membrane expression incubated for 3 days followed by incubated with chemiluminescent HRP substrate measured after 15 mins by CSE-HRP assay,B,EC50,=,817.0,nM,6.09,,2024,F508del,corrector
CHEMBL5406247,Cc1nn(C2CC2)c2nc(C(=O)O)cc(-c3ccc(N4CCOCC4)cc3)c12,CHEMBL4051,CHEMBL5335845,Cystic fibrosis transmembrane conductance regulator,CHEMBL5338162,Corrector activity at HRP-tagged CFTR F508del mutant in human CFBE41o- cells assessed as rescue trafficking by measuring increase in membrane expression incubated for 3 days followed by incubated with chemiluminescent HRP substrate measured after 15 mins by CSE-HRP assay,B,EC50,=,10000.0,nM,5.00,,2024,F508del,corrector
CHEMBL5422046,Cc1nn(C2CCCCC2)c2nc(C(=O)O)cc(-c3ccc(N4CCOCC4)cc3)c12,CHEMBL4051,CHEMBL5335845,Cystic fibrosis transmembrane conductance regulator,CHEMBL5338162,Corrector activity at HRP-tagged CFTR F508del mutant in human CFBE41o- cells assessed as rescue trafficking by measuring increase in membrane expression incubated for 3 days followed by incubated with chemiluminescent HRP substrate measured after 15 mins by CSE-HRP assay,B,EC50,=,1931.0,nM,5.71,,2024,F508del,corrector
CHEMBL5429612,Cc1nn(C2CCOCC2)c2nc(C(=O)O)cc(-c3ccc(N4CCOCC4)cc3)c12,CHEMBL4051,CHEMBL5335845,Cystic fibrosis transmembrane conductance regulator,CHEMBL5338162,Corrector activity at HRP-tagged CFTR F508del mutant in human CFBE41o- cells assessed as rescue trafficking by measuring increase in membrane expression incubated for 3 days followed by incubated with chemiluminescent HRP substrate measured after 15 mins by CSE-HRP assay,B,EC50,=,10000.0,nM,5.00,,2024,F508del,corrector
CHEMBL5403725,Cc1nn(C2CCN(C)CC2)c2nc(C(=O)O)cc(-c3ccc(N4CCOCC4)cc3)c12,CHEMBL4051,CHEMBL5335845,Cystic fibrosis transmembrane conductance regulator,CHEMBL5338162,Corrector activity at HRP-tagged CFTR F508del mutant in human CFBE41o- cells assessed as rescue trafficking by measuring increase in membrane expression incubated for 3 days followed by incubated with chemiluminescent HRP substrate measured after 15 mins by CSE-HRP assay,B,EC50,=,10000.0,nM,5.00,,2024,F508del,corrector
CHEMBL5432776,O=C(O)c1cc(-c2ccc(N3CCOCC3)cc2)c2cnn(-c3ccccc3)c2n1,CHEMBL4051,CHEMBL5335845,Cystic fibrosis transmembrane conductance regulator,CHEMBL5338162,Corrector activity at HRP-tagged CFTR F508del mutant in human CFBE41o- cells assessed as rescue trafficking by measuring increase in membrane expression incubated for 3 days followed by incubated with chemiluminescent HRP substrate measured after 15 mins by CSE-HRP assay,B,EC50,=,1271.0,nM,5.90,,2024,F508del,corrector
CHEMBL5401033,CC(C)c1nn(-c2ccccc2)c2nc(C(=O)O)cc(-c3ccc(N4CCOCC4)cc3)c12,CHEMBL4051,CHEMBL5335845,Cystic fibrosis transmembrane conductance regulator,CHEMBL5338162,Corrector activity at HRP-tagged CFTR F508del mutant in human CFBE41o- cells assessed as rescue trafficking by measuring increase in membrane expression incubated for 3 days followed by incubated with chemiluminescent HRP substrate measured after 15 mins by CSE-HRP assay,B,EC50,=,448.0,nM,6.35,,2024,F508del,corrector
CHEMBL5399205,CC(C)(C)c1nn(-c2ccccc2)c2nc(C(=O)O)cc(-c3ccc(N4CCOCC4)cc3)c12,CHEMBL4051,CHEMBL5335845,Cystic fibrosis transmembrane conductance regulator,CHEMBL5338162,Corrector activity at HRP-tagged CFTR F508del mutant in human CFBE41o- cells assessed as rescue trafficking by measuring increase in membrane expression incubated for 3 days followed by incubated with chemiluminescent HRP substrate measured after 15 mins by CSE-HRP assay,B,EC50,=,517.0,nM,6.29,,2024,F508del,corrector
CHEMBL5438304,O=C(O)c1cc(-c2ccc(N3CCOCC3)cc2)c2c(C3CCC3)nn(-c3ccccc3)c2n1,CHEMBL4051,CHEMBL5335845,Cystic fibrosis transmembrane conductance regulator,CHEMBL5338162,Corrector activity at HRP-tagged CFTR F508del mutant in human CFBE41o- cells assessed as rescue trafficking by measuring increase in membrane expression incubated for 3 days followed by incubated with chemiluminescent HRP substrate measured after 15 mins by CSE-HRP assay,B,EC50,=,482.0,nM,6.32,,2024,F508del,corrector
CHEMBL5401936,CC1(c2nn(-c3ccccc3)c3nc(C(=O)O)cc(-c4ccc(N5CCOCC5)cc4)c23)CCC1,CHEMBL4051,CHEMBL5335845,Cystic fibrosis transmembrane conductance regulator,CHEMBL5338162,Corrector activity at HRP-tagged CFTR F508del mutant in human CFBE41o- cells assessed as rescue trafficking by measuring increase in membrane expression incubated for 3 days followed by incubated with chemiluminescent HRP substrate measured after 15 mins by CSE-HRP assay,B,EC50,=,325.0,nM,6.49,,2024,F508del,corrector
CHEMBL5424381,CC1(c2nn(-c3ccccc3)c3nc(C(=O)O)cc(-c4ccc(N5CCOCC5)cc4)c23)COC1,CHEMBL4051,CHEMBL5335845,Cystic fibrosis transmembrane conductance regulator,CHEMBL5338162,Corrector activity at HRP-tagged CFTR F508del mutant in human CFBE41o- cells assessed as rescue trafficking by measuring increase in membrane expression incubated for 3 days followed by incubated with chemiluminescent HRP substrate measured after 15 mins by CSE-HRP assay,B,EC50,=,1614.0,nM,5.79,,2024,F508del,corrector
CHEMBL5433545,COCc1nn(-c2ccccc2)c2nc(C(=O)O)cc(-c3ccc(N4CCOCC4)cc3)c12,CHEMBL4051,CHEMBL5335845,Cystic fibrosis transmembrane conductance regulator,CHEMBL5338162,Corrector activity at HRP-tagged CFTR F508del mutant in human CFBE41o- cells assessed as rescue trafficking by measuring increase in membrane expression incubated for 3 days followed by incubated with chemiluminescent HRP substrate measured after 15 mins by CSE-HRP assay,B,EC50,=,2970.0,nM,5.53,,2024,F508del,corrector
CHEMBL5395471,O=C(O)c1cc(-c2ccc(N3CCOCC3)cc2)c2c(CO)nn(-c3ccccc3)c2n1,CHEMBL4051,CHEMBL5335845,Cystic fibrosis transmembrane conductance regulator,CHEMBL5338162,Corrector activity at HRP-tagged CFTR F508del mutant in human CFBE41o- cells assessed as rescue trafficking by measuring increase in membrane expression incubated for 3 days followed by incubated with chemiluminescent HRP substrate measured after 15 mins by CSE-HRP assay,B,EC50,=,10000.0,nM,5.00,,2024,F508del,corrector
CHEMBL5440640,Cc1nn(-c2ccccc2)c2nc(C(=O)O)cc(-c3ccc(N4CCOCC4)nc3)c12,CHEMBL4051,CHEMBL5335845,Cystic fibrosis transmembrane conductance regulator,CHEMBL5338162,Corrector activity at HRP-tagged CFTR F508del mutant in human CFBE41o- cells assessed as rescue trafficking by measuring increase in membrane expression incubated for 3 days followed by incubated with chemiluminescent HRP substrate measured after 15 mins by CSE-HRP assay,B,EC50,=,2651.0,nM,5.58,,2024,F508del,corrector
CHEMBL5412318,COCCNc1ccc(-c2cc(C(=O)O)nc3c2c(C)nn3-c2ccccc2)cc1,CHEMBL4051,CHEMBL5335845,Cystic fibrosis transmembrane conductance regulator,CHEMBL5338162,Corrector activity at HRP-tagged CFTR F508del mutant in human CFBE41o- cells assessed as rescue trafficking by measuring increase in membrane expression incubated for 3 days followed by incubated with chemiluminescent HRP substrate measured after 15 mins by CSE-HRP assay,B,EC50,=,2118.0,nM,5.67,,2024,F508del,corrector
CHEMBL5410645,COCCN(C)c1ccc(-c2cc(C(=O)O)nc3c2c(C)nn3-c2ccccc2)cc1,CHEMBL4051,CHEMBL5335845,Cystic fibrosis transmembrane conductance regulator,CHEMBL5338162,Corrector activity at HRP-tagged CFTR F508del mutant in human CFBE41o- cells assessed as rescue trafficking by measuring increase in membrane expression incubated for 3 days followed by incubated with chemiluminescent HRP substrate measured after 15 mins by CSE-HRP assay,B,EC50,=,1494.0,nM,5.83,,2024,F508del,corrector
CHEMBL5435043,Cc1nn(-c2ccccc2)c2nc(C(=O)O)cc(-c3ccc(N(C)C4CCOCC4)cc3)c12,CHEMBL4051,CHEMBL5335845,Cystic fibrosis transmembrane conductance regulator,CHEMBL5338162,Corrector activity at HRP-tagged CFTR F508del mutant in human CFBE41o- cells assessed as rescue trafficking by measuring increase in membrane expression incubated for 3 days followed by incubated with chemiluminescent HRP substrate measured after 15 mins by CSE-HRP assay,B,EC50,=,705.0,nM,6.15,,2024,F508del,corrector
CHEMBL5434928,Cc1nn(-c2ccccc2)c2nc(C(=O)O)cc(-c3ccc(N4CCC(O)CC4)cc3)c12,CHEMBL4051,CHEMBL5335845,Cystic fibrosis transmembrane conductance regulator,CHEMBL5338162,Corrector activity at HRP-tagged CFTR F508del mutant in human CFBE41o- cells assessed as rescue trafficking by measuring increase in membrane expression incubated for 3 days followed by incubated with chemiluminescent HRP substrate measured after 15 mins by CSE-HRP assay,B,EC50,=,2903.0,nM,5.54,,2024,F508del,corrector
CHEMBL5425243,CC(=O)c1cc(-c2ccc(N3CCOCC3)cc2)c2c(C)nn(-c3ccccc3)c2n1,CHEMBL4051,CHEMBL5335845,Cystic fibrosis transmembrane conductance regulator,CHEMBL5338162,Corrector activity at HRP-tagged CFTR F508del mutant in human CFBE41o- cells assessed as rescue trafficking by measuring increase in membrane expression incubated for 3 days followed by incubated with chemiluminescent HRP substrate measured after 15 mins by CSE-HRP assay,B,EC50,=,10000.0,nM,5.00,,2024,F508del,corrector
CHEMBL5402039,Cc1nn(-c2ccccc2)c2nc(CO)cc(-c3ccc(N4CCOCC4)cc3)c12,CHEMBL4051,CHEMBL5335845,Cystic fibrosis transmembrane conductance regulator,CHEMBL5338162,Corrector activity at HRP-tagged CFTR F508del mutant in human CFBE41o- cells assessed as rescue trafficking by measuring increase in membrane expression incubated for 3 days followed by incubated with chemiluminescent HRP substrate measured after 15 mins by CSE-HRP assay,B,EC50,=,10000.0,nM,5.00,,2024,F508del,corrector
CHEMBL5401485,Cc1nn(-c2ccccc2)c2nc(C(C)O)cc(-c3ccc(N4CCOCC4)cc3)c12,CHEMBL4051,CHEMBL5335845,Cystic fibrosis transmembrane conductance regulator,CHEMBL5338162,Corrector activity at HRP-tagged CFTR F508del mutant in human CFBE41o- cells assessed as rescue trafficking by measuring increase in membrane expression incubated for 3 days followed by incubated with chemiluminescent HRP substrate measured after 15 mins by CSE-HRP assay,B,EC50,=,10000.0,nM,5.00,,2024,F508del,corrector
CHEMBL5399695,Cc1nn(-c2ccccc2)c2nc(C(C)(C)O)cc(-c3ccc(N4CCOCC4)cc3)c12,CHEMBL4051,CHEMBL5335845,Cystic fibrosis transmembrane conductance regulator,CHEMBL5338162,Corrector activity at HRP-tagged CFTR F508del mutant in human CFBE41o- cells assessed as rescue trafficking by measuring increase in membrane expression incubated for 3 days followed by incubated with chemiluminescent HRP substrate measured after 15 mins by CSE-HRP assay,B,EC50,=,10000.0,nM,5.00,,2024,F508del,corrector
CHEMBL5425750,Cc1nn(-c2ccccc2)c2nc(C(=O)NCC(F)(F)F)cc(-c3ccc(N4CCOCC4)cc3)c12,CHEMBL4051,CHEMBL5335845,Cystic fibrosis transmembrane conductance regulator,CHEMBL5338162,Corrector activity at HRP-tagged CFTR F508del mutant in human CFBE41o- cells assessed as rescue trafficking by measuring increase in membrane expression incubated for 3 days followed by incubated with chemiluminescent HRP substrate measured after 15 mins by CSE-HRP assay,B,EC50,=,10000.0,nM,5.00,,2024,F508del,corrector
CHEMBL5398816,COc1cc(-c2cc(-c3ccc(N4CCOCC4)cc3)c3c(C)nn(-c4ccccc4)c3n2)n[nH]1,CHEMBL4051,CHEMBL5335845,Cystic fibrosis transmembrane conductance regulator,CHEMBL5338162,Corrector activity at HRP-tagged CFTR F508del mutant in human CFBE41o- cells assessed as rescue trafficking by measuring increase in membrane expression incubated for 3 days followed by incubated with chemiluminescent HRP substrate measured after 15 mins by CSE-HRP assay,B,EC50,=,10000.0,nM,5.00,,2024,F508del,corrector
CHEMBL5430508,Cc1nn(-c2ccccc2)c2nc(CC(=O)O)cc(-c3ccc(N4CCOCC4)cc3)c12,CHEMBL4051,CHEMBL5335845,Cystic fibrosis transmembrane conductance regulator,CHEMBL5338162,Corrector activity at HRP-tagged CFTR F508del mutant in human CFBE41o- cells assessed as rescue trafficking by measuring increase in membrane expression incubated for 3 days followed by incubated with chemiluminescent HRP substrate measured after 15 mins by CSE-HRP assay,B,EC50,=,10000.0,nM,5.00,,2024,F508del,corrector
CHEMBL5424184,Cc1nn(-c2ccccc2)c2nc(C(=O)NC#N)cc(-c3ccc(N4CCOCC4)cc3)c12,CHEMBL4051,CHEMBL5335845,Cystic fibrosis transmembrane conductance regulator,CHEMBL5338162,Corrector activity at HRP-tagged CFTR F508del mutant in human CFBE41o- cells assessed as rescue trafficking by measuring increase in membrane expression incubated for 3 days followed by incubated with chemiluminescent HRP substrate measured after 15 mins by CSE-HRP assay,B,EC50,=,2979.0,nM,5.53,,2024,F508del,corrector
CHEMBL5436819,Cc1nn(-c2ccccc2)c2nc(C(=O)NS(C)(=O)=O)cc(-c3ccc(N4CCOCC4)cc3)c12,CHEMBL4051,CHEMBL5335845,Cystic fibrosis transmembrane conductance regulator,CHEMBL5338162,Corrector activity at HRP-tagged CFTR F508del mutant in human CFBE41o- cells assessed as rescue trafficking by measuring increase in membrane expression incubated for 3 days followed by incubated with chemiluminescent HRP substrate measured after 15 mins by CSE-HRP assay,B,EC50,=,1263.0,nM,5.90,,2024,F508del,corrector
CHEMBL5394166,CCS(=O)(=O)NC(=O)c1cc(-c2ccc(N3CCOCC3)cc2)c2c(C)nn(-c3ccccc3)c2n1,CHEMBL4051,CHEMBL5335845,Cystic fibrosis transmembrane conductance regulator,CHEMBL5338162,Corrector activity at HRP-tagged CFTR F508del mutant in human CFBE41o- cells assessed as rescue trafficking by measuring increase in membrane expression incubated for 3 days followed by incubated with chemiluminescent HRP substrate measured after 15 mins by CSE-HRP assay,B,EC50,=,465.0,nM,6.33,,2024,F508del,corrector
CHEMBL5418596,CS(=O)(=O)NC(=O)c1cc(-c2ccc(N3CCOCC3)cc2)c2c(C3CCC3)nn(-c3ccccc3)c2n1,CHEMBL4051,CHEMBL5335845,Cystic fibrosis transmembrane conductance regulator,CHEMBL5338162,Corrector activity at HRP-tagged CFTR F508del mutant in human CFBE41o- cells assessed as rescue trafficking by measuring increase in membrane expression incubated for 3 days followed by incubated with chemiluminescent HRP substrate measured after 15 mins by CSE-HRP assay,B,EC50,=,514.0,nM,6.29,,2024,F508del,corrector
CHEMBL5404658,COCCN(C)c1ccc(-c2cc(C(=O)O)nc3c2c(C2CCC2)nn3-c2ccccc2)cc1,CHEMBL4051,CHEMBL5335845,Cystic fibrosis transmembrane conductance regulator,CHEMBL5338162,Corrector activity at HRP-tagged CFTR F508del mutant in human CFBE41o- cells assessed as rescue trafficking by measuring increase in membrane expression incubated for 3 days followed by incubated with chemiluminescent HRP substrate measured after 15 mins by CSE-HRP assay,B,EC50,=,542.0,nM,6.27,,2024,F508del,corrector
CHEMBL5434270,COCCN(C)c1ccc(-c2cc(C(=O)NS(C)(=O)=O)nc3c2c(C2CCC2)nn3-c2ccccc2)cc1,CHEMBL4051,CHEMBL5335845,Cystic fibrosis transmembrane conductance regulator,CHEMBL5338162,Corrector activity at HRP-tagged CFTR F508del mutant in human CFBE41o- cells assessed as rescue trafficking by measuring increase in membrane expression incubated for 3 days followed by incubated with chemiluminescent HRP substrate measured after 15 mins by CSE-HRP assay,B,EC50,=,473.0,nM,6.33,,2024,F508del,corrector
CHEMBL5395827,COCCN(C)c1ccc(-c2cc(C(=O)O)nc3c2c(C2CCC2)nn3-c2ccccc2)cn1,CHEMBL4051,CHEMBL5335845,Cystic fibrosis transmembrane conductance regulator,CHEMBL5338162,Corrector activity at HRP-tagged CFTR F508del mutant in human CFBE41o- cells assessed as rescue trafficking by measuring increase in membrane expression incubated for 3 days followed by incubated with chemiluminescent HRP substrate measured after 15 mins by CSE-HRP assay,B,EC50,=,549.0,nM,6.26,,2024,F508del,corrector
CHEMBL5406344,COCCN(C)c1ccc(-c2cc(C(=O)NS(C)(=O)=O)nc3c2c(C2CCC2)nn3-c2ccccc2)cn1,CHEMBL4051,CHEMBL5335845,Cystic fibrosis transmembrane conductance regulator,CHEMBL5338162,Corrector activity at HRP-tagged CFTR F508del mutant in human CFBE41o- cells assessed as rescue trafficking by measuring increase in membrane expression incubated for 3 days followed by incubated with chemiluminescent HRP substrate measured after 15 mins by CSE-HRP assay,B,EC50,=,544.0,nM,6.26,,2024,F508del,corrector
CHEMBL5414290,N#CC1CCN(c2ccc(-c3cc(C(=O)O)nc4c3c(C3CCC3)nn4-c3ccccc3)cn2)CC1,CHEMBL4051,CHEMBL5335845,Cystic fibrosis transmembrane conductance regulator,CHEMBL5338162,Corrector activity at HRP-tagged CFTR F508del mutant in human CFBE41o- cells assessed as rescue trafficking by measuring increase in membrane expression incubated for 3 days followed by incubated with chemiluminescent HRP substrate measured after 15 mins by CSE-HRP assay,B,EC50,=,518.0,nM,6.29,,2024,F508del,corrector
CHEMBL5434572,CS(=O)(=O)NC(=O)c1cc(-c2ccc(N3CCC(C#N)CC3)nc2)c2c(C3CCC3)nn(-c3ccccc3)c2n1,CHEMBL4051,CHEMBL5335845,Cystic fibrosis transmembrane conductance regulator,CHEMBL5338162,Corrector activity at HRP-tagged CFTR F508del mutant in human CFBE41o- cells assessed as rescue trafficking by measuring increase in membrane expression incubated for 3 days followed by incubated with chemiluminescent HRP substrate measured after 15 mins by CSE-HRP assay,B,EC50,=,319.0,nM,6.50,,2024,F508del,corrector
CHEMBL5418392,CS(=O)(=O)NC(=O)c1cc(N2CCCCC2)c2c(C3CCC3)nn(-c3ccccc3)c2n1,CHEMBL4051,CHEMBL5335845,Cystic fibrosis transmembrane conductance regulator,CHEMBL5338162,Corrector activity at HRP-tagged CFTR F508del mutant in human CFBE41o- cells assessed as rescue trafficking by measuring increase in membrane expression incubated for 3 days followed by incubated with chemiluminescent HRP substrate measured after 15 mins by CSE-HRP assay,B,EC50,=,482.0,nM,6.32,,2024,F508del,corrector
CHEMBL5402996,COC1CCN(c2cc(C(=O)NS(C)(=O)=O)nc3c2c(C2CCC2)nn3-c2ccccc2)CC1,CHEMBL4051,CHEMBL5335845,Cystic fibrosis transmembrane conductance regulator,CHEMBL5338162,Corrector activity at HRP-tagged CFTR F508del mutant in human CFBE41o- cells assessed as rescue trafficking by measuring increase in membrane expression incubated for 3 days followed by incubated with chemiluminescent HRP substrate measured after 15 mins by CSE-HRP assay,B,EC50,=,238.0,nM,6.62,,2024,F508del,corrector
CHEMBL5435759,CS(=O)(=O)NC(=O)c1cc(N2CCC(C#N)CC2)c2c(C3CCC3)nn(-c3ccccc3)c2n1,CHEMBL4051,CHEMBL5335845,Cystic fibrosis transmembrane conductance regulator,CHEMBL5338162,Corrector activity at HRP-tagged CFTR F508del mutant in human CFBE41o- cells assessed as rescue trafficking by measuring increase in membrane expression incubated for 3 days followed by incubated with chemiluminescent HRP substrate measured after 15 mins by CSE-HRP assay,B,EC50,=,299.0,nM,6.52,,2024,F508del,corrector
CHEMBL5396697,CS(=O)(=O)NC(=O)c1cc(N2CCC(N3CCOCC3)CC2)c2c(C3CCC3)nn(-c3ccccc3)c2n1,CHEMBL4051,CHEMBL5335845,Cystic fibrosis transmembrane conductance regulator,CHEMBL5338162,Corrector activity at HRP-tagged CFTR F508del mutant in human CFBE41o- cells assessed as rescue trafficking by measuring increase in membrane expression incubated for 3 days followed by incubated with chemiluminescent HRP substrate measured after 15 mins by CSE-HRP assay,B,EC50,=,502.0,nM,6.30,,2024,F508del,corrector
CHEMBL5431766,CS(=O)(=O)NC(=O)c1cc(N2CCC(N3CCOCC3)CC2)c2c(C3CCC3)nn(-c3ccc(F)cc3)c2n1,CHEMBL4051,CHEMBL5335845,Cystic fibrosis transmembrane conductance regulator,CHEMBL5338162,Corrector activity at HRP-tagged CFTR F508del mutant in human CFBE41o- cells assessed as rescue trafficking by measuring increase in membrane expression incubated for 3 days followed by incubated with chemiluminescent HRP substrate measured after 15 mins by CSE-HRP assay,B,EC50,=,249.0,nM,6.60,,2024,F508del,corrector
CHEMBL5424437,CN(C)S(=O)(=O)NC(=O)c1cc(N2CCC(N3CCOCC3)CC2)c2c(C3CCC3)nn(-c3ccc(F)cc3)c2n1,CHEMBL4051,CHEMBL5335845,Cystic fibrosis transmembrane conductance regulator,CHEMBL5338162,Corrector activity at HRP-tagged CFTR F508del mutant in human CFBE41o- cells assessed as rescue trafficking by measuring increase in membrane expression incubated for 3 days followed by incubated with chemiluminescent HRP substrate measured after 15 mins by CSE-HRP assay,B,EC50,=,274.0,nM,6.56,,2024,F508del,corrector
CHEMBL5421982,COC1CCN(c2cc(C(=O)NS(=O)(=O)N(C)C)nc3c2c(C2CCC2)nn3-c2ccc(F)cc2)CC1,CHEMBL4051,CHEMBL5335845,Cystic fibrosis transmembrane conductance regulator,CHEMBL5338162,Corrector activity at HRP-tagged CFTR F508del mutant in human CFBE41o- cells assessed as rescue trafficking by measuring increase in membrane expression incubated for 3 days followed by incubated with chemiluminescent HRP substrate measured after 15 mins by CSE-HRP assay,B,EC50,=,695.0,nM,6.16,,2024,F508del,corrector
CHEMBL5438304,O=C(O)c1cc(-c2ccc(N3CCOCC3)cc2)c2c(C3CCC3)nn(-c3ccccc3)c2n1,CHEMBL4051,CHEMBL5335845,Cystic fibrosis transmembrane conductance regulator,CHEMBL5338168,Corrector activity at HRP-tagged CFTR F508del mutant in human CFBE41o- cells assessed as rescue trafficking by measuring increase in membrane expression incubated for 3 days in presence of compound 5 followed by incubated with chemiluminescent HRP substrate measured after 15 mins by CSE-HRP assay,B,EC50,=,406.0,nM,6.39,,2024,F508del,corrector
CHEMBL5418596,CS(=O)(=O)NC(=O)c1cc(-c2ccc(N3CCOCC3)cc2)c2c(C3CCC3)nn(-c3ccccc3)c2n1,CHEMBL4051,CHEMBL5335845,Cystic fibrosis transmembrane conductance regulator,CHEMBL5338168,Corrector activity at HRP-tagged CFTR F508del mutant in human CFBE41o- cells assessed as rescue trafficking by measuring increase in membrane expression incubated for 3 days in presence of compound 5 followed by incubated with chemiluminescent HRP substrate measured after 15 mins by CSE-HRP assay,B,EC50,=,145.0,nM,6.84,,2024,F508del,corrector
CHEMBL5404658,COCCN(C)c1ccc(-c2cc(C(=O)O)nc3c2c(C2CCC2)nn3-c2ccccc2)cc1,CHEMBL4051,CHEMBL5335845,Cystic fibrosis transmembrane conductance regulator,CHEMBL5338168,Corrector activity at HRP-tagged CFTR F508del mutant in human CFBE41o- cells assessed as rescue trafficking by measuring increase in membrane expression incubated for 3 days in presence of compound 5 followed by incubated with chemiluminescent HRP substrate measured after 15 mins by CSE-HRP assay,B,EC50,=,448.0,nM,6.35,,2024,F508del,corrector
CHEMBL5434270,COCCN(C)c1ccc(-c2cc(C(=O)NS(C)(=O)=O)nc3c2c(C2CCC2)nn3-c2ccccc2)cc1,CHEMBL4051,CHEMBL5335845,Cystic fibrosis transmembrane conductance regulator,CHEMBL5338168,Corrector activity at HRP-tagged CFTR F508del mutant in human CFBE41o- cells assessed as rescue trafficking by measuring increase in membrane expression incubated for 3 days in presence of compound 5 followed by incubated with chemiluminescent HRP substrate measured after 15 mins by CSE-HRP assay,B,EC50,=,271.0,nM,6.57,,2024,F508del,corrector
CHEMBL5395827,COCCN(C)c1ccc(-c2cc(C(=O)O)nc3c2c(C2CCC2)nn3-c2ccccc2)cn1,CHEMBL4051,CHEMBL5335845,Cystic fibrosis transmembrane conductance regulator,CHEMBL5338168,Corrector activity at HRP-tagged CFTR F508del mutant in human CFBE41o- cells assessed as rescue trafficking by measuring increase in membrane expression incubated for 3 days in presence of compound 5 followed by incubated with chemiluminescent HRP substrate measured after 15 mins by CSE-HRP assay,B,EC50,=,483.0,nM,6.32,,2024,F508del,corrector
CHEMBL5406344,COCCN(C)c1ccc(-c2cc(C(=O)NS(C)(=O)=O)nc3c2c(C2CCC2)nn3-c2ccccc2)cn1,CHEMBL4051,CHEMBL5335845,Cystic fibrosis transmembrane conductance regulator,CHEMBL5338168,Corrector activity at HRP-tagged CFTR F508del mutant in human CFBE41o- cells assessed as rescue trafficking by measuring increase in membrane expression incubated for 3 days in presence of compound 5 followed by incubated with chemiluminescent HRP substrate measured after 15 mins by CSE-HRP assay,B,EC50,=,251.0,nM,6.60,,2024,F508del,corrector
CHEMBL5414290,N#CC1CCN(c2ccc(-c3cc(C(=O)O)nc4c3c(C3CCC3)nn4-c3ccccc3)cn2)CC1,CHEMBL4051,CHEMBL5335845,Cystic fibrosis transmembrane conductance regulator,CHEMBL5338168,Corrector activity at HRP-tagged CFTR F508del mutant in human CFBE41o- cells assessed as rescue trafficking by measuring increase in membrane expression incubated for 3 days in presence of compound 5 followed by incubated with chemiluminescent HRP substrate measured after 15 mins by CSE-HRP assay,B,EC50,=,365.0,nM,6.44,,2024,F508del,corrector
CHEMBL5434572,CS(=O)(=O)NC(=O)c1cc(-c2ccc(N3CCC(C#N)CC3)nc2)c2c(C3CCC3)nn(-c3ccccc3)c2n1,CHEMBL4051,CHEMBL5335845,Cystic fibrosis transmembrane conductance regulator,CHEMBL5338168,Corrector activity at HRP-tagged CFTR F508del mutant in human CFBE41o- cells assessed as rescue trafficking by measuring increase in membrane expression incubated for 3 days in presence of compound 5 followed by incubated with chemiluminescent HRP substrate measured after 15 mins by CSE-HRP assay,B,EC50,=,166.0,nM,6.78,,2024,F508del,corrector
CHEMBL5418392,CS(=O)(=O)NC(=O)c1cc(N2CCCCC2)c2c(C3CCC3)nn(-c3ccccc3)c2n1,CHEMBL4051,CHEMBL5335845,Cystic fibrosis transmembrane conductance regulator,CHEMBL5338168,Corrector activity at HRP-tagged CFTR F508del mutant in human CFBE41o- cells assessed as rescue trafficking by measuring increase in membrane expression incubated for 3 days in presence of compound 5 followed by incubated with chemiluminescent HRP substrate measured after 15 mins by CSE-HRP assay,B,EC50,=,209.0,nM,6.68,,2024,F508del,corrector
CHEMBL5402996,COC1CCN(c2cc(C(=O)NS(C)(=O)=O)nc3c2c(C2CCC2)nn3-c2ccccc2)CC1,CHEMBL4051,CHEMBL5335845,Cystic fibrosis transmembrane conductance regulator,CHEMBL5338168,Corrector activity at HRP-tagged CFTR F508del mutant in human CFBE41o- cells assessed as rescue trafficking by measuring increase in membrane expression incubated for 3 days in presence of compound 5 followed by incubated with chemiluminescent HRP substrate measured after 15 mins by CSE-HRP assay,B,EC50,=,72.0,nM,7.14,,2024,F508del,corrector
CHEMBL5435759,CS(=O)(=O)NC(=O)c1cc(N2CCC(C#N)CC2)c2c(C3CCC3)nn(-c3ccccc3)c2n1,CHEMBL4051,CHEMBL5335845,Cystic fibrosis transmembrane conductance regulator,CHEMBL5338168,Corrector activity at HRP-tagged CFTR F508del mutant in human CFBE41o- cells assessed as rescue trafficking by measuring increase in membrane expression incubated for 3 days in presence of compound 5 followed by incubated with chemiluminescent HRP substrate measured after 15 mins by CSE-HRP assay,B,EC50,=,106.0,nM,6.97,,2024,F508del,corrector
CHEMBL5396697,CS(=O)(=O)NC(=O)c1cc(N2CCC(N3CCOCC3)CC2)c2c(C3CCC3)nn(-c3ccccc3)c2n1,CHEMBL4051,CHEMBL5335845,Cystic fibrosis transmembrane conductance regulator,CHEMBL5338168,Corrector activity at HRP-tagged CFTR F508del mutant in human CFBE41o- cells assessed as rescue trafficking by measuring increase in membrane expression incubated for 3 days in presence of compound 5 followed by incubated with chemiluminescent HRP substrate measured after 15 mins by CSE-HRP assay,B,EC50,=,147.0,nM,6.83,,2024,F508del,corrector
CHEMBL5431766,CS(=O)(=O)NC(=O)c1cc(N2CCC(N3CCOCC3)CC2)c2c(C3CCC3)nn(-c3ccc(F)cc3)c2n1,CHEMBL4051,CHEMBL5335845,Cystic fibrosis transmembrane conductance regulator,CHEMBL5338168,Corrector activity at HRP-tagged CFTR F508del mutant in human CFBE41o- cells assessed as rescue trafficking by measuring increase in membrane expression incubated for 3 days in presence of compound 5 followed by incubated with chemiluminescent HRP substrate measured after 15 mins by CSE-HRP assay,B,EC50,=,117.0,nM,6.93,,2024,F508del,corrector
CHEMBL5424437,CN(C)S(=O)(=O)NC(=O)c1cc(N2CCC(N3CCOCC3)CC2)c2c(C3CCC3)nn(-c3ccc(F)cc3)c2n1,CHEMBL4051,CHEMBL5335845,Cystic fibrosis transmembrane conductance regulator,CHEMBL5338168,Corrector activity at HRP-tagged CFTR F508del mutant in human CFBE41o- cells assessed as rescue trafficking by measuring increase in membrane expression incubated for 3 days in presence of compound 5 followed by incubated with chemiluminescent HRP substrate measured after 15 mins by CSE-HRP assay,B,EC50,=,109.0,nM,6.96,,2024,F508del,corrector
CHEMBL5421982,COC1CCN(c2cc(C(=O)NS(=O)(=O)N(C)C)nc3c2c(C2CCC2)nn3-c2ccc(F)cc2)CC1,CHEMBL4051,CHEMBL5335845,Cystic fibrosis transmembrane conductance regulator,CHEMBL5338168,Corrector activity at HRP-tagged CFTR F508del mutant in human CFBE41o- cells assessed as rescue trafficking by measuring increase in membrane expression incubated for 3 days in presence of compound 5 followed by incubated with chemiluminescent HRP substrate measured after 15 mins by CSE-HRP assay,B,EC50,=,273.0,nM,6.56,,2024,F508del,corrector
CHEMBL5435759,CS(=O)(=O)NC(=O)c1cc(N2CCC(C#N)CC2)c2c(C3CCC3)nn(-c3ccccc3)c2n1,CHEMBL4051,CHEMBL5335845,Cystic fibrosis transmembrane conductance regulator,CHEMBL5338170,Corrector activity at CFTR F508del mutant in forskolin-stimulated human bronchial epithelial cells derived from primary CF assessed as increase in membrane expression in presence of GLPG2222 by measuring change in Ieq preincubated for 24 hrs followed by measured for 20 mins for every 2 mins by transepithelial clamp circuit (TECC) assay,B,EC50,=,60.0,nM,7.22,,2024,F508del,corrector
CHEMBL5396697,CS(=O)(=O)NC(=O)c1cc(N2CCC(N3CCOCC3)CC2)c2c(C3CCC3)nn(-c3ccccc3)c2n1,CHEMBL4051,CHEMBL5335845,Cystic fibrosis transmembrane conductance regulator,CHEMBL5338170,Corrector activity at CFTR F508del mutant in forskolin-stimulated human bronchial epithelial cells derived from primary CF assessed as increase in membrane expression in presence of GLPG2222 by measuring change in Ieq preincubated for 24 hrs followed by measured for 20 mins for every 2 mins by transepithelial clamp circuit (TECC) assay,B,EC50,=,39.0,nM,7.41,,2024,F508del,corrector
CHEMBL5431766,CS(=O)(=O)NC(=O)c1cc(N2CCC(N3CCOCC3)CC2)c2c(C3CCC3)nn(-c3ccc(F)cc3)c2n1,CHEMBL4051,CHEMBL5335845,Cystic fibrosis transmembrane conductance regulator,CHEMBL5338170,Corrector activity at CFTR F508del mutant in forskolin-stimulated human bronchial epithelial cells derived from primary CF assessed as increase in membrane expression in presence of GLPG2222 by measuring change in Ieq preincubated for 24 hrs followed by measured for 20 mins for every 2 mins by transepithelial clamp circuit (TECC) assay,B,EC50,=,46.0,nM,7.34,,2024,F508del,corrector
CHEMBL5424437,CN(C)S(=O)(=O)NC(=O)c1cc(N2CCC(N3CCOCC3)CC2)c2c(C3CCC3)nn(-c3ccc(F)cc3)c2n1,CHEMBL4051,CHEMBL5335845,Cystic fibrosis transmembrane conductance regulator,CHEMBL5338170,Corrector activity at CFTR F508del mutant in forskolin-stimulated human bronchial epithelial cells derived from primary CF assessed as increase in membrane expression in presence of GLPG2222 by measuring change in Ieq preincubated for 24 hrs followed by measured for 20 mins for every 2 mins by transepithelial clamp circuit (TECC) assay,B,EC50,=,67.0,nM,7.17,,2024,F508del,corrector
CHEMBL5421982,COC1CCN(c2cc(C(=O)NS(=O)(=O)N(C)C)nc3c2c(C2CCC2)nn3-c2ccc(F)cc2)CC1,CHEMBL4051,CHEMBL5335845,Cystic fibrosis transmembrane conductance regulator,CHEMBL5338170,Corrector activity at CFTR F508del mutant in forskolin-stimulated human bronchial epithelial cells derived from primary CF assessed as increase in membrane expression in presence of GLPG2222 by measuring change in Ieq preincubated for 24 hrs followed by measured for 20 mins for every 2 mins by transepithelial clamp circuit (TECC) assay,B,EC50,=,47.0,nM,7.33,,2024,F508del,corrector
CHEMBL5434572,CS(=O)(=O)NC(=O)c1cc(-c2ccc(N3CCC(C#N)CC3)nc2)c2c(C3CCC3)nn(-c3ccccc3)c2n1,CHEMBL4051,CHEMBL5335845,Cystic fibrosis transmembrane conductance regulator,CHEMBL5338188,Corrector activity at CFTR F508del mutant in forskolin-stimulated human bronchial epithelial cells derived from primary CF assessed as GLPG1837-mediated potentiation of increase in membrane expression by measuring change in Ieq in presence of GLPG1837/GLPG2222 preincubated for 24 hrs followed by measured for 20 mins for every 2 mins by transepithelial clamp circuit (TECC) assay,B,EC50,=,158.49,nM,6.80,,2024,F508del,corrector
CHEMBL5396697,CS(=O)(=O)NC(=O)c1cc(N2CCC(N3CCOCC3)CC2)c2c(C3CCC3)nn(-c3ccccc3)c2n1,CHEMBL4051,CHEMBL5335845,Cystic fibrosis transmembrane conductance regulator,CHEMBL5338188,Corrector activity at CFTR F508del mutant in forskolin-stimulated human bronchial epithelial cells derived from primary CF assessed as GLPG1837-mediated potentiation of increase in membrane expression by measuring change in Ieq in presence of GLPG1837/GLPG2222 preincubated for 24 hrs followed by measured for 20 mins for every 2 mins by transepithelial clamp circuit (TECC) assay,B,EC50,=,125.89,nM,6.90,,2024,F508del,corrector
CHEMBL5424437,CN(C)S(=O)(=O)NC(=O)c1cc(N2CCC(N3CCOCC3)CC2)c2c(C3CCC3)nn(-c3ccc(F)cc3)c2n1,CHEMBL4051,CHEMBL5335845,Cystic fibrosis transmembrane conductance regulator,CHEMBL5338188,Corrector activity at CFTR F508del mutant in forskolin-stimulated human bronchial epithelial cells derived from primary CF assessed as GLPG1837-mediated potentiation of increase in membrane expression by measuring change in Ieq in presence of GLPG1837/GLPG2222 preincubated for 24 hrs followed by measured for 20 mins for every 2 mins by transepithelial clamp circuit (TECC) assay,B,EC50,=,63.1,nM,7.20,,2024,F508del,corrector
CHEMBL5421982,COC1CCN(c2cc(C(=O)NS(=O)(=O)N(C)C)nc3c2c(C2CCC2)nn3-c2ccc(F)cc2)CC1,CHEMBL4051,CHEMBL5335845,Cystic fibrosis transmembrane conductance regulator,CHEMBL5338188,Corrector activity at CFTR F508del mutant in forskolin-stimulated human bronchial epithelial cells derived from primary CF assessed as GLPG1837-mediated potentiation of increase in membrane expression by measuring change in Ieq in presence of GLPG1837/GLPG2222 preincubated for 24 hrs followed by measured for 20 mins for every 2 mins by transepithelial clamp circuit (TECC) assay,B,EC50,=,63.1,nM,7.20,,2024,F508del,corrector
CHEMBL5434572,CS(=O)(=O)NC(=O)c1cc(-c2ccc(N3CCC(C#N)CC3)nc2)c2c(C3CCC3)nn(-c3ccccc3)c2n1,CHEMBL4051,CHEMBL5335845,Cystic fibrosis transmembrane conductance regulator,CHEMBL5338188,Corrector activity at CFTR F508del mutant in forskolin-stimulated human bronchial epithelial cells derived from primary CF assessed as GLPG1837-mediated potentiation of increase in membrane expression by measuring change in Ieq in presence of GLPG1837/GLPG2222 preincubated for 24 hrs followed by measured for 20 mins for every 2 mins by transepithelial clamp circuit (TECC) assay,B,EC50,=,154.0,nM,6.81,,2024,F508del,corrector
CHEMBL5396697,CS(=O)(=O)NC(=O)c1cc(N2CCC(N3CCOCC3)CC2)c2c(C3CCC3)nn(-c3ccccc3)c2n1,CHEMBL4051,CHEMBL5335845,Cystic fibrosis transmembrane conductance regulator,CHEMBL5338188,Corrector activity at CFTR F508del mutant in forskolin-stimulated human bronchial epithelial cells derived from primary CF assessed as GLPG1837-mediated potentiation of increase in membrane expression by measuring change in Ieq in presence of GLPG1837/GLPG2222 preincubated for 24 hrs followed by measured for 20 mins for every 2 mins by transepithelial clamp circuit (TECC) assay,B,EC50,=,119.0,nM,6.92,,2024,F508del,corrector
CHEMBL5424437,CN(C)S(=O)(=O)NC(=O)c1cc(N2CCC(N3CCOCC3)CC2)c2c(C3CCC3)nn(-c3ccc(F)cc3)c2n1,CHEMBL4051,CHEMBL5335845,Cystic fibrosis transmembrane conductance regulator,CHEMBL5338188,Corrector activity at CFTR F508del mutant in forskolin-stimulated human bronchial epithelial cells derived from primary CF assessed as GLPG1837-mediated potentiation of increase in membrane expression by measuring change in Ieq in presence of GLPG1837/GLPG2222 preincubated for 24 hrs followed by measured for 20 mins for every 2 mins by transepithelial clamp circuit (TECC) assay,B,EC50,=,62.0,nM,7.21,,2024,F508del,corrector
CHEMBL5421982,COC1CCN(c2cc(C(=O)NS(=O)(=O)N(C)C)nc3c2c(C2CCC2)nn3-c2ccc(F)cc2)CC1,CHEMBL4051,CHEMBL5335845,Cystic fibrosis transmembrane conductance regulator,CHEMBL5338188,Corrector activity at CFTR F508del mutant in forskolin-stimulated human bronchial epithelial cells derived from primary CF assessed as GLPG1837-mediated potentiation of increase in membrane expression by measuring change in Ieq in presence of GLPG1837/GLPG2222 preincubated for 24 hrs followed by measured for 20 mins for every 2 mins by transepithelial clamp circuit (TECC) assay,B,EC50,=,71.0,nM,7.15,,2024,F508del,corrector
CHEMBL2010601,CC(C)(C)c1cc(C(C)(C)C)c(NC(=O)c2c[nH]c3ccccc3c2=O)cc1O,CHEMBL4051,CHEMBL5335845,Cystic fibrosis transmembrane conductance regulator,CHEMBL5338190,Corrector activity at CFTR F508del mutant in forskolin-stimulated human bronchial epithelial cells derived from primary CF assessed as increase in membrane expression by measuring change in Ieq preincubated for 24 hrs followed by measured for 20 mins for every 2 mins by transepithelial clamp circuit (TECC) assay,B,EC50,=,13.0,nM,7.89,,2024,F508del,corrector
CHEMBL2010601,CC(C)(C)c1cc(C(C)(C)C)c(NC(=O)c2c[nH]c3ccccc3c2=O)cc1O,CHEMBL4051,CHEMBL5335845,Cystic fibrosis transmembrane conductance regulator,CHEMBL5338190,Corrector activity at CFTR F508del mutant in forskolin-stimulated human bronchial epithelial cells derived from primary CF assessed as increase in membrane expression by measuring change in Ieq preincubated for 24 hrs followed by measured for 20 mins for every 2 mins by transepithelial clamp circuit (TECC) assay,B,EC50,=,12.59,nM,7.90,,2024,F508del,corrector
CHEMBL5406715,COc1cccc(Cn2c(C)ns/c2=N\C(=N\c2ccccc2)c2ccccc2)c1,CHEMBL4051,CHEMBL5346963,Cystic fibrosis transmembrane conductance regulator,CHEMBL5351143,Corrector activity at CFTR F508del mutant in human CFBE41o- cells coexpressing HS-YFP incubated for 25 mins by microplate reader based analysis,B,EC50,=,1200.0,nM,5.92,,2023,F508del,corrector
CHEMBL5429527,Cc1ns/c(=N\C(=N\c2ccccc2)c2ccccc2)n1Cc1cccc(O)c1,CHEMBL4051,CHEMBL5346963,Cystic fibrosis transmembrane conductance regulator,CHEMBL5351143,Corrector activity at CFTR F508del mutant in human CFBE41o- cells coexpressing HS-YFP incubated for 25 mins by microplate reader based analysis,B,EC50,=,1600.0,nM,5.80,,2023,F508del,corrector
CHEMBL5395987,Cc1ns/c(=N\C(=N\c2ccccc2)c2ccccc2)n1Cc1ccccc1,CHEMBL4051,CHEMBL5346963,Cystic fibrosis transmembrane conductance regulator,CHEMBL5351144,Corrector activity at CFTR F508del mutant in human CFBE41o- cells incubated for 25 mins by microplate reader based analysis,B,EC50,=,2600.0,nM,5.58,,2023,F508del,corrector
CHEMBL275084,CC(C)Cn1c(=O)n(C)c(=O)c2nc[nH]c21,CHEMBL4051,CHEMBL5356990,Cystic fibrosis transmembrane conductance regulator,CHEMBL5358791,Activation of wildtype CFTR in human Calu-3 cells,B,EC50,=,45000.0,nM,4.35,,2023,wildtype,activator
CHEMBL5437717,CC(C)Cn1c(=O)c2[nH]cnc2n(C)c1=O,CHEMBL4051,CHEMBL5356990,Cystic fibrosis transmembrane conductance regulator,CHEMBL5358791,Activation of wildtype CFTR in human Calu-3 cells,B,EC50,=,100000.0,nM,4.00,,2023,wildtype,activator
CHEMBL5428049,CCCn1cnc2c1N=CN1C2=N[C@](C)(C(=O)O)[C@@H](O)[C@@]1(C)O,CHEMBL4051,CHEMBL5356990,Cystic fibrosis transmembrane conductance regulator,CHEMBL5358792,Activation of wildtype CFTR (unknown origin) expressed in CHO cells,B,EC50,=,2100.0,nM,5.68,,2023,wildtype,activator
CHEMBL5420411,CCCn1cnc2c1N=CN1C2=N[C@](C)(C(=O)O)[C@H](O)[C@@]1(C)O,CHEMBL4051,CHEMBL5356990,Cystic fibrosis transmembrane conductance regulator,CHEMBL5358792,Activation of wildtype CFTR (unknown origin) expressed in CHO cells,B,EC50,=,2900.0,nM,5.54,,2023,wildtype,activator
CHEMBL175225,Oc1cc2cccc[n+]2c2c(Cl)cccc12.[Cl-],CHEMBL4051,CHEMBL5356990,Cystic fibrosis transmembrane conductance regulator,CHEMBL5358792,Activation of wildtype CFTR (unknown origin) expressed in CHO cells,B,EC50,=,141000.0,nM,,,2023,wildtype,activator
CHEMBL367928,Oc1cc2cccc[n+]2c2cccc(Cl)c12.[Cl-],CHEMBL4051,CHEMBL5356990,Cystic fibrosis transmembrane conductance regulator,CHEMBL5358792,Activation of wildtype CFTR (unknown origin) expressed in CHO cells,B,EC50,=,146000.0,nM,,,2023,wildtype,activator
CHEMBL174255,CCCCc1c(O)c2c(Cl)cccc2[n+]2ccccc12.[Cl-],CHEMBL4051,CHEMBL5356990,Cystic fibrosis transmembrane conductance regulator,CHEMBL5358792,Activation of wildtype CFTR (unknown origin) expressed in CHO cells,B,EC50,=,1700.0,nM,5.77,,2023,wildtype,activator
CHEMBL5429576,CC(C)c1ccc(NC(=O)[C@H](c2ccccc2)N(C)C(=O)Cc2c[nH]c3ccccc23)cc1,CHEMBL4051,CHEMBL5356990,Cystic fibrosis transmembrane conductance regulator,CHEMBL5358793,Activation of CFTR (unknown origin),B,EC50,=,70.0,nM,7.16,,2023,unspecified,activator
CHEMBL28,O=c1cc(-c2ccc(O)cc2)oc2cc(O)cc(O)c12,CHEMBL4051,CHEMBL5356990,Cystic fibrosis transmembrane conductance regulator,CHEMBL5358794,Binding affinity at human wildtype CFTR assessed as inhibition constant by fluorescence based analysis,B,Ki,=,4800.0,nM,5.32,,2023,wildtype,unspecified
CHEMBL5423437,O=c1cc(-c2ccncc2)oc2c1cc(-c1ccco1)c1ccccc12,CHEMBL4051,CHEMBL5356990,Cystic fibrosis transmembrane conductance regulator,CHEMBL5358794,Binding affinity at human wildtype CFTR assessed as inhibition constant by fluorescence based analysis,B,Ki,=,1700.0,nM,5.77,,2023,wildtype,unspecified
CHEMBL3354672,O=C(c1c[nH]c2ccccc2c1=O)N(Cc1ccccc1)Cc1ccccc1,CHEMBL4051,CHEMBL5356990,Cystic fibrosis transmembrane conductance regulator,CHEMBL5358795,Potentiation of CFTR F508del mutant (unknown origin) expressed in NIH3T3 cells,B,EC50,=,2100.0,nM,5.68,,2023,F508del,potentiator
CHEMBL4086433,Nc1ccc([N+](=O)[O-])cc1-c1nc2ccccc2n(Cc2ccccc2)c1=O,CHEMBL4051,CHEMBL5356990,Cystic fibrosis transmembrane conductance regulator,CHEMBL5358796,Activation of human wildtype CFTR expressed in rat FRT cells by patch clamp analysis,B,EC50,~,200.0,nM,,,2023,wildtype,activator
CHEMBL175225,Oc1cc2cccc[n+]2c2c(Cl)cccc12.[Cl-],CHEMBL4051,CHEMBL5356990,Cystic fibrosis transmembrane conductance regulator,CHEMBL5358797,Activation of wildtype CFTR G551D mutant (unknown origin) expressed in CHO cells,B,EC50,>,200000.0,nM,,,2023,wildtype,activator
CHEMBL367928,Oc1cc2cccc[n+]2c2cccc(Cl)c12.[Cl-],CHEMBL4051,CHEMBL5356990,Cystic fibrosis transmembrane conductance regulator,CHEMBL5358797,Activation of wildtype CFTR G551D mutant (unknown origin) expressed in CHO cells,B,EC50,>,200000.0,nM,,,2023,wildtype,activator
CHEMBL174255,CCCCc1c(O)c2c(Cl)cccc2[n+]2ccccc12.[Cl-],CHEMBL4051,CHEMBL5356990,Cystic fibrosis transmembrane conductance regulator,CHEMBL5358797,Activation of wildtype CFTR G551D mutant (unknown origin) expressed in CHO cells,B,EC50,=,750.0,nM,6.12,,2023,wildtype,activator
CHEMBL4086433,Nc1ccc([N+](=O)[O-])cc1-c1nc2ccccc2n(Cc2ccccc2)c1=O,CHEMBL4051,CHEMBL5356990,Cystic fibrosis transmembrane conductance regulator,CHEMBL5358802,Activation of human CFTR expressed in rat FRT cells,B,EC50,=,138.0,nM,6.86,,2023,unspecified,activator
CHEMBL4100901,CCN(CC)c1nc(Nc2ccccc2)nc(OC(C(F)(F)F)C(F)(F)F)n1,CHEMBL4051,CHEMBL5356990,Cystic fibrosis transmembrane conductance regulator,CHEMBL5358802,Activation of human CFTR expressed in rat FRT cells,B,EC50,=,251.0,nM,6.60,,2023,unspecified,activator
CHEMBL5412406,Cc1cc(C)cc(/N=C2/NC(=O)/C(=C/c3ccc(O)cc3)S2)c1,CHEMBL4051,CHEMBL5356990,Cystic fibrosis transmembrane conductance regulator,CHEMBL5358802,Activation of human CFTR expressed in rat FRT cells,B,EC50,=,332.0,nM,6.48,,2023,unspecified,activator
CHEMBL1449253,COc1ccc(Cc2nnc(NC(=O)Cc3cccs3)s2)cc1OC,CHEMBL4051,CHEMBL5356990,Cystic fibrosis transmembrane conductance regulator,CHEMBL5358802,Activation of human CFTR expressed in rat FRT cells,B,EC50,=,685.0,nM,6.16,,2023,unspecified,activator
CHEMBL4637667,COc1ccccc1CC(=O)Nc1nnc(Cc2ccc(OC)c(OC)c2)s1,CHEMBL4051,CHEMBL5356990,Cystic fibrosis transmembrane conductance regulator,CHEMBL5358802,Activation of human CFTR expressed in rat FRT cells,B,EC50,=,340.0,nM,6.47,,2023,unspecified,activator
CHEMBL5407009,CCOc1ccccc1CC(=O)Nc1nnc(Cc2ccc(OC)c(OC)c2)s1,CHEMBL4051,CHEMBL5356990,Cystic fibrosis transmembrane conductance regulator,CHEMBL5358802,Activation of human CFTR expressed in rat FRT cells,B,EC50,=,377.0,nM,6.42,,2023,unspecified,activator
CHEMBL5425079,COc1ccc(Cc2nnc(NC(=O)Cc3c(F)cccc3Cl)s2)cc1OC,CHEMBL4051,CHEMBL5356990,Cystic fibrosis transmembrane conductance regulator,CHEMBL5358802,Activation of human CFTR expressed in rat FRT cells,B,EC50,=,571.0,nM,6.24,,2023,unspecified,activator
CHEMBL5417364,O=C(c1cccs1)N1N=C(c2ccccc2)CC1c1ccccc1[N+](=O)[O-],CHEMBL4051,CHEMBL5356990,Cystic fibrosis transmembrane conductance regulator,CHEMBL5358802,Activation of human CFTR expressed in rat FRT cells,B,EC50,=,385.0,nM,6.42,,2023,unspecified,activator
CHEMBL4089490,CNc1nc(Nc2ccc([N+](=O)[O-])cc2)nc(OCC(F)(F)C(F)F)n1,CHEMBL4051,CHEMBL5356990,Cystic fibrosis transmembrane conductance regulator,CHEMBL5358802,Activation of human CFTR expressed in rat FRT cells,B,EC50,=,70.0,nM,7.16,,2023,unspecified,activator
CHEMBL5413245,CNc1nc(Nc2cccc([N+](=O)[O-])c2)nc(OCC(F)(F)F)n1,CHEMBL4051,CHEMBL5356990,Cystic fibrosis transmembrane conductance regulator,CHEMBL5358802,Activation of human CFTR expressed in rat FRT cells,B,EC50,=,400.0,nM,6.40,,2023,unspecified,activator
CHEMBL5425003,CC/N=C1\S/C(=C\c2ccc3c(c2)OCO3)C(=O)N1CC,CHEMBL4051,CHEMBL5356990,Cystic fibrosis transmembrane conductance regulator,CHEMBL5358802,Activation of human CFTR expressed in rat FRT cells,B,EC50,=,2000.0,nM,5.70,,2023,unspecified,activator
CHEMBL4079174,CNc1nc(Nc2ccccc2)nc(OCC(F)(F)C(F)F)n1,CHEMBL4051,CHEMBL5356990,Cystic fibrosis transmembrane conductance regulator,CHEMBL5358803,Activation of human wildtype CFTR,B,EC50,~,30.0,nM,,,2023,wildtype,activator
CHEMBL5427087,CCc1nnc2n1N=C(c1ccc(OC)c(OC)c1)CS2,CHEMBL4051,CHEMBL5390239,Cystic fibrosis transmembrane conductance regulator,CHEMBL5391415,Potentiation of CFTR G551D mutant (unknown origin) expressed in FRT cells assessed as increase in chloride current in presence of VX-770 by voltage clamp electrophysiology recording,B,EC50,~,940.0,nM,,,2023,G551D,potentiator
CHEMBL5532317,N=C(N)NCCC[C@@H]1NCc2ccccc2Sc2ccccc2CNC(=O)[C@H](Cc2ccc(O)cc2)NC(=O)[C@H](CCCN)NC1=O,CHEMBL4051,CHEMBL5505953,Cystic fibrosis transmembrane conductance regulator,CHEMBL5506224,Inhibition of CFTR (unknown origin),B,IC50,=,36100.0,nM,4.44,,2024,unspecified,unspecified
CHEMBL3354673,O=C(Nc1ccc2cc[nH]c2c1)c1c[nH]c2ccccc2c1=O,CHEMBL4051,CHEMBL5523680,Cystic fibrosis transmembrane conductance regulator,CHEMBL5524057,Potentiation of CFTR G551D mutant (unknown origin) expressed in FRT cells,B,EC50,=,100.0,nM,7.00,,2024,G551D,potentiator
CHEMBL2010601,CC(C)(C)c1cc(C(C)(C)C)c(NC(=O)c2c[nH]c3ccccc3c2=O)cc1O,CHEMBL4051,CHEMBL5523680,Cystic fibrosis transmembrane conductance regulator,CHEMBL5524058,Potentiation of CFTR F508del mutant (unknown origin),B,EC50,=,49.0,nM,7.31,,2024,F508del,potentiator
CHEMBL210832,NC(=O)c1c(NC(=O)c2ccccc2Cl)sc2c1CCCC2,CHEMBL4051,CHEMBL5523680,Cystic fibrosis transmembrane conductance regulator,CHEMBL5524058,Potentiation of CFTR F508del mutant (unknown origin),B,EC50,=,326.0,nM,6.49,,2024,F508del,potentiator
CHEMBL5561238,CCCCN1CC(S(=O)(=O)Nc2ccc(CC)cc2)c2cccnc21,CHEMBL4051,CHEMBL5523680,Cystic fibrosis transmembrane conductance regulator,CHEMBL5524059,Potentiation of CFTR N1303K mutant (unknown origin) transfected in mouse FRT cells in presence of forskolin/VX-770,B,EC50,=,1900.0,nM,5.72,,2024,N1303K,potentiator
CHEMBL5561238,CCCCN1CC(S(=O)(=O)Nc2ccc(CC)cc2)c2cccnc21,CHEMBL4051,CHEMBL5523680,Cystic fibrosis transmembrane conductance regulator,CHEMBL5524060,Potentiation of CFTR W1282X mutant (unknown origin) transfected in mouse FRT cells in presence of forskolin/VX-770,B,EC50,=,1000.0,nM,6.00,,2024,W1282X,potentiator
CHEMBL28,O=c1cc(-c2ccc(O)cc2)oc2cc(O)cc(O)c12,CHEMBL4051,CHEMBL5523680,Cystic fibrosis transmembrane conductance regulator,CHEMBL5524062,Potentiation of CFTR N1303K mutant (unknown origin) expressed in FRT cells assessed as increase in CFTR mutant activity,B,EC50,=,10800.0,nM,4.97,,2024,N1303K,potentiator
CHEMBL3647439,Cc1ncccc1CNC(=O)c1ccc2c(c1)CC[C@@H]1C[C@@](O)(CCC(F)(F)F)CC[C@@]21Cc1ccccc1,CHEMBL4051,CHEMBL5523680,Cystic fibrosis transmembrane conductance regulator,CHEMBL5524063,Potentiation of CFTR F508del mutant (unknown origin) in FRT cells assessed as rescue of CFTR mutant incubated for 24 hrs in presence of VX-770,B,EC50,=,400.0,nM,6.40,,2024,F508del,potentiator
CHEMBL1257047,COc1ccc(S(=O)(=O)N2CCN(C(C)c3nc(OC4CCCCC4)c4ccccc4n3)CC2)cc1,CHEMBL4051,CHEMBL5523680,Cystic fibrosis transmembrane conductance regulator,CHEMBL5524064,Potentiation of CFTR F508del mutant (unknown origin) expressed in NIH3T3 cells,B,EC50,=,3300.0,nM,5.48,,2024,F508del,potentiator
CHEMBL4176184,O=C(Nc1ncc(Cc2ccccc2Cl)s1)C(c1ccccc1)c1ccccc1,CHEMBL4051,CHEMBL5523680,Cystic fibrosis transmembrane conductance regulator,CHEMBL5524064,Potentiation of CFTR F508del mutant (unknown origin) expressed in NIH3T3 cells,B,EC50,=,7000.0,nM,5.16,,2024,F508del,potentiator
CHEMBL3544914,CC(C)(CO)c1cc2cc(NC(=O)C3(c4ccc5c(c4)OC(F)(F)O5)CC3)c(F)cc2n1C[C@@H](O)CO,CHEMBL4051,CHEMBL5523680,Cystic fibrosis transmembrane conductance regulator,CHEMBL5524064,Potentiation of CFTR F508del mutant (unknown origin) expressed in NIH3T3 cells,B,EC50,=,1100.0,nM,5.96,,2024,F508del,potentiator
CHEMBL4176184,O=C(Nc1ncc(Cc2ccccc2Cl)s1)C(c1ccccc1)c1ccccc1,CHEMBL4051,CHEMBL5523680,Cystic fibrosis transmembrane conductance regulator,CHEMBL5524065,Corrector activity at wild type CFTR F508del mutant (unknown origin) expressed in BHK cells assessed as increase in chloride secretion by Western blot analysis,B,EC50,=,81.0,nM,7.09,,2024,wild type,corrector
CHEMBL1742186,O=P(O)(CCP(=O)(O)c1ccccc1)c1ccccc1,CHEMBL4051,CHEMBL5523680,Cystic fibrosis transmembrane conductance regulator,CHEMBL5524066,Activation of CFTR F508del mutant (unknown origin),B,EC50,=,1000.0,nM,6.00,,2024,F508del,activator
CHEMBL5554989,Cc1ccc(S(=O)(=O)Nc2nc3ccccc3nc2C2CCOCC2)cc1,CHEMBL4051,CHEMBL5523680,Cystic fibrosis transmembrane conductance regulator,CHEMBL5524066,Activation of CFTR F508del mutant (unknown origin),B,EC50,=,930.0,nM,6.03,,2024,F508del,activator
CHEMBL5560928,OC(C1=NC(c2ccc(Br)cc2)NN1)c1ccccc1Br,CHEMBL4051,CHEMBL5523680,Cystic fibrosis transmembrane conductance regulator,CHEMBL5524066,Activation of CFTR F508del mutant (unknown origin),B,EC50,=,3000.0,nM,5.52,,2024,F508del,activator
CHEMBL5566827,OC(C1=NC(c2ccc(Br)cc2)NN1)c1ccc(Br)cc1,CHEMBL4051,CHEMBL5523680,Cystic fibrosis transmembrane conductance regulator,CHEMBL5524066,Activation of CFTR F508del mutant (unknown origin),B,EC50,=,2700.0,nM,5.57,,2024,F508del,activator
CHEMBL5542877,OCc1cccc(N2C=CN(c3ccccc3)N2)c1,CHEMBL4051,CHEMBL5523680,Cystic fibrosis transmembrane conductance regulator,CHEMBL5524066,Activation of CFTR F508del mutant (unknown origin),B,EC50,=,1900.0,nM,5.72,,2024,F508del,activator
CHEMBL5557028,OC(C1=CNNN1c1ccc(Br)cc1)c1ccccc1Br,CHEMBL4051,CHEMBL5523680,Cystic fibrosis transmembrane conductance regulator,CHEMBL5524066,Activation of CFTR F508del mutant (unknown origin),B,EC50,=,4200.0,nM,5.38,,2024,F508del,activator
CHEMBL5592086,Cc1nc(-n2nc(-c3cccs3)cc2NC(=O)C2(c3ccc(Cl)cc3)CCCC2)[nH]c(=O)c1C,CHEMBL4051,CHEMBL5576150,Cystic fibrosis transmembrane conductance regulator,CHEMBL5579476,"Corrector activity at 3xHA-tagged full-length human CFTR F508del mutant expressed in human CFBE41o- cells assessed as restoration of plasma membrane density of channel incubated for 24 hrs in presence of VX-809/N-(5-(4-fluorobenzyl)thiazol-2-yl)-2,5-dimethylfuran-3-carboxamide by ELISA",B,EC50,=,1790.0,nM,5.75,,2024,F508del,corrector
CHEMBL5595721,O=C(Nc1cc(-c2cccs2)nn1-c1nc2c(c(=O)[nH]1)CCCC2)C1(c2ccc(Cl)cc2)CCCC1,CHEMBL4051,CHEMBL5576150,Cystic fibrosis transmembrane conductance regulator,CHEMBL5579476,"Corrector activity at 3xHA-tagged full-length human CFTR F508del mutant expressed in human CFBE41o- cells assessed as restoration of plasma membrane density of channel incubated for 24 hrs in presence of VX-809/N-(5-(4-fluorobenzyl)thiazol-2-yl)-2,5-dimethylfuran-3-carboxamide by ELISA",B,EC50,=,3050.0,nM,5.52,,2024,F508del,corrector
CHEMBL2093812,Cc1cc(=O)[nH]c(-n2nc(-c3cccs3)cc2NC(=O)C2(c3ccc(Cl)cc3)CCCC2)n1,CHEMBL4051,CHEMBL5576150,Cystic fibrosis transmembrane conductance regulator,CHEMBL5579476,"Corrector activity at 3xHA-tagged full-length human CFTR F508del mutant expressed in human CFBE41o- cells assessed as restoration of plasma membrane density of channel incubated for 24 hrs in presence of VX-809/N-(5-(4-fluorobenzyl)thiazol-2-yl)-2,5-dimethylfuran-3-carboxamide by ELISA",B,EC50,=,6830.0,nM,5.17,,2024,F508del,corrector
CHEMBL5595700,Cc1nc(-n2nc(-c3ccccc3)cc2NC(=O)C(C)(C)Oc2ccc(Cl)cc2)[nH]c(=O)c1C,CHEMBL4051,CHEMBL5576150,Cystic fibrosis transmembrane conductance regulator,CHEMBL5579476,"Corrector activity at 3xHA-tagged full-length human CFTR F508del mutant expressed in human CFBE41o- cells assessed as restoration of plasma membrane density of channel incubated for 24 hrs in presence of VX-809/N-(5-(4-fluorobenzyl)thiazol-2-yl)-2,5-dimethylfuran-3-carboxamide by ELISA",B,EC50,=,6030.0,nM,5.22,,2024,F508del,corrector
CHEMBL5593448,CC(C)(Oc1ccc(Cl)cc1)C(=O)Nc1cc(-c2cccs2)nn1-c1nc2c(c(=O)[nH]1)CCCC2,CHEMBL4051,CHEMBL5576150,Cystic fibrosis transmembrane conductance regulator,CHEMBL5579476,"Corrector activity at 3xHA-tagged full-length human CFTR F508del mutant expressed in human CFBE41o- cells assessed as restoration of plasma membrane density of channel incubated for 24 hrs in presence of VX-809/N-(5-(4-fluorobenzyl)thiazol-2-yl)-2,5-dimethylfuran-3-carboxamide by ELISA",B,EC50,=,6160.0,nM,5.21,,2024,F508del,corrector
CHEMBL5613892,CCOC(=O)c1c(Cl)c2c(n1Cc1cccc(C)c1)-c1nc(NS(=O)(=O)c3ccccc3)ncc1CC2,CHEMBL4051,CHEMBL5608218,Cystic fibrosis transmembrane conductance regulator,CHEMBL5610592,Corrector activity at CFTR F508del mutant (unknown origin) expressed in human CFBE41o- cells co-expressing halide-sensitive yellow fluorescent protein assessed as increase in iodide influx preincubated with compound for 24 hrs followed by compound washout and measured after 30 mins of stimulation with forskolin/genistein by fluorescence microplate reader,B,EC50,=,3140.0,nM,5.50,,2024,F508del,corrector
CHEMBL5613343,CCOC(=O)c1c(Br)c2c(n1Cc1cccc(Br)c1)-c1nc(NS(=O)(=O)c3ccccc3)ncc1CC2,CHEMBL4051,CHEMBL5608218,Cystic fibrosis transmembrane conductance regulator,CHEMBL5610592,Corrector activity at CFTR F508del mutant (unknown origin) expressed in human CFBE41o- cells co-expressing halide-sensitive yellow fluorescent protein assessed as increase in iodide influx preincubated with compound for 24 hrs followed by compound washout and measured after 30 mins of stimulation with forskolin/genistein by fluorescence microplate reader,B,EC50,=,3080.0,nM,5.51,,2024,F508del,corrector
CHEMBL5612129,CCOC(=O)c1c(Br)c2c(n1Cc1cccc(C)c1)-c1[nH]c(=O)c(S(=O)(=O)c3ccccc3)cc1CC2,CHEMBL4051,CHEMBL5608218,Cystic fibrosis transmembrane conductance regulator,CHEMBL5610592,Corrector activity at CFTR F508del mutant (unknown origin) expressed in human CFBE41o- cells co-expressing halide-sensitive yellow fluorescent protein assessed as increase in iodide influx preincubated with compound for 24 hrs followed by compound washout and measured after 30 mins of stimulation with forskolin/genistein by fluorescence microplate reader,B,EC50,=,750.0,nM,6.12,,2024,F508del,corrector
CHEMBL5613892,CCOC(=O)c1c(Cl)c2c(n1Cc1cccc(C)c1)-c1nc(NS(=O)(=O)c3ccccc3)ncc1CC2,CHEMBL4051,CHEMBL5608218,Cystic fibrosis transmembrane conductance regulator,CHEMBL5610593,Corrector activity at CFTR F508del mutant (unknown origin) expressed in human CFBE41o- cells co-expressing halide-sensitive yellow fluorescent protein assessed as increase in iodide influx preincubated with compound for 24 hrs in presence of VX-809 followed by compound washout and measured after 30 mins of stimulation with forskolin/genistein by fluorescence microplate reader,B,EC50,=,1880.0,nM,5.73,,2024,F508del,corrector
CHEMBL5613343,CCOC(=O)c1c(Br)c2c(n1Cc1cccc(Br)c1)-c1nc(NS(=O)(=O)c3ccccc3)ncc1CC2,CHEMBL4051,CHEMBL5608218,Cystic fibrosis transmembrane conductance regulator,CHEMBL5610593,Corrector activity at CFTR F508del mutant (unknown origin) expressed in human CFBE41o- cells co-expressing halide-sensitive yellow fluorescent protein assessed as increase in iodide influx preincubated with compound for 24 hrs in presence of VX-809 followed by compound washout and measured after 30 mins of stimulation with forskolin/genistein by fluorescence microplate reader,B,EC50,=,2120.0,nM,5.67,,2024,F508del,corrector
CHEMBL5612129,CCOC(=O)c1c(Br)c2c(n1Cc1cccc(C)c1)-c1[nH]c(=O)c(S(=O)(=O)c3ccccc3)cc1CC2,CHEMBL4051,CHEMBL5608218,Cystic fibrosis transmembrane conductance regulator,CHEMBL5610593,Corrector activity at CFTR F508del mutant (unknown origin) expressed in human CFBE41o- cells co-expressing halide-sensitive yellow fluorescent protein assessed as increase in iodide influx preincubated with compound for 24 hrs in presence of VX-809 followed by compound washout and measured after 30 mins of stimulation with forskolin/genistein by fluorescence microplate reader,B,EC50,=,450.0,nM,6.35,,2024,F508del,corrector
CHEMBL4472545,Cc1nc2ccc(N(C)C(=O)Cn3nc(-c4cccc(Cl)c4)c4ccccc4c3=O)cc2o1,CHEMBL4051,CHEMBL5725336,Cystic fibrosis transmembrane conductance regulator,CHEMBL5730587,"CFTR-YFP Assay: This protocol is designed to selectively screen small molecule compounds for F508del CFTR corrector activities in the YFP (yellow fluorescent protein) flux assay. In this protocol, the cells are incubated with testing compounds for 24 hours, washed with PBS, stimulated with forskolin and a standard potentiator, and fluorescence in each plate well is measured kinetically read on a 384-well plate reader, such as the Hamamatsu FDSS-6000. YFP fluorescence intensity values are acquired at high speed before and after iodide buffer is injected to the assay cells. Iodide enters the cells via active CFTR channels in the plasma membrane, and quenches the YFP fluorescence. The rate of fluorescence quenching is proportionate to the total CFTR activity in the cell membrane. F508del CFTR correctors increase the number of CFTR molecules in the testing cell plasma membrane, and thereby accelerate YFP quenching.",B,EC50,<,10000.0,nM,,467212,2017,F508del,corrector
CHEMBL5978878,Cc1nc2ccc(N(C)C(=O)Cn3nc(-c4cccc(F)c4)c4ccccc4c3=O)cc2o1,CHEMBL4051,CHEMBL5725336,Cystic fibrosis transmembrane conductance regulator,CHEMBL5730587,"CFTR-YFP Assay: This protocol is designed to selectively screen small molecule compounds for F508del CFTR corrector activities in the YFP (yellow fluorescent protein) flux assay. In this protocol, the cells are incubated with testing compounds for 24 hours, washed with PBS, stimulated with forskolin and a standard potentiator, and fluorescence in each plate well is measured kinetically read on a 384-well plate reader, such as the Hamamatsu FDSS-6000. YFP fluorescence intensity values are acquired at high speed before and after iodide buffer is injected to the assay cells. Iodide enters the cells via active CFTR channels in the plasma membrane, and quenches the YFP fluorescence. The rate of fluorescence quenching is proportionate to the total CFTR activity in the cell membrane. F508del CFTR correctors increase the number of CFTR molecules in the testing cell plasma membrane, and thereby accelerate YFP quenching.",B,EC50,=,15000.0,nM,4.82,467213,2017,F508del,corrector
CHEMBL5954796,COc1ccc2c(-c3cccc(F)c3)nn(CC(=O)N(C)c3ccc4nc(C)oc4c3)c(=O)c2c1,CHEMBL4051,CHEMBL5725336,Cystic fibrosis transmembrane conductance regulator,CHEMBL5730587,"CFTR-YFP Assay: This protocol is designed to selectively screen small molecule compounds for F508del CFTR corrector activities in the YFP (yellow fluorescent protein) flux assay. In this protocol, the cells are incubated with testing compounds for 24 hours, washed with PBS, stimulated with forskolin and a standard potentiator, and fluorescence in each plate well is measured kinetically read on a 384-well plate reader, such as the Hamamatsu FDSS-6000. YFP fluorescence intensity values are acquired at high speed before and after iodide buffer is injected to the assay cells. Iodide enters the cells via active CFTR channels in the plasma membrane, and quenches the YFP fluorescence. The rate of fluorescence quenching is proportionate to the total CFTR activity in the cell membrane. F508del CFTR correctors increase the number of CFTR molecules in the testing cell plasma membrane, and thereby accelerate YFP quenching.",B,EC50,=,15000.0,nM,4.82,467214,2017,F508del,corrector
CHEMBL5933617,COc1ccc2c(-c3cccc(Cl)c3)nn(CC(=O)N(C)c3ccc4nc(C)oc4c3)c(=O)c2c1,CHEMBL4051,CHEMBL5725336,Cystic fibrosis transmembrane conductance regulator,CHEMBL5730587,"CFTR-YFP Assay: This protocol is designed to selectively screen small molecule compounds for F508del CFTR corrector activities in the YFP (yellow fluorescent protein) flux assay. In this protocol, the cells are incubated with testing compounds for 24 hours, washed with PBS, stimulated with forskolin and a standard potentiator, and fluorescence in each plate well is measured kinetically read on a 384-well plate reader, such as the Hamamatsu FDSS-6000. YFP fluorescence intensity values are acquired at high speed before and after iodide buffer is injected to the assay cells. Iodide enters the cells via active CFTR channels in the plasma membrane, and quenches the YFP fluorescence. The rate of fluorescence quenching is proportionate to the total CFTR activity in the cell membrane. F508del CFTR correctors increase the number of CFTR molecules in the testing cell plasma membrane, and thereby accelerate YFP quenching.",B,EC50,<,10000.0,nM,,467215,2017,F508del,corrector
CHEMBL5826172,COc1ccc2c(-c3cccc(Cl)c3)nn(CC(=O)N(c3ccc4nc(C)oc4c3)C3CC3)c(=O)c2c1,CHEMBL4051,CHEMBL5725336,Cystic fibrosis transmembrane conductance regulator,CHEMBL5730587,"CFTR-YFP Assay: This protocol is designed to selectively screen small molecule compounds for F508del CFTR corrector activities in the YFP (yellow fluorescent protein) flux assay. In this protocol, the cells are incubated with testing compounds for 24 hours, washed with PBS, stimulated with forskolin and a standard potentiator, and fluorescence in each plate well is measured kinetically read on a 384-well plate reader, such as the Hamamatsu FDSS-6000. YFP fluorescence intensity values are acquired at high speed before and after iodide buffer is injected to the assay cells. Iodide enters the cells via active CFTR channels in the plasma membrane, and quenches the YFP fluorescence. The rate of fluorescence quenching is proportionate to the total CFTR activity in the cell membrane. F508del CFTR correctors increase the number of CFTR molecules in the testing cell plasma membrane, and thereby accelerate YFP quenching.",B,EC50,<,10000.0,nM,,467216,2017,F508del,corrector
CHEMBL5933617,COc1ccc2c(-c3cccc(Cl)c3)nn(CC(=O)N(C)c3ccc4nc(C)oc4c3)c(=O)c2c1,CHEMBL4051,CHEMBL5725336,Cystic fibrosis transmembrane conductance regulator,CHEMBL5730587,"CFTR-YFP Assay: This protocol is designed to selectively screen small molecule compounds for F508del CFTR corrector activities in the YFP (yellow fluorescent protein) flux assay. In this protocol, the cells are incubated with testing compounds for 24 hours, washed with PBS, stimulated with forskolin and a standard potentiator, and fluorescence in each plate well is measured kinetically read on a 384-well plate reader, such as the Hamamatsu FDSS-6000. YFP fluorescence intensity values are acquired at high speed before and after iodide buffer is injected to the assay cells. Iodide enters the cells via active CFTR channels in the plasma membrane, and quenches the YFP fluorescence. The rate of fluorescence quenching is proportionate to the total CFTR activity in the cell membrane. F508del CFTR correctors increase the number of CFTR molecules in the testing cell plasma membrane, and thereby accelerate YFP quenching.",B,EC50,<,10000.0,nM,,467217,2017,F508del,corrector
CHEMBL5935439,CCN(C(=O)Cn1nc(-c2cccc(Cl)c2)c2ccc(OC)cc2c1=O)c1ccc2nc(C)oc2c1,CHEMBL4051,CHEMBL5725336,Cystic fibrosis transmembrane conductance regulator,CHEMBL5730587,"CFTR-YFP Assay: This protocol is designed to selectively screen small molecule compounds for F508del CFTR corrector activities in the YFP (yellow fluorescent protein) flux assay. In this protocol, the cells are incubated with testing compounds for 24 hours, washed with PBS, stimulated with forskolin and a standard potentiator, and fluorescence in each plate well is measured kinetically read on a 384-well plate reader, such as the Hamamatsu FDSS-6000. YFP fluorescence intensity values are acquired at high speed before and after iodide buffer is injected to the assay cells. Iodide enters the cells via active CFTR channels in the plasma membrane, and quenches the YFP fluorescence. The rate of fluorescence quenching is proportionate to the total CFTR activity in the cell membrane. F508del CFTR correctors increase the number of CFTR molecules in the testing cell plasma membrane, and thereby accelerate YFP quenching.",B,EC50,<,10000.0,nM,,467218,2017,F508del,corrector
CHEMBL5772408,CCN(C(=O)Cn1nc(-c2cccc(F)c2)c2ccc(OC)cc2c1=O)c1ccc2nc(C)oc2c1,CHEMBL4051,CHEMBL5725336,Cystic fibrosis transmembrane conductance regulator,CHEMBL5730587,"CFTR-YFP Assay: This protocol is designed to selectively screen small molecule compounds for F508del CFTR corrector activities in the YFP (yellow fluorescent protein) flux assay. In this protocol, the cells are incubated with testing compounds for 24 hours, washed with PBS, stimulated with forskolin and a standard potentiator, and fluorescence in each plate well is measured kinetically read on a 384-well plate reader, such as the Hamamatsu FDSS-6000. YFP fluorescence intensity values are acquired at high speed before and after iodide buffer is injected to the assay cells. Iodide enters the cells via active CFTR channels in the plasma membrane, and quenches the YFP fluorescence. The rate of fluorescence quenching is proportionate to the total CFTR activity in the cell membrane. F508del CFTR correctors increase the number of CFTR molecules in the testing cell plasma membrane, and thereby accelerate YFP quenching.",B,EC50,<,10000.0,nM,,467219,2017,F508del,corrector
CHEMBL5935439,CCN(C(=O)Cn1nc(-c2cccc(Cl)c2)c2ccc(OC)cc2c1=O)c1ccc2nc(C)oc2c1,CHEMBL4051,CHEMBL5725336,Cystic fibrosis transmembrane conductance regulator,CHEMBL5730587,"CFTR-YFP Assay: This protocol is designed to selectively screen small molecule compounds for F508del CFTR corrector activities in the YFP (yellow fluorescent protein) flux assay. In this protocol, the cells are incubated with testing compounds for 24 hours, washed with PBS, stimulated with forskolin and a standard potentiator, and fluorescence in each plate well is measured kinetically read on a 384-well plate reader, such as the Hamamatsu FDSS-6000. YFP fluorescence intensity values are acquired at high speed before and after iodide buffer is injected to the assay cells. Iodide enters the cells via active CFTR channels in the plasma membrane, and quenches the YFP fluorescence. The rate of fluorescence quenching is proportionate to the total CFTR activity in the cell membrane. F508del CFTR correctors increase the number of CFTR molecules in the testing cell plasma membrane, and thereby accelerate YFP quenching.",B,EC50,<,10000.0,nM,,467220,2017,F508del,corrector
CHEMBL5984733,COc1cc2c(=O)n(CC(=O)N(C)c3ccc4nc(C)oc4c3)nc(-c3cccc(F)c3)c2cc1Cl,CHEMBL4051,CHEMBL5725336,Cystic fibrosis transmembrane conductance regulator,CHEMBL5730587,"CFTR-YFP Assay: This protocol is designed to selectively screen small molecule compounds for F508del CFTR corrector activities in the YFP (yellow fluorescent protein) flux assay. In this protocol, the cells are incubated with testing compounds for 24 hours, washed with PBS, stimulated with forskolin and a standard potentiator, and fluorescence in each plate well is measured kinetically read on a 384-well plate reader, such as the Hamamatsu FDSS-6000. YFP fluorescence intensity values are acquired at high speed before and after iodide buffer is injected to the assay cells. Iodide enters the cells via active CFTR channels in the plasma membrane, and quenches the YFP fluorescence. The rate of fluorescence quenching is proportionate to the total CFTR activity in the cell membrane. F508del CFTR correctors increase the number of CFTR molecules in the testing cell plasma membrane, and thereby accelerate YFP quenching.",B,EC50,=,15000.0,nM,4.82,467221,2017,F508del,corrector
CHEMBL5901392,COc1cc2c(=O)n(CC(=O)N(C)c3ccc4nc(C)oc4c3)nc(-c3cccc(Cl)c3)c2cc1Cl,CHEMBL4051,CHEMBL5725336,Cystic fibrosis transmembrane conductance regulator,CHEMBL5730587,"CFTR-YFP Assay: This protocol is designed to selectively screen small molecule compounds for F508del CFTR corrector activities in the YFP (yellow fluorescent protein) flux assay. In this protocol, the cells are incubated with testing compounds for 24 hours, washed with PBS, stimulated with forskolin and a standard potentiator, and fluorescence in each plate well is measured kinetically read on a 384-well plate reader, such as the Hamamatsu FDSS-6000. YFP fluorescence intensity values are acquired at high speed before and after iodide buffer is injected to the assay cells. Iodide enters the cells via active CFTR channels in the plasma membrane, and quenches the YFP fluorescence. The rate of fluorescence quenching is proportionate to the total CFTR activity in the cell membrane. F508del CFTR correctors increase the number of CFTR molecules in the testing cell plasma membrane, and thereby accelerate YFP quenching.",B,EC50,<,10000.0,nM,,467222,2017,F508del,corrector
CHEMBL5927892,COc1ccc2c(-c3cccc(F)c3)nn(CC(=O)N(c3ccc4nc(C)oc4c3)C3CC3)c(=O)c2c1,CHEMBL4051,CHEMBL5725336,Cystic fibrosis transmembrane conductance regulator,CHEMBL5730587,"CFTR-YFP Assay: This protocol is designed to selectively screen small molecule compounds for F508del CFTR corrector activities in the YFP (yellow fluorescent protein) flux assay. In this protocol, the cells are incubated with testing compounds for 24 hours, washed with PBS, stimulated with forskolin and a standard potentiator, and fluorescence in each plate well is measured kinetically read on a 384-well plate reader, such as the Hamamatsu FDSS-6000. YFP fluorescence intensity values are acquired at high speed before and after iodide buffer is injected to the assay cells. Iodide enters the cells via active CFTR channels in the plasma membrane, and quenches the YFP fluorescence. The rate of fluorescence quenching is proportionate to the total CFTR activity in the cell membrane. F508del CFTR correctors increase the number of CFTR molecules in the testing cell plasma membrane, and thereby accelerate YFP quenching.",B,EC50,<,10000.0,nM,,467223,2017,F508del,corrector
CHEMBL6031467,Cc1nc2ccc(N(C)C(=O)Cn3nc(-c4cccc(F)c4)c4ccc(O)cc4c3=O)cc2o1,CHEMBL4051,CHEMBL5725336,Cystic fibrosis transmembrane conductance regulator,CHEMBL5730587,"CFTR-YFP Assay: This protocol is designed to selectively screen small molecule compounds for F508del CFTR corrector activities in the YFP (yellow fluorescent protein) flux assay. In this protocol, the cells are incubated with testing compounds for 24 hours, washed with PBS, stimulated with forskolin and a standard potentiator, and fluorescence in each plate well is measured kinetically read on a 384-well plate reader, such as the Hamamatsu FDSS-6000. YFP fluorescence intensity values are acquired at high speed before and after iodide buffer is injected to the assay cells. Iodide enters the cells via active CFTR channels in the plasma membrane, and quenches the YFP fluorescence. The rate of fluorescence quenching is proportionate to the total CFTR activity in the cell membrane. F508del CFTR correctors increase the number of CFTR molecules in the testing cell plasma membrane, and thereby accelerate YFP quenching.",B,EC50,<,10000.0,nM,,467224,2017,F508del,corrector
CHEMBL6007914,Cc1nc2ccc(N(C(=O)Cn3nc(-c4cccc(F)c4)c4ccc(O)cc4c3=O)C3CC3)cc2o1,CHEMBL4051,CHEMBL5725336,Cystic fibrosis transmembrane conductance regulator,CHEMBL5730587,"CFTR-YFP Assay: This protocol is designed to selectively screen small molecule compounds for F508del CFTR corrector activities in the YFP (yellow fluorescent protein) flux assay. In this protocol, the cells are incubated with testing compounds for 24 hours, washed with PBS, stimulated with forskolin and a standard potentiator, and fluorescence in each plate well is measured kinetically read on a 384-well plate reader, such as the Hamamatsu FDSS-6000. YFP fluorescence intensity values are acquired at high speed before and after iodide buffer is injected to the assay cells. Iodide enters the cells via active CFTR channels in the plasma membrane, and quenches the YFP fluorescence. The rate of fluorescence quenching is proportionate to the total CFTR activity in the cell membrane. F508del CFTR correctors increase the number of CFTR molecules in the testing cell plasma membrane, and thereby accelerate YFP quenching.",B,EC50,=,15000.0,nM,4.82,467225,2017,F508del,corrector
CHEMBL5874792,Cc1nc2ccc(N(C(=O)Cn3nc(-c4cccc(Cl)c4)c4ccc(O)cc4c3=O)C3CC3)cc2o1,CHEMBL4051,CHEMBL5725336,Cystic fibrosis transmembrane conductance regulator,CHEMBL5730587,"CFTR-YFP Assay: This protocol is designed to selectively screen small molecule compounds for F508del CFTR corrector activities in the YFP (yellow fluorescent protein) flux assay. In this protocol, the cells are incubated with testing compounds for 24 hours, washed with PBS, stimulated with forskolin and a standard potentiator, and fluorescence in each plate well is measured kinetically read on a 384-well plate reader, such as the Hamamatsu FDSS-6000. YFP fluorescence intensity values are acquired at high speed before and after iodide buffer is injected to the assay cells. Iodide enters the cells via active CFTR channels in the plasma membrane, and quenches the YFP fluorescence. The rate of fluorescence quenching is proportionate to the total CFTR activity in the cell membrane. F508del CFTR correctors increase the number of CFTR molecules in the testing cell plasma membrane, and thereby accelerate YFP quenching.",B,EC50,<,10000.0,nM,,467226,2017,F508del,corrector
CHEMBL5901423,Cc1nc2ccc(N(C)C(=O)Cn3nc(-c4cccc(Cl)c4)c4ccc(O)cc4c3=O)cc2o1,CHEMBL4051,CHEMBL5725336,Cystic fibrosis transmembrane conductance regulator,CHEMBL5730587,"CFTR-YFP Assay: This protocol is designed to selectively screen small molecule compounds for F508del CFTR corrector activities in the YFP (yellow fluorescent protein) flux assay. In this protocol, the cells are incubated with testing compounds for 24 hours, washed with PBS, stimulated with forskolin and a standard potentiator, and fluorescence in each plate well is measured kinetically read on a 384-well plate reader, such as the Hamamatsu FDSS-6000. YFP fluorescence intensity values are acquired at high speed before and after iodide buffer is injected to the assay cells. Iodide enters the cells via active CFTR channels in the plasma membrane, and quenches the YFP fluorescence. The rate of fluorescence quenching is proportionate to the total CFTR activity in the cell membrane. F508del CFTR correctors increase the number of CFTR molecules in the testing cell plasma membrane, and thereby accelerate YFP quenching.",B,EC50,<,10000.0,nM,,467227,2017,F508del,corrector
CHEMBL5095180,CCOc1ccc2c(-c3cccc(F)c3)nn(CC(=O)N(C)c3ccc4nc(C)oc4c3)c(=O)c2c1,CHEMBL4051,CHEMBL5725336,Cystic fibrosis transmembrane conductance regulator,CHEMBL5730587,"CFTR-YFP Assay: This protocol is designed to selectively screen small molecule compounds for F508del CFTR corrector activities in the YFP (yellow fluorescent protein) flux assay. In this protocol, the cells are incubated with testing compounds for 24 hours, washed with PBS, stimulated with forskolin and a standard potentiator, and fluorescence in each plate well is measured kinetically read on a 384-well plate reader, such as the Hamamatsu FDSS-6000. YFP fluorescence intensity values are acquired at high speed before and after iodide buffer is injected to the assay cells. Iodide enters the cells via active CFTR channels in the plasma membrane, and quenches the YFP fluorescence. The rate of fluorescence quenching is proportionate to the total CFTR activity in the cell membrane. F508del CFTR correctors increase the number of CFTR molecules in the testing cell plasma membrane, and thereby accelerate YFP quenching.",B,EC50,<,10000.0,nM,,467228,2017,F508del,corrector
CHEMBL5881928,CCOc1ccc2c(-c3cccc(Cl)c3)nn(CC(=O)N(c3ccc4nc(C)oc4c3)C3CC3)c(=O)c2c1,CHEMBL4051,CHEMBL5725336,Cystic fibrosis transmembrane conductance regulator,CHEMBL5730587,"CFTR-YFP Assay: This protocol is designed to selectively screen small molecule compounds for F508del CFTR corrector activities in the YFP (yellow fluorescent protein) flux assay. In this protocol, the cells are incubated with testing compounds for 24 hours, washed with PBS, stimulated with forskolin and a standard potentiator, and fluorescence in each plate well is measured kinetically read on a 384-well plate reader, such as the Hamamatsu FDSS-6000. YFP fluorescence intensity values are acquired at high speed before and after iodide buffer is injected to the assay cells. Iodide enters the cells via active CFTR channels in the plasma membrane, and quenches the YFP fluorescence. The rate of fluorescence quenching is proportionate to the total CFTR activity in the cell membrane. F508del CFTR correctors increase the number of CFTR molecules in the testing cell plasma membrane, and thereby accelerate YFP quenching.",B,EC50,<,10000.0,nM,,467229,2017,F508del,corrector
CHEMBL6008297,CCOc1ccc2c(-c3cccc(Cl)c3)nn(CC(=O)N(C)c3ccc4nc(C)oc4c3)c(=O)c2c1,CHEMBL4051,CHEMBL5725336,Cystic fibrosis transmembrane conductance regulator,CHEMBL5730587,"CFTR-YFP Assay: This protocol is designed to selectively screen small molecule compounds for F508del CFTR corrector activities in the YFP (yellow fluorescent protein) flux assay. In this protocol, the cells are incubated with testing compounds for 24 hours, washed with PBS, stimulated with forskolin and a standard potentiator, and fluorescence in each plate well is measured kinetically read on a 384-well plate reader, such as the Hamamatsu FDSS-6000. YFP fluorescence intensity values are acquired at high speed before and after iodide buffer is injected to the assay cells. Iodide enters the cells via active CFTR channels in the plasma membrane, and quenches the YFP fluorescence. The rate of fluorescence quenching is proportionate to the total CFTR activity in the cell membrane. F508del CFTR correctors increase the number of CFTR molecules in the testing cell plasma membrane, and thereby accelerate YFP quenching.",B,EC50,<,10000.0,nM,,467230,2017,F508del,corrector
CHEMBL5779297,Cc1nc2ccc(N(C)C(=O)Cn3nc(-c4cccc(Cl)c4)c4ccc(OC(C)C)cc4c3=O)cc2o1,CHEMBL4051,CHEMBL5725336,Cystic fibrosis transmembrane conductance regulator,CHEMBL5730587,"CFTR-YFP Assay: This protocol is designed to selectively screen small molecule compounds for F508del CFTR corrector activities in the YFP (yellow fluorescent protein) flux assay. In this protocol, the cells are incubated with testing compounds for 24 hours, washed with PBS, stimulated with forskolin and a standard potentiator, and fluorescence in each plate well is measured kinetically read on a 384-well plate reader, such as the Hamamatsu FDSS-6000. YFP fluorescence intensity values are acquired at high speed before and after iodide buffer is injected to the assay cells. Iodide enters the cells via active CFTR channels in the plasma membrane, and quenches the YFP fluorescence. The rate of fluorescence quenching is proportionate to the total CFTR activity in the cell membrane. F508del CFTR correctors increase the number of CFTR molecules in the testing cell plasma membrane, and thereby accelerate YFP quenching.",B,EC50,=,15000.0,nM,4.82,467231,2017,F508del,corrector
CHEMBL5823476,CCOc1ccc2c(-c3cccc(F)c3)nn(CC(=O)N(c3ccc4nc(C)oc4c3)C3CC3)c(=O)c2c1,CHEMBL4051,CHEMBL5725336,Cystic fibrosis transmembrane conductance regulator,CHEMBL5730587,"CFTR-YFP Assay: This protocol is designed to selectively screen small molecule compounds for F508del CFTR corrector activities in the YFP (yellow fluorescent protein) flux assay. In this protocol, the cells are incubated with testing compounds for 24 hours, washed with PBS, stimulated with forskolin and a standard potentiator, and fluorescence in each plate well is measured kinetically read on a 384-well plate reader, such as the Hamamatsu FDSS-6000. YFP fluorescence intensity values are acquired at high speed before and after iodide buffer is injected to the assay cells. Iodide enters the cells via active CFTR channels in the plasma membrane, and quenches the YFP fluorescence. The rate of fluorescence quenching is proportionate to the total CFTR activity in the cell membrane. F508del CFTR correctors increase the number of CFTR molecules in the testing cell plasma membrane, and thereby accelerate YFP quenching.",B,EC50,<,10000.0,nM,,467232,2017,F508del,corrector
CHEMBL5095180,CCOc1ccc2c(-c3cccc(F)c3)nn(CC(=O)N(C)c3ccc4nc(C)oc4c3)c(=O)c2c1,CHEMBL4051,CHEMBL5725336,Cystic fibrosis transmembrane conductance regulator,CHEMBL5730587,"CFTR-YFP Assay: This protocol is designed to selectively screen small molecule compounds for F508del CFTR corrector activities in the YFP (yellow fluorescent protein) flux assay. In this protocol, the cells are incubated with testing compounds for 24 hours, washed with PBS, stimulated with forskolin and a standard potentiator, and fluorescence in each plate well is measured kinetically read on a 384-well plate reader, such as the Hamamatsu FDSS-6000. YFP fluorescence intensity values are acquired at high speed before and after iodide buffer is injected to the assay cells. Iodide enters the cells via active CFTR channels in the plasma membrane, and quenches the YFP fluorescence. The rate of fluorescence quenching is proportionate to the total CFTR activity in the cell membrane. F508del CFTR correctors increase the number of CFTR molecules in the testing cell plasma membrane, and thereby accelerate YFP quenching.",B,EC50,<,10000.0,nM,,467233,2017,F508del,corrector
CHEMBL5890624,Cc1nc2ccc(N(C)C(=O)Cn3nc(-c4cccc(Cl)c4)c4ccc(OCC5CC5)cc4c3=O)cc2o1,CHEMBL4051,CHEMBL5725336,Cystic fibrosis transmembrane conductance regulator,CHEMBL5730587,"CFTR-YFP Assay: This protocol is designed to selectively screen small molecule compounds for F508del CFTR corrector activities in the YFP (yellow fluorescent protein) flux assay. In this protocol, the cells are incubated with testing compounds for 24 hours, washed with PBS, stimulated with forskolin and a standard potentiator, and fluorescence in each plate well is measured kinetically read on a 384-well plate reader, such as the Hamamatsu FDSS-6000. YFP fluorescence intensity values are acquired at high speed before and after iodide buffer is injected to the assay cells. Iodide enters the cells via active CFTR channels in the plasma membrane, and quenches the YFP fluorescence. The rate of fluorescence quenching is proportionate to the total CFTR activity in the cell membrane. F508del CFTR correctors increase the number of CFTR molecules in the testing cell plasma membrane, and thereby accelerate YFP quenching.",B,EC50,=,15000.0,nM,4.82,467234,2017,F508del,corrector
CHEMBL5890624,Cc1nc2ccc(N(C)C(=O)Cn3nc(-c4cccc(Cl)c4)c4ccc(OCC5CC5)cc4c3=O)cc2o1,CHEMBL4051,CHEMBL5725336,Cystic fibrosis transmembrane conductance regulator,CHEMBL5730587,"CFTR-YFP Assay: This protocol is designed to selectively screen small molecule compounds for F508del CFTR corrector activities in the YFP (yellow fluorescent protein) flux assay. In this protocol, the cells are incubated with testing compounds for 24 hours, washed with PBS, stimulated with forskolin and a standard potentiator, and fluorescence in each plate well is measured kinetically read on a 384-well plate reader, such as the Hamamatsu FDSS-6000. YFP fluorescence intensity values are acquired at high speed before and after iodide buffer is injected to the assay cells. Iodide enters the cells via active CFTR channels in the plasma membrane, and quenches the YFP fluorescence. The rate of fluorescence quenching is proportionate to the total CFTR activity in the cell membrane. F508del CFTR correctors increase the number of CFTR molecules in the testing cell plasma membrane, and thereby accelerate YFP quenching.",B,EC50,<,10000.0,nM,,467235,2017,F508del,corrector
CHEMBL5779297,Cc1nc2ccc(N(C)C(=O)Cn3nc(-c4cccc(Cl)c4)c4ccc(OC(C)C)cc4c3=O)cc2o1,CHEMBL4051,CHEMBL5725336,Cystic fibrosis transmembrane conductance regulator,CHEMBL5730587,"CFTR-YFP Assay: This protocol is designed to selectively screen small molecule compounds for F508del CFTR corrector activities in the YFP (yellow fluorescent protein) flux assay. In this protocol, the cells are incubated with testing compounds for 24 hours, washed with PBS, stimulated with forskolin and a standard potentiator, and fluorescence in each plate well is measured kinetically read on a 384-well plate reader, such as the Hamamatsu FDSS-6000. YFP fluorescence intensity values are acquired at high speed before and after iodide buffer is injected to the assay cells. Iodide enters the cells via active CFTR channels in the plasma membrane, and quenches the YFP fluorescence. The rate of fluorescence quenching is proportionate to the total CFTR activity in the cell membrane. F508del CFTR correctors increase the number of CFTR molecules in the testing cell plasma membrane, and thereby accelerate YFP quenching.",B,EC50,<,10000.0,nM,,467236,2017,F508del,corrector
CHEMBL5899868,Cc1nc2ccc(N(C)C(=O)Cn3nc(-c4cccc(Cl)c4)c4ccc(OC5CCCCC5)cc4c3=O)cc2o1,CHEMBL4051,CHEMBL5725336,Cystic fibrosis transmembrane conductance regulator,CHEMBL5730587,"CFTR-YFP Assay: This protocol is designed to selectively screen small molecule compounds for F508del CFTR corrector activities in the YFP (yellow fluorescent protein) flux assay. In this protocol, the cells are incubated with testing compounds for 24 hours, washed with PBS, stimulated with forskolin and a standard potentiator, and fluorescence in each plate well is measured kinetically read on a 384-well plate reader, such as the Hamamatsu FDSS-6000. YFP fluorescence intensity values are acquired at high speed before and after iodide buffer is injected to the assay cells. Iodide enters the cells via active CFTR channels in the plasma membrane, and quenches the YFP fluorescence. The rate of fluorescence quenching is proportionate to the total CFTR activity in the cell membrane. F508del CFTR correctors increase the number of CFTR molecules in the testing cell plasma membrane, and thereby accelerate YFP quenching.",B,EC50,<,10000.0,nM,,467237,2017,F508del,corrector
CHEMBL5771379,Cc1nc2ccc(N(C)C(=O)Cn3nc(-c4cccc(F)c4)c4ccc(OC5CCOCC5)cc4c3=O)cc2o1,CHEMBL4051,CHEMBL5725336,Cystic fibrosis transmembrane conductance regulator,CHEMBL5730587,"CFTR-YFP Assay: This protocol is designed to selectively screen small molecule compounds for F508del CFTR corrector activities in the YFP (yellow fluorescent protein) flux assay. In this protocol, the cells are incubated with testing compounds for 24 hours, washed with PBS, stimulated with forskolin and a standard potentiator, and fluorescence in each plate well is measured kinetically read on a 384-well plate reader, such as the Hamamatsu FDSS-6000. YFP fluorescence intensity values are acquired at high speed before and after iodide buffer is injected to the assay cells. Iodide enters the cells via active CFTR channels in the plasma membrane, and quenches the YFP fluorescence. The rate of fluorescence quenching is proportionate to the total CFTR activity in the cell membrane. F508del CFTR correctors increase the number of CFTR molecules in the testing cell plasma membrane, and thereby accelerate YFP quenching.",B,EC50,<,10000.0,nM,,467238,2017,F508del,corrector
CHEMBL5889456,Cc1nc2ccc(N(C)C(=O)Cn3nc(-c4cccc(F)c4)c4ccc(OC5CCCCC5)cc4c3=O)cc2o1,CHEMBL4051,CHEMBL5725336,Cystic fibrosis transmembrane conductance regulator,CHEMBL5730587,"CFTR-YFP Assay: This protocol is designed to selectively screen small molecule compounds for F508del CFTR corrector activities in the YFP (yellow fluorescent protein) flux assay. In this protocol, the cells are incubated with testing compounds for 24 hours, washed with PBS, stimulated with forskolin and a standard potentiator, and fluorescence in each plate well is measured kinetically read on a 384-well plate reader, such as the Hamamatsu FDSS-6000. YFP fluorescence intensity values are acquired at high speed before and after iodide buffer is injected to the assay cells. Iodide enters the cells via active CFTR channels in the plasma membrane, and quenches the YFP fluorescence. The rate of fluorescence quenching is proportionate to the total CFTR activity in the cell membrane. F508del CFTR correctors increase the number of CFTR molecules in the testing cell plasma membrane, and thereby accelerate YFP quenching.",B,EC50,<,10000.0,nM,,467239,2017,F508del,corrector
CHEMBL5814671,Cc1nc2ccc(N(C)C(=O)Cn3nc(-c4cccc(Cl)c4)c4ccc(OC5CCOCC5)cc4c3=O)cc2o1,CHEMBL4051,CHEMBL5725336,Cystic fibrosis transmembrane conductance regulator,CHEMBL5730587,"CFTR-YFP Assay: This protocol is designed to selectively screen small molecule compounds for F508del CFTR corrector activities in the YFP (yellow fluorescent protein) flux assay. In this protocol, the cells are incubated with testing compounds for 24 hours, washed with PBS, stimulated with forskolin and a standard potentiator, and fluorescence in each plate well is measured kinetically read on a 384-well plate reader, such as the Hamamatsu FDSS-6000. YFP fluorescence intensity values are acquired at high speed before and after iodide buffer is injected to the assay cells. Iodide enters the cells via active CFTR channels in the plasma membrane, and quenches the YFP fluorescence. The rate of fluorescence quenching is proportionate to the total CFTR activity in the cell membrane. F508del CFTR correctors increase the number of CFTR molecules in the testing cell plasma membrane, and thereby accelerate YFP quenching.",B,EC50,<,10000.0,nM,,467240,2017,F508del,corrector
CHEMBL5993152,CCOc1cc2c(=O)n(CC(=O)N(C)c3ccc4nc(C)oc4c3)nc(-c3cccc(F)c3)c2cc1Cl,CHEMBL4051,CHEMBL5725336,Cystic fibrosis transmembrane conductance regulator,CHEMBL5730587,"CFTR-YFP Assay: This protocol is designed to selectively screen small molecule compounds for F508del CFTR corrector activities in the YFP (yellow fluorescent protein) flux assay. In this protocol, the cells are incubated with testing compounds for 24 hours, washed with PBS, stimulated with forskolin and a standard potentiator, and fluorescence in each plate well is measured kinetically read on a 384-well plate reader, such as the Hamamatsu FDSS-6000. YFP fluorescence intensity values are acquired at high speed before and after iodide buffer is injected to the assay cells. Iodide enters the cells via active CFTR channels in the plasma membrane, and quenches the YFP fluorescence. The rate of fluorescence quenching is proportionate to the total CFTR activity in the cell membrane. F508del CFTR correctors increase the number of CFTR molecules in the testing cell plasma membrane, and thereby accelerate YFP quenching.",B,EC50,=,15000.0,nM,4.82,467241,2017,F508del,corrector
CHEMBL6052478,CCOc1cc2c(=O)n(CC(=O)N(C)c3ccc4nc(C)oc4c3)nc(-c3cccc(Cl)c3)c2cc1Cl,CHEMBL4051,CHEMBL5725336,Cystic fibrosis transmembrane conductance regulator,CHEMBL5730587,"CFTR-YFP Assay: This protocol is designed to selectively screen small molecule compounds for F508del CFTR corrector activities in the YFP (yellow fluorescent protein) flux assay. In this protocol, the cells are incubated with testing compounds for 24 hours, washed with PBS, stimulated with forskolin and a standard potentiator, and fluorescence in each plate well is measured kinetically read on a 384-well plate reader, such as the Hamamatsu FDSS-6000. YFP fluorescence intensity values are acquired at high speed before and after iodide buffer is injected to the assay cells. Iodide enters the cells via active CFTR channels in the plasma membrane, and quenches the YFP fluorescence. The rate of fluorescence quenching is proportionate to the total CFTR activity in the cell membrane. F508del CFTR correctors increase the number of CFTR molecules in the testing cell plasma membrane, and thereby accelerate YFP quenching.",B,EC50,<,10000.0,nM,,467242,2017,F508del,corrector
CHEMBL3956217,CC(C)(C)c1cc2cc(NC(=O)C3(c4ccc5c(c4)CCC5)CC3)ccc2n1C[C@@H](O)CO,CHEMBL4051,CHEMBL5725663,Cystic fibrosis transmembrane conductance regulator,CHEMBL5731269,"Ussing Chamber Assay: Single-Channel Recordings activity of wt-CFTR and temperature-corrected ΔF508-CFTR expressed in NIH3T3 cells was observed using excised inside-out membrane patch recordings as previously described (Dalemans, W., Barbry, P., Champigny, G., Jallat, S., Dott, K., Dreyer, D., Crystal, R. G., Pavirani, A., Lecocq, J-P., Lazdunski, M. (1991) Nature 354, 526-528) using an Axopatch 200B patch-clamp amplifier (Axon Instruments Inc.). The pipette contained (in mM): 150 NMDG, 150 aspartic acid, 5 CaCl2, 2 MgCl2, and 10 HEPES (pH adjusted to 7.35 with Tris base). The bath contained (in mM): 150 NMDG-Cl, 2 MgCl2, 5 EGTA, 10 TES, and 14 Tris base (pH adjusted to 7.35 with HCl). After excision, both wt- and ΔF508-CFTR were activated by adding 1 mM Mg-ATP, 75 nM of the catalytic subunit of cAMP-dependent protein kinase (PKA; Promega Corp. Madison, Wis.), and 10 mM NaF to inhibit protein phosphatases, which prevented current rundown. The pipette potential was maintained at 80 mV. Channel activity was analyzed from membrane patches containing ≤2 active channels. The maximum number of simultaneous openings determined the number of active channels during the course of an experiment. To determine the single-channel current amplitude, the data recorded from 120 sec of ΔF508-CFTR activity was filtered off-line at 100 Hz and then used to construct all-point amplitude histograms that were fitted with multigaussian functions using Bio-Patch Analysis software (Bio-Logic Comp. France). The total microscopic current and open probability (Po) were determined from 120 sec of channel activity. The Po was determined using the Bio-Patch software or from the relationship Po=I/i(N), where I=mean current, i=single-channel current amplitude, and N=number of active channels in patch.",B,EC50,=,981.0,nM,6.01,535684,2018,unspecified,activator
CHEMBL3894447,CC(C)(CCOC[C@@H](O)CO)c1cc2cc(NC(=O)C3(c4ccc5c(c4)OC(F)(F)O5)CC3)c(F)cc2n1C[C@@H](O)CO,CHEMBL4051,CHEMBL5725663,Cystic fibrosis transmembrane conductance regulator,CHEMBL5731269,"Ussing Chamber Assay: Single-Channel Recordings activity of wt-CFTR and temperature-corrected ΔF508-CFTR expressed in NIH3T3 cells was observed using excised inside-out membrane patch recordings as previously described (Dalemans, W., Barbry, P., Champigny, G., Jallat, S., Dott, K., Dreyer, D., Crystal, R. G., Pavirani, A., Lecocq, J-P., Lazdunski, M. (1991) Nature 354, 526-528) using an Axopatch 200B patch-clamp amplifier (Axon Instruments Inc.). The pipette contained (in mM): 150 NMDG, 150 aspartic acid, 5 CaCl2, 2 MgCl2, and 10 HEPES (pH adjusted to 7.35 with Tris base). The bath contained (in mM): 150 NMDG-Cl, 2 MgCl2, 5 EGTA, 10 TES, and 14 Tris base (pH adjusted to 7.35 with HCl). After excision, both wt- and ΔF508-CFTR were activated by adding 1 mM Mg-ATP, 75 nM of the catalytic subunit of cAMP-dependent protein kinase (PKA; Promega Corp. Madison, Wis.), and 10 mM NaF to inhibit protein phosphatases, which prevented current rundown. The pipette potential was maintained at 80 mV. Channel activity was analyzed from membrane patches containing ≤2 active channels. The maximum number of simultaneous openings determined the number of active channels during the course of an experiment. To determine the single-channel current amplitude, the data recorded from 120 sec of ΔF508-CFTR activity was filtered off-line at 100 Hz and then used to construct all-point amplitude histograms that were fitted with multigaussian functions using Bio-Patch Analysis software (Bio-Logic Comp. France). The total microscopic current and open probability (Po) were determined from 120 sec of channel activity. The Po was determined using the Bio-Patch software or from the relationship Po=I/i(N), where I=mean current, i=single-channel current amplitude, and N=number of active channels in patch.",B,EC50,=,3095.0,nM,5.51,535685,2018,unspecified,activator
CHEMBL5894146,CN(C)CCn1c(C(C)(C)C)cc2cc(NC(=O)C3(c4ccc5c(c4)OC(F)(F)O5)CC3)c(F)cc21,CHEMBL4051,CHEMBL5725663,Cystic fibrosis transmembrane conductance regulator,CHEMBL5731269,"Ussing Chamber Assay: Single-Channel Recordings activity of wt-CFTR and temperature-corrected ΔF508-CFTR expressed in NIH3T3 cells was observed using excised inside-out membrane patch recordings as previously described (Dalemans, W., Barbry, P., Champigny, G., Jallat, S., Dott, K., Dreyer, D., Crystal, R. G., Pavirani, A., Lecocq, J-P., Lazdunski, M. (1991) Nature 354, 526-528) using an Axopatch 200B patch-clamp amplifier (Axon Instruments Inc.). The pipette contained (in mM): 150 NMDG, 150 aspartic acid, 5 CaCl2, 2 MgCl2, and 10 HEPES (pH adjusted to 7.35 with Tris base). The bath contained (in mM): 150 NMDG-Cl, 2 MgCl2, 5 EGTA, 10 TES, and 14 Tris base (pH adjusted to 7.35 with HCl). After excision, both wt- and ΔF508-CFTR were activated by adding 1 mM Mg-ATP, 75 nM of the catalytic subunit of cAMP-dependent protein kinase (PKA; Promega Corp. Madison, Wis.), and 10 mM NaF to inhibit protein phosphatases, which prevented current rundown. The pipette potential was maintained at 80 mV. Channel activity was analyzed from membrane patches containing ≤2 active channels. The maximum number of simultaneous openings determined the number of active channels during the course of an experiment. To determine the single-channel current amplitude, the data recorded from 120 sec of ΔF508-CFTR activity was filtered off-line at 100 Hz and then used to construct all-point amplitude histograms that were fitted with multigaussian functions using Bio-Patch Analysis software (Bio-Logic Comp. France). The total microscopic current and open probability (Po) were determined from 120 sec of channel activity. The Po was determined using the Bio-Patch software or from the relationship Po=I/i(N), where I=mean current, i=single-channel current amplitude, and N=number of active channels in patch.",B,EC50,=,38.1,nM,7.42,535686,2018,unspecified,activator
CHEMBL3923765,CC(C)(C)c1cc2cc(NC(=O)C3(c4ccc5c(c4)OCO5)CC3)c(F)cc2n1C[C@@H](O)CO,CHEMBL4051,CHEMBL5725663,Cystic fibrosis transmembrane conductance regulator,CHEMBL5731269,"Ussing Chamber Assay: Single-Channel Recordings activity of wt-CFTR and temperature-corrected ΔF508-CFTR expressed in NIH3T3 cells was observed using excised inside-out membrane patch recordings as previously described (Dalemans, W., Barbry, P., Champigny, G., Jallat, S., Dott, K., Dreyer, D., Crystal, R. G., Pavirani, A., Lecocq, J-P., Lazdunski, M. (1991) Nature 354, 526-528) using an Axopatch 200B patch-clamp amplifier (Axon Instruments Inc.). The pipette contained (in mM): 150 NMDG, 150 aspartic acid, 5 CaCl2, 2 MgCl2, and 10 HEPES (pH adjusted to 7.35 with Tris base). The bath contained (in mM): 150 NMDG-Cl, 2 MgCl2, 5 EGTA, 10 TES, and 14 Tris base (pH adjusted to 7.35 with HCl). After excision, both wt- and ΔF508-CFTR were activated by adding 1 mM Mg-ATP, 75 nM of the catalytic subunit of cAMP-dependent protein kinase (PKA; Promega Corp. Madison, Wis.), and 10 mM NaF to inhibit protein phosphatases, which prevented current rundown. The pipette potential was maintained at 80 mV. Channel activity was analyzed from membrane patches containing ≤2 active channels. The maximum number of simultaneous openings determined the number of active channels during the course of an experiment. To determine the single-channel current amplitude, the data recorded from 120 sec of ΔF508-CFTR activity was filtered off-line at 100 Hz and then used to construct all-point amplitude histograms that were fitted with multigaussian functions using Bio-Patch Analysis software (Bio-Logic Comp. France). The total microscopic current and open probability (Po) were determined from 120 sec of channel activity. The Po was determined using the Bio-Patch software or from the relationship Po=I/i(N), where I=mean current, i=single-channel current amplitude, and N=number of active channels in patch.",B,EC50,=,160.0,nM,6.80,535687,2018,unspecified,activator
CHEMBL3908746,CC(C)(CCO)c1cc2cc(NC(=O)C3(c4ccc5c(c4)OC(F)(F)O5)CC3)c(F)cc2n1C[C@@H](O)CO,CHEMBL4051,CHEMBL5725663,Cystic fibrosis transmembrane conductance regulator,CHEMBL5731269,"Ussing Chamber Assay: Single-Channel Recordings activity of wt-CFTR and temperature-corrected ΔF508-CFTR expressed in NIH3T3 cells was observed using excised inside-out membrane patch recordings as previously described (Dalemans, W., Barbry, P., Champigny, G., Jallat, S., Dott, K., Dreyer, D., Crystal, R. G., Pavirani, A., Lecocq, J-P., Lazdunski, M. (1991) Nature 354, 526-528) using an Axopatch 200B patch-clamp amplifier (Axon Instruments Inc.). The pipette contained (in mM): 150 NMDG, 150 aspartic acid, 5 CaCl2, 2 MgCl2, and 10 HEPES (pH adjusted to 7.35 with Tris base). The bath contained (in mM): 150 NMDG-Cl, 2 MgCl2, 5 EGTA, 10 TES, and 14 Tris base (pH adjusted to 7.35 with HCl). After excision, both wt- and ΔF508-CFTR were activated by adding 1 mM Mg-ATP, 75 nM of the catalytic subunit of cAMP-dependent protein kinase (PKA; Promega Corp. Madison, Wis.), and 10 mM NaF to inhibit protein phosphatases, which prevented current rundown. The pipette potential was maintained at 80 mV. Channel activity was analyzed from membrane patches containing ≤2 active channels. The maximum number of simultaneous openings determined the number of active channels during the course of an experiment. To determine the single-channel current amplitude, the data recorded from 120 sec of ΔF508-CFTR activity was filtered off-line at 100 Hz and then used to construct all-point amplitude histograms that were fitted with multigaussian functions using Bio-Patch Analysis software (Bio-Logic Comp. France). The total microscopic current and open probability (Po) were determined from 120 sec of channel activity. The Po was determined using the Bio-Patch software or from the relationship Po=I/i(N), where I=mean current, i=single-channel current amplitude, and N=number of active channels in patch.",B,EC50,=,81.8,nM,7.09,535688,2018,unspecified,activator
CHEMBL3898560,CC(C)(C)c1cc2c(C#N)c(NC(=O)C3(c4ccc5c(c4)OC(F)(F)O5)CC3)ccc2n1CCO,CHEMBL4051,CHEMBL5725663,Cystic fibrosis transmembrane conductance regulator,CHEMBL5731269,"Ussing Chamber Assay: Single-Channel Recordings activity of wt-CFTR and temperature-corrected ΔF508-CFTR expressed in NIH3T3 cells was observed using excised inside-out membrane patch recordings as previously described (Dalemans, W., Barbry, P., Champigny, G., Jallat, S., Dott, K., Dreyer, D., Crystal, R. G., Pavirani, A., Lecocq, J-P., Lazdunski, M. (1991) Nature 354, 526-528) using an Axopatch 200B patch-clamp amplifier (Axon Instruments Inc.). The pipette contained (in mM): 150 NMDG, 150 aspartic acid, 5 CaCl2, 2 MgCl2, and 10 HEPES (pH adjusted to 7.35 with Tris base). The bath contained (in mM): 150 NMDG-Cl, 2 MgCl2, 5 EGTA, 10 TES, and 14 Tris base (pH adjusted to 7.35 with HCl). After excision, both wt- and ΔF508-CFTR were activated by adding 1 mM Mg-ATP, 75 nM of the catalytic subunit of cAMP-dependent protein kinase (PKA; Promega Corp. Madison, Wis.), and 10 mM NaF to inhibit protein phosphatases, which prevented current rundown. The pipette potential was maintained at 80 mV. Channel activity was analyzed from membrane patches containing ≤2 active channels. The maximum number of simultaneous openings determined the number of active channels during the course of an experiment. To determine the single-channel current amplitude, the data recorded from 120 sec of ΔF508-CFTR activity was filtered off-line at 100 Hz and then used to construct all-point amplitude histograms that were fitted with multigaussian functions using Bio-Patch Analysis software (Bio-Logic Comp. France). The total microscopic current and open probability (Po) were determined from 120 sec of channel activity. The Po was determined using the Bio-Patch software or from the relationship Po=I/i(N), where I=mean current, i=single-channel current amplitude, and N=number of active channels in patch.",B,EC50,=,181.0,nM,6.74,535689,2018,unspecified,activator
CHEMBL3986594,CC(C)(C)c1cc2c(C#N)c(NC(=O)C3(c4ccc5c(c4)OC(F)(F)O5)CC3)ccc2[nH]1,CHEMBL4051,CHEMBL5725663,Cystic fibrosis transmembrane conductance regulator,CHEMBL5731269,"Ussing Chamber Assay: Single-Channel Recordings activity of wt-CFTR and temperature-corrected ΔF508-CFTR expressed in NIH3T3 cells was observed using excised inside-out membrane patch recordings as previously described (Dalemans, W., Barbry, P., Champigny, G., Jallat, S., Dott, K., Dreyer, D., Crystal, R. G., Pavirani, A., Lecocq, J-P., Lazdunski, M. (1991) Nature 354, 526-528) using an Axopatch 200B patch-clamp amplifier (Axon Instruments Inc.). The pipette contained (in mM): 150 NMDG, 150 aspartic acid, 5 CaCl2, 2 MgCl2, and 10 HEPES (pH adjusted to 7.35 with Tris base). The bath contained (in mM): 150 NMDG-Cl, 2 MgCl2, 5 EGTA, 10 TES, and 14 Tris base (pH adjusted to 7.35 with HCl). After excision, both wt- and ΔF508-CFTR were activated by adding 1 mM Mg-ATP, 75 nM of the catalytic subunit of cAMP-dependent protein kinase (PKA; Promega Corp. Madison, Wis.), and 10 mM NaF to inhibit protein phosphatases, which prevented current rundown. The pipette potential was maintained at 80 mV. Channel activity was analyzed from membrane patches containing ≤2 active channels. The maximum number of simultaneous openings determined the number of active channels during the course of an experiment. To determine the single-channel current amplitude, the data recorded from 120 sec of ΔF508-CFTR activity was filtered off-line at 100 Hz and then used to construct all-point amplitude histograms that were fitted with multigaussian functions using Bio-Patch Analysis software (Bio-Logic Comp. France). The total microscopic current and open probability (Po) were determined from 120 sec of channel activity. The Po was determined using the Bio-Patch software or from the relationship Po=I/i(N), where I=mean current, i=single-channel current amplitude, and N=number of active channels in patch.",B,EC50,=,284.0,nM,6.55,535690,2018,unspecified,activator
CHEMBL3936630,CC1(C)CCn2c1cc1cc(NC(=O)C3(c4ccc5c(c4)OC(F)(F)O5)CC3)c(F)cc12,CHEMBL4051,CHEMBL5725663,Cystic fibrosis transmembrane conductance regulator,CHEMBL5731269,"Ussing Chamber Assay: Single-Channel Recordings activity of wt-CFTR and temperature-corrected ΔF508-CFTR expressed in NIH3T3 cells was observed using excised inside-out membrane patch recordings as previously described (Dalemans, W., Barbry, P., Champigny, G., Jallat, S., Dott, K., Dreyer, D., Crystal, R. G., Pavirani, A., Lecocq, J-P., Lazdunski, M. (1991) Nature 354, 526-528) using an Axopatch 200B patch-clamp amplifier (Axon Instruments Inc.). The pipette contained (in mM): 150 NMDG, 150 aspartic acid, 5 CaCl2, 2 MgCl2, and 10 HEPES (pH adjusted to 7.35 with Tris base). The bath contained (in mM): 150 NMDG-Cl, 2 MgCl2, 5 EGTA, 10 TES, and 14 Tris base (pH adjusted to 7.35 with HCl). After excision, both wt- and ΔF508-CFTR were activated by adding 1 mM Mg-ATP, 75 nM of the catalytic subunit of cAMP-dependent protein kinase (PKA; Promega Corp. Madison, Wis.), and 10 mM NaF to inhibit protein phosphatases, which prevented current rundown. The pipette potential was maintained at 80 mV. Channel activity was analyzed from membrane patches containing ≤2 active channels. The maximum number of simultaneous openings determined the number of active channels during the course of an experiment. To determine the single-channel current amplitude, the data recorded from 120 sec of ΔF508-CFTR activity was filtered off-line at 100 Hz and then used to construct all-point amplitude histograms that were fitted with multigaussian functions using Bio-Patch Analysis software (Bio-Logic Comp. France). The total microscopic current and open probability (Po) were determined from 120 sec of channel activity. The Po was determined using the Bio-Patch software or from the relationship Po=I/i(N), where I=mean current, i=single-channel current amplitude, and N=number of active channels in patch.",B,EC50,=,228.0,nM,6.64,535691,2018,unspecified,activator
CHEMBL3544914,CC(C)(CO)c1cc2cc(NC(=O)C3(c4ccc5c(c4)OC(F)(F)O5)CC3)c(F)cc2n1C[C@@H](O)CO,CHEMBL4051,CHEMBL5725663,Cystic fibrosis transmembrane conductance regulator,CHEMBL5731269,"Ussing Chamber Assay: Single-Channel Recordings activity of wt-CFTR and temperature-corrected ΔF508-CFTR expressed in NIH3T3 cells was observed using excised inside-out membrane patch recordings as previously described (Dalemans, W., Barbry, P., Champigny, G., Jallat, S., Dott, K., Dreyer, D., Crystal, R. G., Pavirani, A., Lecocq, J-P., Lazdunski, M. (1991) Nature 354, 526-528) using an Axopatch 200B patch-clamp amplifier (Axon Instruments Inc.). The pipette contained (in mM): 150 NMDG, 150 aspartic acid, 5 CaCl2, 2 MgCl2, and 10 HEPES (pH adjusted to 7.35 with Tris base). The bath contained (in mM): 150 NMDG-Cl, 2 MgCl2, 5 EGTA, 10 TES, and 14 Tris base (pH adjusted to 7.35 with HCl). After excision, both wt- and ΔF508-CFTR were activated by adding 1 mM Mg-ATP, 75 nM of the catalytic subunit of cAMP-dependent protein kinase (PKA; Promega Corp. Madison, Wis.), and 10 mM NaF to inhibit protein phosphatases, which prevented current rundown. The pipette potential was maintained at 80 mV. Channel activity was analyzed from membrane patches containing ≤2 active channels. The maximum number of simultaneous openings determined the number of active channels during the course of an experiment. To determine the single-channel current amplitude, the data recorded from 120 sec of ΔF508-CFTR activity was filtered off-line at 100 Hz and then used to construct all-point amplitude histograms that were fitted with multigaussian functions using Bio-Patch Analysis software (Bio-Logic Comp. France). The total microscopic current and open probability (Po) were determined from 120 sec of channel activity. The Po was determined using the Bio-Patch software or from the relationship Po=I/i(N), where I=mean current, i=single-channel current amplitude, and N=number of active channels in patch.",B,EC50,=,272.0,nM,6.57,535692,2018,unspecified,activator
CHEMBL3933231,CC(C)(CCOC[C@@H](O)CO)c1cc2cc(NC(=O)C3(c4ccc5c(c4)OC(F)(F)O5)CC3)c(F)cc2[nH]1,CHEMBL4051,CHEMBL5725663,Cystic fibrosis transmembrane conductance regulator,CHEMBL5731269,"Ussing Chamber Assay: Single-Channel Recordings activity of wt-CFTR and temperature-corrected ΔF508-CFTR expressed in NIH3T3 cells was observed using excised inside-out membrane patch recordings as previously described (Dalemans, W., Barbry, P., Champigny, G., Jallat, S., Dott, K., Dreyer, D., Crystal, R. G., Pavirani, A., Lecocq, J-P., Lazdunski, M. (1991) Nature 354, 526-528) using an Axopatch 200B patch-clamp amplifier (Axon Instruments Inc.). The pipette contained (in mM): 150 NMDG, 150 aspartic acid, 5 CaCl2, 2 MgCl2, and 10 HEPES (pH adjusted to 7.35 with Tris base). The bath contained (in mM): 150 NMDG-Cl, 2 MgCl2, 5 EGTA, 10 TES, and 14 Tris base (pH adjusted to 7.35 with HCl). After excision, both wt- and ΔF508-CFTR were activated by adding 1 mM Mg-ATP, 75 nM of the catalytic subunit of cAMP-dependent protein kinase (PKA; Promega Corp. Madison, Wis.), and 10 mM NaF to inhibit protein phosphatases, which prevented current rundown. The pipette potential was maintained at 80 mV. Channel activity was analyzed from membrane patches containing ≤2 active channels. The maximum number of simultaneous openings determined the number of active channels during the course of an experiment. To determine the single-channel current amplitude, the data recorded from 120 sec of ΔF508-CFTR activity was filtered off-line at 100 Hz and then used to construct all-point amplitude histograms that were fitted with multigaussian functions using Bio-Patch Analysis software (Bio-Logic Comp. France). The total microscopic current and open probability (Po) were determined from 120 sec of channel activity. The Po was determined using the Bio-Patch software or from the relationship Po=I/i(N), where I=mean current, i=single-channel current amplitude, and N=number of active channels in patch.",B,EC50,=,285.0,nM,6.54,535693,2018,unspecified,activator
CHEMBL3910383,COc1ccc(C2(C(=O)Nc3ccc4[nH]c(C(C)(C)C)cc4c3)CC2(C)C)cc1,CHEMBL4051,CHEMBL5725663,Cystic fibrosis transmembrane conductance regulator,CHEMBL5731269,"Ussing Chamber Assay: Single-Channel Recordings activity of wt-CFTR and temperature-corrected ΔF508-CFTR expressed in NIH3T3 cells was observed using excised inside-out membrane patch recordings as previously described (Dalemans, W., Barbry, P., Champigny, G., Jallat, S., Dott, K., Dreyer, D., Crystal, R. G., Pavirani, A., Lecocq, J-P., Lazdunski, M. (1991) Nature 354, 526-528) using an Axopatch 200B patch-clamp amplifier (Axon Instruments Inc.). The pipette contained (in mM): 150 NMDG, 150 aspartic acid, 5 CaCl2, 2 MgCl2, and 10 HEPES (pH adjusted to 7.35 with Tris base). The bath contained (in mM): 150 NMDG-Cl, 2 MgCl2, 5 EGTA, 10 TES, and 14 Tris base (pH adjusted to 7.35 with HCl). After excision, both wt- and ΔF508-CFTR were activated by adding 1 mM Mg-ATP, 75 nM of the catalytic subunit of cAMP-dependent protein kinase (PKA; Promega Corp. Madison, Wis.), and 10 mM NaF to inhibit protein phosphatases, which prevented current rundown. The pipette potential was maintained at 80 mV. Channel activity was analyzed from membrane patches containing ≤2 active channels. The maximum number of simultaneous openings determined the number of active channels during the course of an experiment. To determine the single-channel current amplitude, the data recorded from 120 sec of ΔF508-CFTR activity was filtered off-line at 100 Hz and then used to construct all-point amplitude histograms that were fitted with multigaussian functions using Bio-Patch Analysis software (Bio-Logic Comp. France). The total microscopic current and open probability (Po) were determined from 120 sec of channel activity. The Po was determined using the Bio-Patch software or from the relationship Po=I/i(N), where I=mean current, i=single-channel current amplitude, and N=number of active channels in patch.",B,EC50,=,4525.0,nM,5.34,535694,2018,unspecified,activator
CHEMBL3923765,CC(C)(C)c1cc2cc(NC(=O)C3(c4ccc5c(c4)OCO5)CC3)c(F)cc2n1C[C@@H](O)CO,CHEMBL4051,CHEMBL5725663,Cystic fibrosis transmembrane conductance regulator,CHEMBL5731269,"Ussing Chamber Assay: Single-Channel Recordings activity of wt-CFTR and temperature-corrected ΔF508-CFTR expressed in NIH3T3 cells was observed using excised inside-out membrane patch recordings as previously described (Dalemans, W., Barbry, P., Champigny, G., Jallat, S., Dott, K., Dreyer, D., Crystal, R. G., Pavirani, A., Lecocq, J-P., Lazdunski, M. (1991) Nature 354, 526-528) using an Axopatch 200B patch-clamp amplifier (Axon Instruments Inc.). The pipette contained (in mM): 150 NMDG, 150 aspartic acid, 5 CaCl2, 2 MgCl2, and 10 HEPES (pH adjusted to 7.35 with Tris base). The bath contained (in mM): 150 NMDG-Cl, 2 MgCl2, 5 EGTA, 10 TES, and 14 Tris base (pH adjusted to 7.35 with HCl). After excision, both wt- and ΔF508-CFTR were activated by adding 1 mM Mg-ATP, 75 nM of the catalytic subunit of cAMP-dependent protein kinase (PKA; Promega Corp. Madison, Wis.), and 10 mM NaF to inhibit protein phosphatases, which prevented current rundown. The pipette potential was maintained at 80 mV. Channel activity was analyzed from membrane patches containing ≤2 active channels. The maximum number of simultaneous openings determined the number of active channels during the course of an experiment. To determine the single-channel current amplitude, the data recorded from 120 sec of ΔF508-CFTR activity was filtered off-line at 100 Hz and then used to construct all-point amplitude histograms that were fitted with multigaussian functions using Bio-Patch Analysis software (Bio-Logic Comp. France). The total microscopic current and open probability (Po) were determined from 120 sec of channel activity. The Po was determined using the Bio-Patch software or from the relationship Po=I/i(N), where I=mean current, i=single-channel current amplitude, and N=number of active channels in patch.",B,EC50,=,65.9,nM,7.18,535695,2018,unspecified,activator
CHEMBL3948182,COc1ccc(C2(C(=O)Nc3ccc4c(c3)cc(C(C)(C)C)n4C[C@@H](O)CO)CC2(C)C)cc1,CHEMBL4051,CHEMBL5725663,Cystic fibrosis transmembrane conductance regulator,CHEMBL5731269,"Ussing Chamber Assay: Single-Channel Recordings activity of wt-CFTR and temperature-corrected ΔF508-CFTR expressed in NIH3T3 cells was observed using excised inside-out membrane patch recordings as previously described (Dalemans, W., Barbry, P., Champigny, G., Jallat, S., Dott, K., Dreyer, D., Crystal, R. G., Pavirani, A., Lecocq, J-P., Lazdunski, M. (1991) Nature 354, 526-528) using an Axopatch 200B patch-clamp amplifier (Axon Instruments Inc.). The pipette contained (in mM): 150 NMDG, 150 aspartic acid, 5 CaCl2, 2 MgCl2, and 10 HEPES (pH adjusted to 7.35 with Tris base). The bath contained (in mM): 150 NMDG-Cl, 2 MgCl2, 5 EGTA, 10 TES, and 14 Tris base (pH adjusted to 7.35 with HCl). After excision, both wt- and ΔF508-CFTR were activated by adding 1 mM Mg-ATP, 75 nM of the catalytic subunit of cAMP-dependent protein kinase (PKA; Promega Corp. Madison, Wis.), and 10 mM NaF to inhibit protein phosphatases, which prevented current rundown. The pipette potential was maintained at 80 mV. Channel activity was analyzed from membrane patches containing ≤2 active channels. The maximum number of simultaneous openings determined the number of active channels during the course of an experiment. To determine the single-channel current amplitude, the data recorded from 120 sec of ΔF508-CFTR activity was filtered off-line at 100 Hz and then used to construct all-point amplitude histograms that were fitted with multigaussian functions using Bio-Patch Analysis software (Bio-Logic Comp. France). The total microscopic current and open probability (Po) were determined from 120 sec of channel activity. The Po was determined using the Bio-Patch software or from the relationship Po=I/i(N), where I=mean current, i=single-channel current amplitude, and N=number of active channels in patch.",B,EC50,=,39.1,nM,7.41,535696,2018,unspecified,activator
CHEMBL3897640,CC(C)(CO)c1cc2cc(NC(=O)C3(c4ccc5c(c4)OC(F)(F)O5)CC3)c(F)cc2[nH]1,CHEMBL4051,CHEMBL5725663,Cystic fibrosis transmembrane conductance regulator,CHEMBL5731269,"Ussing Chamber Assay: Single-Channel Recordings activity of wt-CFTR and temperature-corrected ΔF508-CFTR expressed in NIH3T3 cells was observed using excised inside-out membrane patch recordings as previously described (Dalemans, W., Barbry, P., Champigny, G., Jallat, S., Dott, K., Dreyer, D., Crystal, R. G., Pavirani, A., Lecocq, J-P., Lazdunski, M. (1991) Nature 354, 526-528) using an Axopatch 200B patch-clamp amplifier (Axon Instruments Inc.). The pipette contained (in mM): 150 NMDG, 150 aspartic acid, 5 CaCl2, 2 MgCl2, and 10 HEPES (pH adjusted to 7.35 with Tris base). The bath contained (in mM): 150 NMDG-Cl, 2 MgCl2, 5 EGTA, 10 TES, and 14 Tris base (pH adjusted to 7.35 with HCl). After excision, both wt- and ΔF508-CFTR were activated by adding 1 mM Mg-ATP, 75 nM of the catalytic subunit of cAMP-dependent protein kinase (PKA; Promega Corp. Madison, Wis.), and 10 mM NaF to inhibit protein phosphatases, which prevented current rundown. The pipette potential was maintained at 80 mV. Channel activity was analyzed from membrane patches containing ≤2 active channels. The maximum number of simultaneous openings determined the number of active channels during the course of an experiment. To determine the single-channel current amplitude, the data recorded from 120 sec of ΔF508-CFTR activity was filtered off-line at 100 Hz and then used to construct all-point amplitude histograms that were fitted with multigaussian functions using Bio-Patch Analysis software (Bio-Logic Comp. France). The total microscopic current and open probability (Po) were determined from 120 sec of channel activity. The Po was determined using the Bio-Patch software or from the relationship Po=I/i(N), where I=mean current, i=single-channel current amplitude, and N=number of active channels in patch.",B,EC50,=,4315.0,nM,5.37,535697,2018,unspecified,activator
CHEMBL5923181,CC(C)(C)c1cc2cc(NC(=O)C3(c4ccc(N)c(O)c4)CC3)ccc2n1C[C@@H](O)CO,CHEMBL4051,CHEMBL5725663,Cystic fibrosis transmembrane conductance regulator,CHEMBL5731269,"Ussing Chamber Assay: Single-Channel Recordings activity of wt-CFTR and temperature-corrected ΔF508-CFTR expressed in NIH3T3 cells was observed using excised inside-out membrane patch recordings as previously described (Dalemans, W., Barbry, P., Champigny, G., Jallat, S., Dott, K., Dreyer, D., Crystal, R. G., Pavirani, A., Lecocq, J-P., Lazdunski, M. (1991) Nature 354, 526-528) using an Axopatch 200B patch-clamp amplifier (Axon Instruments Inc.). The pipette contained (in mM): 150 NMDG, 150 aspartic acid, 5 CaCl2, 2 MgCl2, and 10 HEPES (pH adjusted to 7.35 with Tris base). The bath contained (in mM): 150 NMDG-Cl, 2 MgCl2, 5 EGTA, 10 TES, and 14 Tris base (pH adjusted to 7.35 with HCl). After excision, both wt- and ΔF508-CFTR were activated by adding 1 mM Mg-ATP, 75 nM of the catalytic subunit of cAMP-dependent protein kinase (PKA; Promega Corp. Madison, Wis.), and 10 mM NaF to inhibit protein phosphatases, which prevented current rundown. The pipette potential was maintained at 80 mV. Channel activity was analyzed from membrane patches containing ≤2 active channels. The maximum number of simultaneous openings determined the number of active channels during the course of an experiment. To determine the single-channel current amplitude, the data recorded from 120 sec of ΔF508-CFTR activity was filtered off-line at 100 Hz and then used to construct all-point amplitude histograms that were fitted with multigaussian functions using Bio-Patch Analysis software (Bio-Logic Comp. France). The total microscopic current and open probability (Po) were determined from 120 sec of channel activity. The Po was determined using the Bio-Patch software or from the relationship Po=I/i(N), where I=mean current, i=single-channel current amplitude, and N=number of active channels in patch.",B,EC50,=,1810.0,nM,5.74,535698,2018,unspecified,activator
CHEMBL5088068,C[C@@](O)(CNC(=O)c1nc(Br)c(C(F)(F)F)cc1N)C(F)(F)F,CHEMBL4051,CHEMBL5725855,Cystic fibrosis transmembrane conductance regulator,CHEMBL5731607,"Potentiator Assay: Fischer Rat Thyroid (FRT) epithelial cells, stably expressing human ΔF508-CFTR were used as monolayer cultures on permeable supports. Cl− current was measured using the short circuit current technique, under an imposed basolateral to apical Cl− gradient in Ussing chambers. To measure stable Cl− currents, FRT cells were cultured for 48 h at 27° C. to facilitate the insertion of ΔF508 CFTR into the plasma membrane. Ussing chamber studies were likewise conducted at 27° C. Under these conditions, the effects of cumulative additions of test compounds on ΔF508 CFTR currents could be quantitated with both potency and efficacy endpoints. Compounds were added to both the apical and basloalteral sides subsequent to addition of 10 μM forskolin. Efficacy of compounds was compared to a known potentiator such as gensitein.",B,EC50,=,15.0,nM,7.82,569895,2018,unspecified,potentiator
CHEMBL5885719,CC(O)(CNC(=O)c1nc(-c2ccc(Cl)cc2Cl)c(C(F)(F)F)cc1N)C(F)(F)F,CHEMBL4051,CHEMBL5725855,Cystic fibrosis transmembrane conductance regulator,CHEMBL5731607,"Potentiator Assay: Fischer Rat Thyroid (FRT) epithelial cells, stably expressing human ΔF508-CFTR were used as monolayer cultures on permeable supports. Cl− current was measured using the short circuit current technique, under an imposed basolateral to apical Cl− gradient in Ussing chambers. To measure stable Cl− currents, FRT cells were cultured for 48 h at 27° C. to facilitate the insertion of ΔF508 CFTR into the plasma membrane. Ussing chamber studies were likewise conducted at 27° C. Under these conditions, the effects of cumulative additions of test compounds on ΔF508 CFTR currents could be quantitated with both potency and efficacy endpoints. Compounds were added to both the apical and basloalteral sides subsequent to addition of 10 μM forskolin. Efficacy of compounds was compared to a known potentiator such as gensitein.",B,EC50,=,90.0,nM,7.05,569896,2018,unspecified,potentiator
CHEMBL5084140,C[C@](O)(CNC(=O)c1nc(Br)c(C(F)(F)F)cc1N)C(F)(F)F,CHEMBL4051,CHEMBL5725855,Cystic fibrosis transmembrane conductance regulator,CHEMBL5731607,"Potentiator Assay: Fischer Rat Thyroid (FRT) epithelial cells, stably expressing human ΔF508-CFTR were used as monolayer cultures on permeable supports. Cl− current was measured using the short circuit current technique, under an imposed basolateral to apical Cl− gradient in Ussing chambers. To measure stable Cl− currents, FRT cells were cultured for 48 h at 27° C. to facilitate the insertion of ΔF508 CFTR into the plasma membrane. Ussing chamber studies were likewise conducted at 27° C. Under these conditions, the effects of cumulative additions of test compounds on ΔF508 CFTR currents could be quantitated with both potency and efficacy endpoints. Compounds were added to both the apical and basloalteral sides subsequent to addition of 10 μM forskolin. Efficacy of compounds was compared to a known potentiator such as gensitein.",B,EC50,=,55.0,nM,7.26,569897,2018,unspecified,potentiator
CHEMBL5885719,CC(O)(CNC(=O)c1nc(-c2ccc(Cl)cc2Cl)c(C(F)(F)F)cc1N)C(F)(F)F,CHEMBL4051,CHEMBL5725855,Cystic fibrosis transmembrane conductance regulator,CHEMBL5731607,"Potentiator Assay: Fischer Rat Thyroid (FRT) epithelial cells, stably expressing human ΔF508-CFTR were used as monolayer cultures on permeable supports. Cl− current was measured using the short circuit current technique, under an imposed basolateral to apical Cl− gradient in Ussing chambers. To measure stable Cl− currents, FRT cells were cultured for 48 h at 27° C. to facilitate the insertion of ΔF508 CFTR into the plasma membrane. Ussing chamber studies were likewise conducted at 27° C. Under these conditions, the effects of cumulative additions of test compounds on ΔF508 CFTR currents could be quantitated with both potency and efficacy endpoints. Compounds were added to both the apical and basloalteral sides subsequent to addition of 10 μM forskolin. Efficacy of compounds was compared to a known potentiator such as gensitein.",B,EC50,=,112.0,nM,6.95,569898,2018,unspecified,potentiator
CHEMBL5096045,COc1nc(C(=O)NCC(C)(O)C(F)(F)F)c(N)cc1C(F)(F)F,CHEMBL4051,CHEMBL5725855,Cystic fibrosis transmembrane conductance regulator,CHEMBL5731607,"Potentiator Assay: Fischer Rat Thyroid (FRT) epithelial cells, stably expressing human ΔF508-CFTR were used as monolayer cultures on permeable supports. Cl− current was measured using the short circuit current technique, under an imposed basolateral to apical Cl− gradient in Ussing chambers. To measure stable Cl− currents, FRT cells were cultured for 48 h at 27° C. to facilitate the insertion of ΔF508 CFTR into the plasma membrane. Ussing chamber studies were likewise conducted at 27° C. Under these conditions, the effects of cumulative additions of test compounds on ΔF508 CFTR currents could be quantitated with both potency and efficacy endpoints. Compounds were added to both the apical and basloalteral sides subsequent to addition of 10 μM forskolin. Efficacy of compounds was compared to a known potentiator such as gensitein.",B,EC50,=,76.0,nM,7.12,569899,2018,unspecified,potentiator
CHEMBL5944891,CC(C)(O)CNC(=O)c1nc(-c2ccc(F)cc2)c(C(F)(F)F)cc1N,CHEMBL4051,CHEMBL5725855,Cystic fibrosis transmembrane conductance regulator,CHEMBL5731607,"Potentiator Assay: Fischer Rat Thyroid (FRT) epithelial cells, stably expressing human ΔF508-CFTR were used as monolayer cultures on permeable supports. Cl− current was measured using the short circuit current technique, under an imposed basolateral to apical Cl− gradient in Ussing chambers. To measure stable Cl− currents, FRT cells were cultured for 48 h at 27° C. to facilitate the insertion of ΔF508 CFTR into the plasma membrane. Ussing chamber studies were likewise conducted at 27° C. Under these conditions, the effects of cumulative additions of test compounds on ΔF508 CFTR currents could be quantitated with both potency and efficacy endpoints. Compounds were added to both the apical and basloalteral sides subsequent to addition of 10 μM forskolin. Efficacy of compounds was compared to a known potentiator such as gensitein.",B,EC50,=,37.0,nM,7.43,569900,2018,unspecified,potentiator
CHEMBL4650318,COc1nc(C(=O)NC[C@](C)(O)C(F)(F)F)c(N)cc1C(F)(F)F,CHEMBL4051,CHEMBL5725855,Cystic fibrosis transmembrane conductance regulator,CHEMBL5731607,"Potentiator Assay: Fischer Rat Thyroid (FRT) epithelial cells, stably expressing human ΔF508-CFTR were used as monolayer cultures on permeable supports. Cl− current was measured using the short circuit current technique, under an imposed basolateral to apical Cl− gradient in Ussing chambers. To measure stable Cl− currents, FRT cells were cultured for 48 h at 27° C. to facilitate the insertion of ΔF508 CFTR into the plasma membrane. Ussing chamber studies were likewise conducted at 27° C. Under these conditions, the effects of cumulative additions of test compounds on ΔF508 CFTR currents could be quantitated with both potency and efficacy endpoints. Compounds were added to both the apical and basloalteral sides subsequent to addition of 10 μM forskolin. Efficacy of compounds was compared to a known potentiator such as gensitein.",B,EC50,=,50.0,nM,7.30,569901,2018,unspecified,potentiator
CHEMBL5865042,COc1nc(C(=O)NCC(O)C(F)(F)F)c(N)cc1C(F)(F)F,CHEMBL4051,CHEMBL5725855,Cystic fibrosis transmembrane conductance regulator,CHEMBL5731607,"Potentiator Assay: Fischer Rat Thyroid (FRT) epithelial cells, stably expressing human ΔF508-CFTR were used as monolayer cultures on permeable supports. Cl− current was measured using the short circuit current technique, under an imposed basolateral to apical Cl− gradient in Ussing chambers. To measure stable Cl− currents, FRT cells were cultured for 48 h at 27° C. to facilitate the insertion of ΔF508 CFTR into the plasma membrane. Ussing chamber studies were likewise conducted at 27° C. Under these conditions, the effects of cumulative additions of test compounds on ΔF508 CFTR currents could be quantitated with both potency and efficacy endpoints. Compounds were added to both the apical and basloalteral sides subsequent to addition of 10 μM forskolin. Efficacy of compounds was compared to a known potentiator such as gensitein.",B,EC50,=,35.0,nM,7.46,569902,2018,unspecified,potentiator
CHEMBL5096045,COc1nc(C(=O)NCC(C)(O)C(F)(F)F)c(N)cc1C(F)(F)F,CHEMBL4051,CHEMBL5725855,Cystic fibrosis transmembrane conductance regulator,CHEMBL5731607,"Potentiator Assay: Fischer Rat Thyroid (FRT) epithelial cells, stably expressing human ΔF508-CFTR were used as monolayer cultures on permeable supports. Cl− current was measured using the short circuit current technique, under an imposed basolateral to apical Cl− gradient in Ussing chambers. To measure stable Cl− currents, FRT cells were cultured for 48 h at 27° C. to facilitate the insertion of ΔF508 CFTR into the plasma membrane. Ussing chamber studies were likewise conducted at 27° C. Under these conditions, the effects of cumulative additions of test compounds on ΔF508 CFTR currents could be quantitated with both potency and efficacy endpoints. Compounds were added to both the apical and basloalteral sides subsequent to addition of 10 μM forskolin. Efficacy of compounds was compared to a known potentiator such as gensitein.",B,EC50,=,426.0,nM,6.37,569903,2018,unspecified,potentiator
CHEMBL6050385,Cc1ccc(-c2nc(C(=O)NCC(O)(C(F)(F)F)C(F)(F)F)c(N)cc2C(F)(F)F)cn1,CHEMBL4051,CHEMBL5725855,Cystic fibrosis transmembrane conductance regulator,CHEMBL5731607,"Potentiator Assay: Fischer Rat Thyroid (FRT) epithelial cells, stably expressing human ΔF508-CFTR were used as monolayer cultures on permeable supports. Cl− current was measured using the short circuit current technique, under an imposed basolateral to apical Cl− gradient in Ussing chambers. To measure stable Cl− currents, FRT cells were cultured for 48 h at 27° C. to facilitate the insertion of ΔF508 CFTR into the plasma membrane. Ussing chamber studies were likewise conducted at 27° C. Under these conditions, the effects of cumulative additions of test compounds on ΔF508 CFTR currents could be quantitated with both potency and efficacy endpoints. Compounds were added to both the apical and basloalteral sides subsequent to addition of 10 μM forskolin. Efficacy of compounds was compared to a known potentiator such as gensitein.",B,EC50,=,115.0,nM,6.94,569904,2018,unspecified,potentiator
CHEMBL5760754,C[C@](O)(CNC(=O)c1nc(-c2ccc(F)cc2)c(C(F)(F)F)cc1N)C(F)(F)F,CHEMBL4051,CHEMBL5725855,Cystic fibrosis transmembrane conductance regulator,CHEMBL5731607,"Potentiator Assay: Fischer Rat Thyroid (FRT) epithelial cells, stably expressing human ΔF508-CFTR were used as monolayer cultures on permeable supports. Cl− current was measured using the short circuit current technique, under an imposed basolateral to apical Cl− gradient in Ussing chambers. To measure stable Cl− currents, FRT cells were cultured for 48 h at 27° C. to facilitate the insertion of ΔF508 CFTR into the plasma membrane. Ussing chamber studies were likewise conducted at 27° C. Under these conditions, the effects of cumulative additions of test compounds on ΔF508 CFTR currents could be quantitated with both potency and efficacy endpoints. Compounds were added to both the apical and basloalteral sides subsequent to addition of 10 μM forskolin. Efficacy of compounds was compared to a known potentiator such as gensitein.",B,EC50,=,40.0,nM,7.40,569905,2018,unspecified,potentiator
CHEMBL6014633,Cc1ccc(-c2nc(C(=O)NCC(C)(O)C(F)(F)F)c(N)cc2C(F)(F)F)cn1,CHEMBL4051,CHEMBL5725855,Cystic fibrosis transmembrane conductance regulator,CHEMBL5731607,"Potentiator Assay: Fischer Rat Thyroid (FRT) epithelial cells, stably expressing human ΔF508-CFTR were used as monolayer cultures on permeable supports. Cl− current was measured using the short circuit current technique, under an imposed basolateral to apical Cl− gradient in Ussing chambers. To measure stable Cl− currents, FRT cells were cultured for 48 h at 27° C. to facilitate the insertion of ΔF508 CFTR into the plasma membrane. Ussing chamber studies were likewise conducted at 27° C. Under these conditions, the effects of cumulative additions of test compounds on ΔF508 CFTR currents could be quantitated with both potency and efficacy endpoints. Compounds were added to both the apical and basloalteral sides subsequent to addition of 10 μM forskolin. Efficacy of compounds was compared to a known potentiator such as gensitein.",B,EC50,=,51.0,nM,7.29,569906,2018,unspecified,potentiator
CHEMBL5861961,C[C@@](O)(CNC(=O)c1nc(-c2ccc(F)cc2)c(C(F)(F)F)cc1N)C(F)(F)F,CHEMBL4051,CHEMBL5725855,Cystic fibrosis transmembrane conductance regulator,CHEMBL5731607,"Potentiator Assay: Fischer Rat Thyroid (FRT) epithelial cells, stably expressing human ΔF508-CFTR were used as monolayer cultures on permeable supports. Cl− current was measured using the short circuit current technique, under an imposed basolateral to apical Cl− gradient in Ussing chambers. To measure stable Cl− currents, FRT cells were cultured for 48 h at 27° C. to facilitate the insertion of ΔF508 CFTR into the plasma membrane. Ussing chamber studies were likewise conducted at 27° C. Under these conditions, the effects of cumulative additions of test compounds on ΔF508 CFTR currents could be quantitated with both potency and efficacy endpoints. Compounds were added to both the apical and basloalteral sides subsequent to addition of 10 μM forskolin. Efficacy of compounds was compared to a known potentiator such as gensitein.",B,EC50,=,60.0,nM,7.22,569907,2018,unspecified,potentiator
CHEMBL5088607,C[C@](O)(CNC(=O)c1nc(C(F)(F)F)c(C(F)(F)F)cc1N)C(F)(F)F,CHEMBL4051,CHEMBL5725855,Cystic fibrosis transmembrane conductance regulator,CHEMBL5731607,"Potentiator Assay: Fischer Rat Thyroid (FRT) epithelial cells, stably expressing human ΔF508-CFTR were used as monolayer cultures on permeable supports. Cl− current was measured using the short circuit current technique, under an imposed basolateral to apical Cl− gradient in Ussing chambers. To measure stable Cl− currents, FRT cells were cultured for 48 h at 27° C. to facilitate the insertion of ΔF508 CFTR into the plasma membrane. Ussing chamber studies were likewise conducted at 27° C. Under these conditions, the effects of cumulative additions of test compounds on ΔF508 CFTR currents could be quantitated with both potency and efficacy endpoints. Compounds were added to both the apical and basloalteral sides subsequent to addition of 10 μM forskolin. Efficacy of compounds was compared to a known potentiator such as gensitein.",B,EC50,=,8.0,nM,8.10,569908,2018,unspecified,potentiator
CHEMBL5965554,C[C@@](O)(CNC(=O)c1nc(C(F)(F)F)c(C(F)(F)F)cc1N)C(F)(F)F,CHEMBL4051,CHEMBL5725855,Cystic fibrosis transmembrane conductance regulator,CHEMBL5731607,"Potentiator Assay: Fischer Rat Thyroid (FRT) epithelial cells, stably expressing human ΔF508-CFTR were used as monolayer cultures on permeable supports. Cl− current was measured using the short circuit current technique, under an imposed basolateral to apical Cl− gradient in Ussing chambers. To measure stable Cl− currents, FRT cells were cultured for 48 h at 27° C. to facilitate the insertion of ΔF508 CFTR into the plasma membrane. Ussing chamber studies were likewise conducted at 27° C. Under these conditions, the effects of cumulative additions of test compounds on ΔF508 CFTR currents could be quantitated with both potency and efficacy endpoints. Compounds were added to both the apical and basloalteral sides subsequent to addition of 10 μM forskolin. Efficacy of compounds was compared to a known potentiator such as gensitein.",B,EC50,=,10.0,nM,8.00,569909,2018,unspecified,potentiator
CHEMBL6052392,COCCS(=O)(=O)NC(=O)c1cc(N2CCC(COC)CC2)c2c(C(C)C)nn(-c3ccc(F)cc3)c2n1,CHEMBL4051,CHEMBL5725896,Cystic fibrosis transmembrane conductance regulator,CHEMBL5731659,"YFP-Halide Influx Assay: YFP-Halide Influx Assay for the CFTR-ΔF508 Mutation and Suppressor mutants (I539T or G550E)The YFP halide influx assay measures the functionality of the Cystic Fibrosis Transmembrane Conductance regulator (CFTR) channels in the cystic fibrosis bronchial epithelium cell line CFBE4lo−. The fluorescence of the yellow fluorescent protein (YFP) variant YFP H148Q, I152L or variant YFP H148Q, I152L & F47L is substantially quenched by iodine, a halide that is efficiently transported by CFTR. The assay is thus used to evaluate the effect of corrector compounds on CFTR channel function by measuring the extent of YFP signal quenching. (Galietta et al. American Journal of Physiology Cell Physiology Vol. 281 no. 5, C1734-C1742, 2001; Nagai et al., Nat Biotechnol. 2002 January; 20(1):87-90.)For this purpose, HEK293 cells are transfected with plasmid DNA containing F508del CFTR, F508del/I539T CFTR or F508del/G550E CFTR and seeded in 96 well plates (70,000 HEK cells/well). The next day, cells are treated with test compounds.Cells are treated with test compounds for 24 h at 37° C. to allow trafficking of corrected CFTR to the membrane.The next day the CFTR channels are activated by treatment with the cAMP inducer forskolin (10.67 μM) and potentiator GLPG1837 (0.5 μM) in 1×D-PBS (from Gibco, Cat n#14090-091) for 20 minutes prior to addition of an I− solution (137 mM NaI, 2.7 mM KI, 1.76 mM KH2PO4, 10.1 mM Na2HPO4, 5 mM glucose). The I− induced quenching of fluorescence is recorded immediately after injection of for 7 seconds. The capacity of a compound to increase number of channels, and therefore overall halide influx is directly correlated with the decrease in fluorescence, and is expressed as (1−(fluorescence after 7 seconds (F)/fluorescence before injection (F0))) and an EC50 can be derived from a (1-F/F0) vs compound concentration plot.",B,IC50,=,102.0,nM,6.99,574902,2018,F508del,activator
CHEMBL6052392,COCCS(=O)(=O)NC(=O)c1cc(N2CCC(COC)CC2)c2c(C(C)C)nn(-c3ccc(F)cc3)c2n1,CHEMBL4051,CHEMBL5725896,Cystic fibrosis transmembrane conductance regulator,CHEMBL5731660,"YFP-Halide Influx Assay for the CFTR-WT: For this purpose, HEK293 cells are transfected with plasmid DNA containing WT CFTR and seeded in 96 well plates (70,000 HEK cells/well). Two days after transfection, cells are treated with test compounds.The CFTR channels are activated by treatment with the cAMP inducer forskolin (10.67 μM) and a dose response of test compounds in 1×D-PBS (from Gibco, Cat n#14090-091) for 20 minutes prior to addition of an F solution (137 mM NaI, 2.7 mM KI, 1.76 mM KH2PO4, 10.1 mM Na2HPO4, 5 mM glucose). The I− induced quenching of fluorescence is recorded immediately after injection of for 7 seconds. The impact of a compound on the channel functionality can be measured by looking at the effect on fluorescence, and is expressed as (1-(fluorescence after 7 seconds (F)/fluorescence before injection (F0))) and an EC50 can be derived from a (1−F/F0) vs compound concentration plot.",B,IC50,=,40.0,nM,7.40,574903,2018,unspecified,activator
CHEMBL6052392,COCCS(=O)(=O)NC(=O)c1cc(N2CCC(COC)CC2)c2c(C(C)C)nn(-c3ccc(F)cc3)c2n1,CHEMBL4051,CHEMBL5725896,Cystic fibrosis transmembrane conductance regulator,CHEMBL5731660,"YFP-Halide Influx Assay for the CFTR-WT: For this purpose, HEK293 cells are transfected with plasmid DNA containing WT CFTR and seeded in 96 well plates (70,000 HEK cells/well). Two days after transfection, cells are treated with test compounds.The CFTR channels are activated by treatment with the cAMP inducer forskolin (10.67 μM) and a dose response of test compounds in 1×D-PBS (from Gibco, Cat n#14090-091) for 20 minutes prior to addition of an F solution (137 mM NaI, 2.7 mM KI, 1.76 mM KH2PO4, 10.1 mM Na2HPO4, 5 mM glucose). The I− induced quenching of fluorescence is recorded immediately after injection of for 7 seconds. The impact of a compound on the channel functionality can be measured by looking at the effect on fluorescence, and is expressed as (1-(fluorescence after 7 seconds (F)/fluorescence before injection (F0))) and an EC50 can be derived from a (1−F/F0) vs compound concentration plot.",B,IC50,=,103.0,nM,6.99,574904,2018,unspecified,activator
CHEMBL6037187,COCCS(=O)(=O)NC(=O)c1cc(N2CCC(OC)CC2)c2c(C3CCC3)nn(-c3ccccc3)c2n1,CHEMBL4051,CHEMBL5725896,Cystic fibrosis transmembrane conductance regulator,CHEMBL5731659,"YFP-Halide Influx Assay: YFP-Halide Influx Assay for the CFTR-ΔF508 Mutation and Suppressor mutants (I539T or G550E)The YFP halide influx assay measures the functionality of the Cystic Fibrosis Transmembrane Conductance regulator (CFTR) channels in the cystic fibrosis bronchial epithelium cell line CFBE4lo−. The fluorescence of the yellow fluorescent protein (YFP) variant YFP H148Q, I152L or variant YFP H148Q, I152L & F47L is substantially quenched by iodine, a halide that is efficiently transported by CFTR. The assay is thus used to evaluate the effect of corrector compounds on CFTR channel function by measuring the extent of YFP signal quenching. (Galietta et al. American Journal of Physiology Cell Physiology Vol. 281 no. 5, C1734-C1742, 2001; Nagai et al., Nat Biotechnol. 2002 January; 20(1):87-90.)For this purpose, HEK293 cells are transfected with plasmid DNA containing F508del CFTR, F508del/I539T CFTR or F508del/G550E CFTR and seeded in 96 well plates (70,000 HEK cells/well). The next day, cells are treated with test compounds.Cells are treated with test compounds for 24 h at 37° C. to allow trafficking of corrected CFTR to the membrane.The next day the CFTR channels are activated by treatment with the cAMP inducer forskolin (10.67 μM) and potentiator GLPG1837 (0.5 μM) in 1×D-PBS (from Gibco, Cat n#14090-091) for 20 minutes prior to addition of an I− solution (137 mM NaI, 2.7 mM KI, 1.76 mM KH2PO4, 10.1 mM Na2HPO4, 5 mM glucose). The I− induced quenching of fluorescence is recorded immediately after injection of for 7 seconds. The capacity of a compound to increase number of channels, and therefore overall halide influx is directly correlated with the decrease in fluorescence, and is expressed as (1−(fluorescence after 7 seconds (F)/fluorescence before injection (F0))) and an EC50 can be derived from a (1-F/F0) vs compound concentration plot.",B,IC50,=,417.0,nM,6.38,574905,2018,F508del,activator
CHEMBL6037187,COCCS(=O)(=O)NC(=O)c1cc(N2CCC(OC)CC2)c2c(C3CCC3)nn(-c3ccccc3)c2n1,CHEMBL4051,CHEMBL5725896,Cystic fibrosis transmembrane conductance regulator,CHEMBL5731660,"YFP-Halide Influx Assay for the CFTR-WT: For this purpose, HEK293 cells are transfected with plasmid DNA containing WT CFTR and seeded in 96 well plates (70,000 HEK cells/well). Two days after transfection, cells are treated with test compounds.The CFTR channels are activated by treatment with the cAMP inducer forskolin (10.67 μM) and a dose response of test compounds in 1×D-PBS (from Gibco, Cat n#14090-091) for 20 minutes prior to addition of an F solution (137 mM NaI, 2.7 mM KI, 1.76 mM KH2PO4, 10.1 mM Na2HPO4, 5 mM glucose). The I− induced quenching of fluorescence is recorded immediately after injection of for 7 seconds. The impact of a compound on the channel functionality can be measured by looking at the effect on fluorescence, and is expressed as (1-(fluorescence after 7 seconds (F)/fluorescence before injection (F0))) and an EC50 can be derived from a (1−F/F0) vs compound concentration plot.",B,IC50,>,6670.0,nM,,574906,2018,unspecified,activator
CHEMBL6037187,COCCS(=O)(=O)NC(=O)c1cc(N2CCC(OC)CC2)c2c(C3CCC3)nn(-c3ccccc3)c2n1,CHEMBL4051,CHEMBL5725896,Cystic fibrosis transmembrane conductance regulator,CHEMBL5731660,"YFP-Halide Influx Assay for the CFTR-WT: For this purpose, HEK293 cells are transfected with plasmid DNA containing WT CFTR and seeded in 96 well plates (70,000 HEK cells/well). Two days after transfection, cells are treated with test compounds.The CFTR channels are activated by treatment with the cAMP inducer forskolin (10.67 μM) and a dose response of test compounds in 1×D-PBS (from Gibco, Cat n#14090-091) for 20 minutes prior to addition of an F solution (137 mM NaI, 2.7 mM KI, 1.76 mM KH2PO4, 10.1 mM Na2HPO4, 5 mM glucose). The I− induced quenching of fluorescence is recorded immediately after injection of for 7 seconds. The impact of a compound on the channel functionality can be measured by looking at the effect on fluorescence, and is expressed as (1-(fluorescence after 7 seconds (F)/fluorescence before injection (F0))) and an EC50 can be derived from a (1−F/F0) vs compound concentration plot.",B,IC50,=,104.0,nM,6.98,574907,2018,unspecified,activator
CHEMBL5434572,CS(=O)(=O)NC(=O)c1cc(-c2ccc(N3CCC(C#N)CC3)nc2)c2c(C3CCC3)nn(-c3ccccc3)c2n1,CHEMBL4051,CHEMBL5725896,Cystic fibrosis transmembrane conductance regulator,CHEMBL5731659,"YFP-Halide Influx Assay: YFP-Halide Influx Assay for the CFTR-ΔF508 Mutation and Suppressor mutants (I539T or G550E)The YFP halide influx assay measures the functionality of the Cystic Fibrosis Transmembrane Conductance regulator (CFTR) channels in the cystic fibrosis bronchial epithelium cell line CFBE4lo−. The fluorescence of the yellow fluorescent protein (YFP) variant YFP H148Q, I152L or variant YFP H148Q, I152L & F47L is substantially quenched by iodine, a halide that is efficiently transported by CFTR. The assay is thus used to evaluate the effect of corrector compounds on CFTR channel function by measuring the extent of YFP signal quenching. (Galietta et al. American Journal of Physiology Cell Physiology Vol. 281 no. 5, C1734-C1742, 2001; Nagai et al., Nat Biotechnol. 2002 January; 20(1):87-90.)For this purpose, HEK293 cells are transfected with plasmid DNA containing F508del CFTR, F508del/I539T CFTR or F508del/G550E CFTR and seeded in 96 well plates (70,000 HEK cells/well). The next day, cells are treated with test compounds.Cells are treated with test compounds for 24 h at 37° C. to allow trafficking of corrected CFTR to the membrane.The next day the CFTR channels are activated by treatment with the cAMP inducer forskolin (10.67 μM) and potentiator GLPG1837 (0.5 μM) in 1×D-PBS (from Gibco, Cat n#14090-091) for 20 minutes prior to addition of an I− solution (137 mM NaI, 2.7 mM KI, 1.76 mM KH2PO4, 10.1 mM Na2HPO4, 5 mM glucose). The I− induced quenching of fluorescence is recorded immediately after injection of for 7 seconds. The capacity of a compound to increase number of channels, and therefore overall halide influx is directly correlated with the decrease in fluorescence, and is expressed as (1−(fluorescence after 7 seconds (F)/fluorescence before injection (F0))) and an EC50 can be derived from a (1-F/F0) vs compound concentration plot.",B,IC50,=,496.0,nM,6.30,574908,2018,F508del,activator
CHEMBL5434572,CS(=O)(=O)NC(=O)c1cc(-c2ccc(N3CCC(C#N)CC3)nc2)c2c(C3CCC3)nn(-c3ccccc3)c2n1,CHEMBL4051,CHEMBL5725896,Cystic fibrosis transmembrane conductance regulator,CHEMBL5731660,"YFP-Halide Influx Assay for the CFTR-WT: For this purpose, HEK293 cells are transfected with plasmid DNA containing WT CFTR and seeded in 96 well plates (70,000 HEK cells/well). Two days after transfection, cells are treated with test compounds.The CFTR channels are activated by treatment with the cAMP inducer forskolin (10.67 μM) and a dose response of test compounds in 1×D-PBS (from Gibco, Cat n#14090-091) for 20 minutes prior to addition of an F solution (137 mM NaI, 2.7 mM KI, 1.76 mM KH2PO4, 10.1 mM Na2HPO4, 5 mM glucose). The I− induced quenching of fluorescence is recorded immediately after injection of for 7 seconds. The impact of a compound on the channel functionality can be measured by looking at the effect on fluorescence, and is expressed as (1-(fluorescence after 7 seconds (F)/fluorescence before injection (F0))) and an EC50 can be derived from a (1−F/F0) vs compound concentration plot.",B,IC50,=,3250.0,nM,5.49,574909,2018,unspecified,activator
CHEMBL5434572,CS(=O)(=O)NC(=O)c1cc(-c2ccc(N3CCC(C#N)CC3)nc2)c2c(C3CCC3)nn(-c3ccccc3)c2n1,CHEMBL4051,CHEMBL5725896,Cystic fibrosis transmembrane conductance regulator,CHEMBL5731660,"YFP-Halide Influx Assay for the CFTR-WT: For this purpose, HEK293 cells are transfected with plasmid DNA containing WT CFTR and seeded in 96 well plates (70,000 HEK cells/well). Two days after transfection, cells are treated with test compounds.The CFTR channels are activated by treatment with the cAMP inducer forskolin (10.67 μM) and a dose response of test compounds in 1×D-PBS (from Gibco, Cat n#14090-091) for 20 minutes prior to addition of an F solution (137 mM NaI, 2.7 mM KI, 1.76 mM KH2PO4, 10.1 mM Na2HPO4, 5 mM glucose). The I− induced quenching of fluorescence is recorded immediately after injection of for 7 seconds. The impact of a compound on the channel functionality can be measured by looking at the effect on fluorescence, and is expressed as (1-(fluorescence after 7 seconds (F)/fluorescence before injection (F0))) and an EC50 can be derived from a (1−F/F0) vs compound concentration plot.",B,IC50,=,138.0,nM,6.86,574910,2018,unspecified,activator
CHEMBL5836678,CC(C)c1nn(-c2cc[nH]c(=O)c2)c2nc(C(=O)O)cc(-c3ccc(N(C)C)cc3)c12,CHEMBL4051,CHEMBL5725896,Cystic fibrosis transmembrane conductance regulator,CHEMBL5731661,"Back Scattering Interferometry Technology (BSI): To measure the direct binding of small molecules with CFTR, the interaction between small molecules and membrane fragments derived from HEK293 cells over-expressing WT CFTR was investigated on the TruBind BSI System.HEK293 containing WT CFTR and HEK293 control membrane fractions were prepared as follows. HEK293 were transiently transfected with WT CFTR or left untreated, washed with PBS and collected in cold PBS supplemented with protease inhibitor cocktail (PIC). Cells were centrifuged and resuspended in homogenisation buffer (15 mM Tris-HCl pH 7.5, 2 mM MgCl2, 0.3 mM EDTA, 1 mM EGTA+protease inhibitors). For compound testing HEK293 WT CFTR or HEK293 membrane fractions, at final concentration of 10 μg/mL in 50 mM Tris-HCl pH 7.5, 1 mM EDTA with 1.2% DMSO were mixed 1/1 with a serial dilution of the compound, starting from 10 μM, in 50 mM Tris-HCl pH 7.5, 1 mM EDTA with 1.2% DMSO. Mixtures were incubated at room temperature for 4 hours before being run on the BSI instrument. Samples were measured in quadruplicate in dual channel mode which allows the simultaneous measurement of specific, WT CFTR membranes (assay), as well as unspecific, control membranes (reference). For each assay the reference data is subtracted, point by point, from the assay data and plotted as fringe shift in units of radions. Each compound was run to have at least two successful experiments with good reproducibility. Success was defined as having a binding signal with a R2>0.7. The final data is exported to Graphpad Prism and fit with a one-site binding equation to determine a Kd for the assay. The data obtained using the method demonstrates clearly that the test compound as defined in the present claims directly bind to CFTR with low Kd.",B,Kd,=,9655.0,nM,5.01,574911,2018,unspecified,unspecified
CHEMBL5434572,CS(=O)(=O)NC(=O)c1cc(-c2ccc(N3CCC(C#N)CC3)nc2)c2c(C3CCC3)nn(-c3ccccc3)c2n1,CHEMBL4051,CHEMBL5725896,Cystic fibrosis transmembrane conductance regulator,CHEMBL5731661,"Back Scattering Interferometry Technology (BSI): To measure the direct binding of small molecules with CFTR, the interaction between small molecules and membrane fragments derived from HEK293 cells over-expressing WT CFTR was investigated on the TruBind BSI System.HEK293 containing WT CFTR and HEK293 control membrane fractions were prepared as follows. HEK293 were transiently transfected with WT CFTR or left untreated, washed with PBS and collected in cold PBS supplemented with protease inhibitor cocktail (PIC). Cells were centrifuged and resuspended in homogenisation buffer (15 mM Tris-HCl pH 7.5, 2 mM MgCl2, 0.3 mM EDTA, 1 mM EGTA+protease inhibitors). For compound testing HEK293 WT CFTR or HEK293 membrane fractions, at final concentration of 10 μg/mL in 50 mM Tris-HCl pH 7.5, 1 mM EDTA with 1.2% DMSO were mixed 1/1 with a serial dilution of the compound, starting from 10 μM, in 50 mM Tris-HCl pH 7.5, 1 mM EDTA with 1.2% DMSO. Mixtures were incubated at room temperature for 4 hours before being run on the BSI instrument. Samples were measured in quadruplicate in dual channel mode which allows the simultaneous measurement of specific, WT CFTR membranes (assay), as well as unspecific, control membranes (reference). For each assay the reference data is subtracted, point by point, from the assay data and plotted as fringe shift in units of radions. Each compound was run to have at least two successful experiments with good reproducibility. Success was defined as having a binding signal with a R2>0.7. The final data is exported to Graphpad Prism and fit with a one-site binding equation to determine a Kd for the assay. The data obtained using the method demonstrates clearly that the test compound as defined in the present claims directly bind to CFTR with low Kd.",B,Kd,=,20.2,nM,7.70,574912,2018,unspecified,unspecified
CHEMBL5963506,CC(c1cn(-c2ccccc2F)nn1)c1c(C#N)c(-c2cnc(C(F)(F)F)nc2)c2c(N)ncnn12,CHEMBL4051,CHEMBL5725906,Cystic fibrosis transmembrane conductance regulator,CHEMBL5731677,"Chamber Electrophysiology Assay of CFTR Potentiation in CF Bronchial Epithelial Cells: Primary cystic fibrosis human bronchial epithelial (CF hBE) cells were expanded and cultured according to published methods (Neuberger et al., Ch. 4 of Cystic Fibrosis, Methods in Molecular Biology vol. 741, pp. 39-54 (2011)). Well-differentiated cells (>30 days at air/liquid interface) on Snapwell filters (Corning Costar, cat. no. 3801) were mounted in Ussing chambers (Physiologic Instruments, Inc., San Diego, Calif.). F508del/F508del cultures were assayed at 27° C. and G551D/F508del cells were assayed at 35° C. HEPES buffered physiological saline (composition (in mM): 137 NaCl, 4 KCl, 1 MgCl2, 1.8 CaCl2, 10 HEPES Na) was used in both apical and basolateral chambers. Chambers were bubbled with air to promote mixing and the voltage was clamped to zero. Amiloride (30 uM), forskolin (10 uM), test compound (4 increasing concentrations), and CFTRinh-172 (20 uM) were added sequentially with 20-25 minutes between additions. Short-circuit currents were acquired and analyzed using LabScribe2. Test compound responses were scaled relative to responses for DMSO (0%) and the maximal response of a positive control potentiator (100%).",B,EC50,=,51.1,nM,7.29,576932,2018,F508del,potentiator
CHEMBL5963506,CC(c1cn(-c2ccccc2F)nn1)c1c(C#N)c(-c2cnc(C(F)(F)F)nc2)c2c(N)ncnn12,CHEMBL4051,CHEMBL5725906,Cystic fibrosis transmembrane conductance regulator,CHEMBL5731678,"FRT Ion Flux Assay of F508del CFTR Potentiation: Fischer rat thyroid (FRT) cell lines stably expressing recombinant F508del V470 CFTR and halide-sensitive yellow fluorescent protein (Pedemonte et al., J. Clin. Invest. 115(9) 2564-71 (2005)) were seeded at 25,000 cells/well in 50 uL/well of culture medium into black-walled, clear bottom tissue-culture-treated 384-well plates (Corning, cat. no. 3712). After one day, the cells were pre-incubated at 27° C./5% CO2 for 16-24 hours. The cells were then washed with dPBS and treated with forskolin (20 uM) and test compound for 30 min by addition of 20 uL of compound dilution buffer (dPBS containing forskolin and test compound). Plates were loaded into FLIPR384 fluorescence imaging plate reader (Molecular Devices). After an initial fluorescence reading, iodide buffer (25 uL) (composition (in mM): 137 NaI, 1.5 K2PO4, 8.1 NaH2PO4, 2.7 KCl, 0.5 MgCl2, 1 CaCl2) was added and a second fluorescence reading was made after approximately 21 seconds. Data treatment involved division of the second fluorescence reading by the initial fluorescence reading, then scaling of the resulting normalized endpoint fluorescence with respect to the responses for DMSO (0%) and a positive control potentiator (100%).",B,EC50,=,46.8,nM,7.33,576933,2018,F508del,potentiator
CHEMBL5963506,CC(c1cn(-c2ccccc2F)nn1)c1c(C#N)c(-c2cnc(C(F)(F)F)nc2)c2c(N)ncnn12,CHEMBL4051,CHEMBL5725906,Cystic fibrosis transmembrane conductance regulator,CHEMBL5731677,"Chamber Electrophysiology Assay of CFTR Potentiation in CF Bronchial Epithelial Cells: Primary cystic fibrosis human bronchial epithelial (CF hBE) cells were expanded and cultured according to published methods (Neuberger et al., Ch. 4 of Cystic Fibrosis, Methods in Molecular Biology vol. 741, pp. 39-54 (2011)). Well-differentiated cells (>30 days at air/liquid interface) on Snapwell filters (Corning Costar, cat. no. 3801) were mounted in Ussing chambers (Physiologic Instruments, Inc., San Diego, Calif.). F508del/F508del cultures were assayed at 27° C. and G551D/F508del cells were assayed at 35° C. HEPES buffered physiological saline (composition (in mM): 137 NaCl, 4 KCl, 1 MgCl2, 1.8 CaCl2, 10 HEPES Na) was used in both apical and basolateral chambers. Chambers were bubbled with air to promote mixing and the voltage was clamped to zero. Amiloride (30 uM), forskolin (10 uM), test compound (4 increasing concentrations), and CFTRinh-172 (20 uM) were added sequentially with 20-25 minutes between additions. Short-circuit currents were acquired and analyzed using LabScribe2. Test compound responses were scaled relative to responses for DMSO (0%) and the maximal response of a positive control potentiator (100%).",B,EC50,=,11.2,nM,7.95,576934,2018,F508del,potentiator
CHEMBL5963506,CC(c1cn(-c2ccccc2F)nn1)c1c(C#N)c(-c2cnc(C(F)(F)F)nc2)c2c(N)ncnn12,CHEMBL4051,CHEMBL5725906,Cystic fibrosis transmembrane conductance regulator,CHEMBL5731678,"FRT Ion Flux Assay of F508del CFTR Potentiation: Fischer rat thyroid (FRT) cell lines stably expressing recombinant F508del V470 CFTR and halide-sensitive yellow fluorescent protein (Pedemonte et al., J. Clin. Invest. 115(9) 2564-71 (2005)) were seeded at 25,000 cells/well in 50 uL/well of culture medium into black-walled, clear bottom tissue-culture-treated 384-well plates (Corning, cat. no. 3712). After one day, the cells were pre-incubated at 27° C./5% CO2 for 16-24 hours. The cells were then washed with dPBS and treated with forskolin (20 uM) and test compound for 30 min by addition of 20 uL of compound dilution buffer (dPBS containing forskolin and test compound). Plates were loaded into FLIPR384 fluorescence imaging plate reader (Molecular Devices). After an initial fluorescence reading, iodide buffer (25 uL) (composition (in mM): 137 NaI, 1.5 K2PO4, 8.1 NaH2PO4, 2.7 KCl, 0.5 MgCl2, 1 CaCl2) was added and a second fluorescence reading was made after approximately 21 seconds. Data treatment involved division of the second fluorescence reading by the initial fluorescence reading, then scaling of the resulting normalized endpoint fluorescence with respect to the responses for DMSO (0%) and a positive control potentiator (100%).",B,EC50,=,9.14,nM,8.04,576935,2018,F508del,potentiator
CHEMBL5792842,CC(c1cn(-c2ccc(F)cc2F)nn1)c1c(C#N)c(-c2cnc(C(F)(F)F)nc2)c2c(N)ncnn12,CHEMBL4051,CHEMBL5725906,Cystic fibrosis transmembrane conductance regulator,CHEMBL5731677,"Chamber Electrophysiology Assay of CFTR Potentiation in CF Bronchial Epithelial Cells: Primary cystic fibrosis human bronchial epithelial (CF hBE) cells were expanded and cultured according to published methods (Neuberger et al., Ch. 4 of Cystic Fibrosis, Methods in Molecular Biology vol. 741, pp. 39-54 (2011)). Well-differentiated cells (>30 days at air/liquid interface) on Snapwell filters (Corning Costar, cat. no. 3801) were mounted in Ussing chambers (Physiologic Instruments, Inc., San Diego, Calif.). F508del/F508del cultures were assayed at 27° C. and G551D/F508del cells were assayed at 35° C. HEPES buffered physiological saline (composition (in mM): 137 NaCl, 4 KCl, 1 MgCl2, 1.8 CaCl2, 10 HEPES Na) was used in both apical and basolateral chambers. Chambers were bubbled with air to promote mixing and the voltage was clamped to zero. Amiloride (30 uM), forskolin (10 uM), test compound (4 increasing concentrations), and CFTRinh-172 (20 uM) were added sequentially with 20-25 minutes between additions. Short-circuit currents were acquired and analyzed using LabScribe2. Test compound responses were scaled relative to responses for DMSO (0%) and the maximal response of a positive control potentiator (100%).",B,EC50,=,14.6,nM,7.84,576936,2018,F508del,potentiator
CHEMBL5792842,CC(c1cn(-c2ccc(F)cc2F)nn1)c1c(C#N)c(-c2cnc(C(F)(F)F)nc2)c2c(N)ncnn12,CHEMBL4051,CHEMBL5725906,Cystic fibrosis transmembrane conductance regulator,CHEMBL5731678,"FRT Ion Flux Assay of F508del CFTR Potentiation: Fischer rat thyroid (FRT) cell lines stably expressing recombinant F508del V470 CFTR and halide-sensitive yellow fluorescent protein (Pedemonte et al., J. Clin. Invest. 115(9) 2564-71 (2005)) were seeded at 25,000 cells/well in 50 uL/well of culture medium into black-walled, clear bottom tissue-culture-treated 384-well plates (Corning, cat. no. 3712). After one day, the cells were pre-incubated at 27° C./5% CO2 for 16-24 hours. The cells were then washed with dPBS and treated with forskolin (20 uM) and test compound for 30 min by addition of 20 uL of compound dilution buffer (dPBS containing forskolin and test compound). Plates were loaded into FLIPR384 fluorescence imaging plate reader (Molecular Devices). After an initial fluorescence reading, iodide buffer (25 uL) (composition (in mM): 137 NaI, 1.5 K2PO4, 8.1 NaH2PO4, 2.7 KCl, 0.5 MgCl2, 1 CaCl2) was added and a second fluorescence reading was made after approximately 21 seconds. Data treatment involved division of the second fluorescence reading by the initial fluorescence reading, then scaling of the resulting normalized endpoint fluorescence with respect to the responses for DMSO (0%) and a positive control potentiator (100%).",B,EC50,=,10.6,nM,7.97,576937,2018,F508del,potentiator
CHEMBL5964878,CCC(c1cn(-c2ccccc2F)nn1)c1c(C#N)c(-c2cnc(C(F)(F)F)nc2)c2c(N)ncnn12,CHEMBL4051,CHEMBL5725906,Cystic fibrosis transmembrane conductance regulator,CHEMBL5731677,"Chamber Electrophysiology Assay of CFTR Potentiation in CF Bronchial Epithelial Cells: Primary cystic fibrosis human bronchial epithelial (CF hBE) cells were expanded and cultured according to published methods (Neuberger et al., Ch. 4 of Cystic Fibrosis, Methods in Molecular Biology vol. 741, pp. 39-54 (2011)). Well-differentiated cells (>30 days at air/liquid interface) on Snapwell filters (Corning Costar, cat. no. 3801) were mounted in Ussing chambers (Physiologic Instruments, Inc., San Diego, Calif.). F508del/F508del cultures were assayed at 27° C. and G551D/F508del cells were assayed at 35° C. HEPES buffered physiological saline (composition (in mM): 137 NaCl, 4 KCl, 1 MgCl2, 1.8 CaCl2, 10 HEPES Na) was used in both apical and basolateral chambers. Chambers were bubbled with air to promote mixing and the voltage was clamped to zero. Amiloride (30 uM), forskolin (10 uM), test compound (4 increasing concentrations), and CFTRinh-172 (20 uM) were added sequentially with 20-25 minutes between additions. Short-circuit currents were acquired and analyzed using LabScribe2. Test compound responses were scaled relative to responses for DMSO (0%) and the maximal response of a positive control potentiator (100%).",B,EC50,=,20.5,nM,7.69,576938,2018,F508del,potentiator
CHEMBL5964878,CCC(c1cn(-c2ccccc2F)nn1)c1c(C#N)c(-c2cnc(C(F)(F)F)nc2)c2c(N)ncnn12,CHEMBL4051,CHEMBL5725906,Cystic fibrosis transmembrane conductance regulator,CHEMBL5731678,"FRT Ion Flux Assay of F508del CFTR Potentiation: Fischer rat thyroid (FRT) cell lines stably expressing recombinant F508del V470 CFTR and halide-sensitive yellow fluorescent protein (Pedemonte et al., J. Clin. Invest. 115(9) 2564-71 (2005)) were seeded at 25,000 cells/well in 50 uL/well of culture medium into black-walled, clear bottom tissue-culture-treated 384-well plates (Corning, cat. no. 3712). After one day, the cells were pre-incubated at 27° C./5% CO2 for 16-24 hours. The cells were then washed with dPBS and treated with forskolin (20 uM) and test compound for 30 min by addition of 20 uL of compound dilution buffer (dPBS containing forskolin and test compound). Plates were loaded into FLIPR384 fluorescence imaging plate reader (Molecular Devices). After an initial fluorescence reading, iodide buffer (25 uL) (composition (in mM): 137 NaI, 1.5 K2PO4, 8.1 NaH2PO4, 2.7 KCl, 0.5 MgCl2, 1 CaCl2) was added and a second fluorescence reading was made after approximately 21 seconds. Data treatment involved division of the second fluorescence reading by the initial fluorescence reading, then scaling of the resulting normalized endpoint fluorescence with respect to the responses for DMSO (0%) and a positive control potentiator (100%).",B,EC50,=,35.8,nM,7.45,576939,2018,F508del,potentiator
CHEMBL5964878,CCC(c1cn(-c2ccccc2F)nn1)c1c(C#N)c(-c2cnc(C(F)(F)F)nc2)c2c(N)ncnn12,CHEMBL4051,CHEMBL5725906,Cystic fibrosis transmembrane conductance regulator,CHEMBL5731677,"Chamber Electrophysiology Assay of CFTR Potentiation in CF Bronchial Epithelial Cells: Primary cystic fibrosis human bronchial epithelial (CF hBE) cells were expanded and cultured according to published methods (Neuberger et al., Ch. 4 of Cystic Fibrosis, Methods in Molecular Biology vol. 741, pp. 39-54 (2011)). Well-differentiated cells (>30 days at air/liquid interface) on Snapwell filters (Corning Costar, cat. no. 3801) were mounted in Ussing chambers (Physiologic Instruments, Inc., San Diego, Calif.). F508del/F508del cultures were assayed at 27° C. and G551D/F508del cells were assayed at 35° C. HEPES buffered physiological saline (composition (in mM): 137 NaCl, 4 KCl, 1 MgCl2, 1.8 CaCl2, 10 HEPES Na) was used in both apical and basolateral chambers. Chambers were bubbled with air to promote mixing and the voltage was clamped to zero. Amiloride (30 uM), forskolin (10 uM), test compound (4 increasing concentrations), and CFTRinh-172 (20 uM) were added sequentially with 20-25 minutes between additions. Short-circuit currents were acquired and analyzed using LabScribe2. Test compound responses were scaled relative to responses for DMSO (0%) and the maximal response of a positive control potentiator (100%).",B,EC50,=,3.02,nM,8.52,576940,2018,F508del,potentiator
CHEMBL5964878,CCC(c1cn(-c2ccccc2F)nn1)c1c(C#N)c(-c2cnc(C(F)(F)F)nc2)c2c(N)ncnn12,CHEMBL4051,CHEMBL5725906,Cystic fibrosis transmembrane conductance regulator,CHEMBL5731678,"FRT Ion Flux Assay of F508del CFTR Potentiation: Fischer rat thyroid (FRT) cell lines stably expressing recombinant F508del V470 CFTR and halide-sensitive yellow fluorescent protein (Pedemonte et al., J. Clin. Invest. 115(9) 2564-71 (2005)) were seeded at 25,000 cells/well in 50 uL/well of culture medium into black-walled, clear bottom tissue-culture-treated 384-well plates (Corning, cat. no. 3712). After one day, the cells were pre-incubated at 27° C./5% CO2 for 16-24 hours. The cells were then washed with dPBS and treated with forskolin (20 uM) and test compound for 30 min by addition of 20 uL of compound dilution buffer (dPBS containing forskolin and test compound). Plates were loaded into FLIPR384 fluorescence imaging plate reader (Molecular Devices). After an initial fluorescence reading, iodide buffer (25 uL) (composition (in mM): 137 NaI, 1.5 K2PO4, 8.1 NaH2PO4, 2.7 KCl, 0.5 MgCl2, 1 CaCl2) was added and a second fluorescence reading was made after approximately 21 seconds. Data treatment involved division of the second fluorescence reading by the initial fluorescence reading, then scaling of the resulting normalized endpoint fluorescence with respect to the responses for DMSO (0%) and a positive control potentiator (100%).",B,EC50,=,2.13,nM,8.67,576941,2018,F508del,potentiator
CHEMBL5962153,CCC(c1cn(-c2ccc(F)cc2F)nn1)c1c(C#N)c(-c2cnc(C(F)(F)F)nc2)c2c(N)ncnn12,CHEMBL4051,CHEMBL5725906,Cystic fibrosis transmembrane conductance regulator,CHEMBL5731677,"Chamber Electrophysiology Assay of CFTR Potentiation in CF Bronchial Epithelial Cells: Primary cystic fibrosis human bronchial epithelial (CF hBE) cells were expanded and cultured according to published methods (Neuberger et al., Ch. 4 of Cystic Fibrosis, Methods in Molecular Biology vol. 741, pp. 39-54 (2011)). Well-differentiated cells (>30 days at air/liquid interface) on Snapwell filters (Corning Costar, cat. no. 3801) were mounted in Ussing chambers (Physiologic Instruments, Inc., San Diego, Calif.). F508del/F508del cultures were assayed at 27° C. and G551D/F508del cells were assayed at 35° C. HEPES buffered physiological saline (composition (in mM): 137 NaCl, 4 KCl, 1 MgCl2, 1.8 CaCl2, 10 HEPES Na) was used in both apical and basolateral chambers. Chambers were bubbled with air to promote mixing and the voltage was clamped to zero. Amiloride (30 uM), forskolin (10 uM), test compound (4 increasing concentrations), and CFTRinh-172 (20 uM) were added sequentially with 20-25 minutes between additions. Short-circuit currents were acquired and analyzed using LabScribe2. Test compound responses were scaled relative to responses for DMSO (0%) and the maximal response of a positive control potentiator (100%).",B,EC50,=,5.48,nM,8.26,576942,2018,F508del,potentiator
CHEMBL5962153,CCC(c1cn(-c2ccc(F)cc2F)nn1)c1c(C#N)c(-c2cnc(C(F)(F)F)nc2)c2c(N)ncnn12,CHEMBL4051,CHEMBL5725906,Cystic fibrosis transmembrane conductance regulator,CHEMBL5731678,"FRT Ion Flux Assay of F508del CFTR Potentiation: Fischer rat thyroid (FRT) cell lines stably expressing recombinant F508del V470 CFTR and halide-sensitive yellow fluorescent protein (Pedemonte et al., J. Clin. Invest. 115(9) 2564-71 (2005)) were seeded at 25,000 cells/well in 50 uL/well of culture medium into black-walled, clear bottom tissue-culture-treated 384-well plates (Corning, cat. no. 3712). After one day, the cells were pre-incubated at 27° C./5% CO2 for 16-24 hours. The cells were then washed with dPBS and treated with forskolin (20 uM) and test compound for 30 min by addition of 20 uL of compound dilution buffer (dPBS containing forskolin and test compound). Plates were loaded into FLIPR384 fluorescence imaging plate reader (Molecular Devices). After an initial fluorescence reading, iodide buffer (25 uL) (composition (in mM): 137 NaI, 1.5 K2PO4, 8.1 NaH2PO4, 2.7 KCl, 0.5 MgCl2, 1 CaCl2) was added and a second fluorescence reading was made after approximately 21 seconds. Data treatment involved division of the second fluorescence reading by the initial fluorescence reading, then scaling of the resulting normalized endpoint fluorescence with respect to the responses for DMSO (0%) and a positive control potentiator (100%).",B,EC50,=,5.05,nM,8.30,576943,2018,F508del,potentiator
CHEMBL5962153,CCC(c1cn(-c2ccc(F)cc2F)nn1)c1c(C#N)c(-c2cnc(C(F)(F)F)nc2)c2c(N)ncnn12,CHEMBL4051,CHEMBL5725906,Cystic fibrosis transmembrane conductance regulator,CHEMBL5731677,"Chamber Electrophysiology Assay of CFTR Potentiation in CF Bronchial Epithelial Cells: Primary cystic fibrosis human bronchial epithelial (CF hBE) cells were expanded and cultured according to published methods (Neuberger et al., Ch. 4 of Cystic Fibrosis, Methods in Molecular Biology vol. 741, pp. 39-54 (2011)). Well-differentiated cells (>30 days at air/liquid interface) on Snapwell filters (Corning Costar, cat. no. 3801) were mounted in Ussing chambers (Physiologic Instruments, Inc., San Diego, Calif.). F508del/F508del cultures were assayed at 27° C. and G551D/F508del cells were assayed at 35° C. HEPES buffered physiological saline (composition (in mM): 137 NaCl, 4 KCl, 1 MgCl2, 1.8 CaCl2, 10 HEPES Na) was used in both apical and basolateral chambers. Chambers were bubbled with air to promote mixing and the voltage was clamped to zero. Amiloride (30 uM), forskolin (10 uM), test compound (4 increasing concentrations), and CFTRinh-172 (20 uM) were added sequentially with 20-25 minutes between additions. Short-circuit currents were acquired and analyzed using LabScribe2. Test compound responses were scaled relative to responses for DMSO (0%) and the maximal response of a positive control potentiator (100%).",B,EC50,=,33.5,nM,7.47,576944,2018,F508del,potentiator
CHEMBL5962153,CCC(c1cn(-c2ccc(F)cc2F)nn1)c1c(C#N)c(-c2cnc(C(F)(F)F)nc2)c2c(N)ncnn12,CHEMBL4051,CHEMBL5725906,Cystic fibrosis transmembrane conductance regulator,CHEMBL5731678,"FRT Ion Flux Assay of F508del CFTR Potentiation: Fischer rat thyroid (FRT) cell lines stably expressing recombinant F508del V470 CFTR and halide-sensitive yellow fluorescent protein (Pedemonte et al., J. Clin. Invest. 115(9) 2564-71 (2005)) were seeded at 25,000 cells/well in 50 uL/well of culture medium into black-walled, clear bottom tissue-culture-treated 384-well plates (Corning, cat. no. 3712). After one day, the cells were pre-incubated at 27° C./5% CO2 for 16-24 hours. The cells were then washed with dPBS and treated with forskolin (20 uM) and test compound for 30 min by addition of 20 uL of compound dilution buffer (dPBS containing forskolin and test compound). Plates were loaded into FLIPR384 fluorescence imaging plate reader (Molecular Devices). After an initial fluorescence reading, iodide buffer (25 uL) (composition (in mM): 137 NaI, 1.5 K2PO4, 8.1 NaH2PO4, 2.7 KCl, 0.5 MgCl2, 1 CaCl2) was added and a second fluorescence reading was made after approximately 21 seconds. Data treatment involved division of the second fluorescence reading by the initial fluorescence reading, then scaling of the resulting normalized endpoint fluorescence with respect to the responses for DMSO (0%) and a positive control potentiator (100%).",B,EC50,=,45.2,nM,7.34,576945,2018,F508del,potentiator
CHEMBL5964959,CCC(c1cn(-c2cc(F)ccc2F)nn1)c1c(C#N)c(-c2cnc(C(F)(F)F)nc2)c2c(N)ncnn12,CHEMBL4051,CHEMBL5725906,Cystic fibrosis transmembrane conductance regulator,CHEMBL5731677,"Chamber Electrophysiology Assay of CFTR Potentiation in CF Bronchial Epithelial Cells: Primary cystic fibrosis human bronchial epithelial (CF hBE) cells were expanded and cultured according to published methods (Neuberger et al., Ch. 4 of Cystic Fibrosis, Methods in Molecular Biology vol. 741, pp. 39-54 (2011)). Well-differentiated cells (>30 days at air/liquid interface) on Snapwell filters (Corning Costar, cat. no. 3801) were mounted in Ussing chambers (Physiologic Instruments, Inc., San Diego, Calif.). F508del/F508del cultures were assayed at 27° C. and G551D/F508del cells were assayed at 35° C. HEPES buffered physiological saline (composition (in mM): 137 NaCl, 4 KCl, 1 MgCl2, 1.8 CaCl2, 10 HEPES Na) was used in both apical and basolateral chambers. Chambers were bubbled with air to promote mixing and the voltage was clamped to zero. Amiloride (30 uM), forskolin (10 uM), test compound (4 increasing concentrations), and CFTRinh-172 (20 uM) were added sequentially with 20-25 minutes between additions. Short-circuit currents were acquired and analyzed using LabScribe2. Test compound responses were scaled relative to responses for DMSO (0%) and the maximal response of a positive control potentiator (100%).",B,EC50,=,13.0,nM,7.89,576946,2018,F508del,potentiator
CHEMBL5964959,CCC(c1cn(-c2cc(F)ccc2F)nn1)c1c(C#N)c(-c2cnc(C(F)(F)F)nc2)c2c(N)ncnn12,CHEMBL4051,CHEMBL5725906,Cystic fibrosis transmembrane conductance regulator,CHEMBL5731678,"FRT Ion Flux Assay of F508del CFTR Potentiation: Fischer rat thyroid (FRT) cell lines stably expressing recombinant F508del V470 CFTR and halide-sensitive yellow fluorescent protein (Pedemonte et al., J. Clin. Invest. 115(9) 2564-71 (2005)) were seeded at 25,000 cells/well in 50 uL/well of culture medium into black-walled, clear bottom tissue-culture-treated 384-well plates (Corning, cat. no. 3712). After one day, the cells were pre-incubated at 27° C./5% CO2 for 16-24 hours. The cells were then washed with dPBS and treated with forskolin (20 uM) and test compound for 30 min by addition of 20 uL of compound dilution buffer (dPBS containing forskolin and test compound). Plates were loaded into FLIPR384 fluorescence imaging plate reader (Molecular Devices). After an initial fluorescence reading, iodide buffer (25 uL) (composition (in mM): 137 NaI, 1.5 K2PO4, 8.1 NaH2PO4, 2.7 KCl, 0.5 MgCl2, 1 CaCl2) was added and a second fluorescence reading was made after approximately 21 seconds. Data treatment involved division of the second fluorescence reading by the initial fluorescence reading, then scaling of the resulting normalized endpoint fluorescence with respect to the responses for DMSO (0%) and a positive control potentiator (100%).",B,EC50,=,17.2,nM,7.76,576947,2018,F508del,potentiator
CHEMBL5876993,CCC(c1cn(-c2ccc(F)c(F)c2)nn1)c1c(C#N)c(-c2cnc(C(F)(F)F)nc2)c2c(N)ncnn12,CHEMBL4051,CHEMBL5725906,Cystic fibrosis transmembrane conductance regulator,CHEMBL5731677,"Chamber Electrophysiology Assay of CFTR Potentiation in CF Bronchial Epithelial Cells: Primary cystic fibrosis human bronchial epithelial (CF hBE) cells were expanded and cultured according to published methods (Neuberger et al., Ch. 4 of Cystic Fibrosis, Methods in Molecular Biology vol. 741, pp. 39-54 (2011)). Well-differentiated cells (>30 days at air/liquid interface) on Snapwell filters (Corning Costar, cat. no. 3801) were mounted in Ussing chambers (Physiologic Instruments, Inc., San Diego, Calif.). F508del/F508del cultures were assayed at 27° C. and G551D/F508del cells were assayed at 35° C. HEPES buffered physiological saline (composition (in mM): 137 NaCl, 4 KCl, 1 MgCl2, 1.8 CaCl2, 10 HEPES Na) was used in both apical and basolateral chambers. Chambers were bubbled with air to promote mixing and the voltage was clamped to zero. Amiloride (30 uM), forskolin (10 uM), test compound (4 increasing concentrations), and CFTRinh-172 (20 uM) were added sequentially with 20-25 minutes between additions. Short-circuit currents were acquired and analyzed using LabScribe2. Test compound responses were scaled relative to responses for DMSO (0%) and the maximal response of a positive control potentiator (100%).",B,EC50,=,28.4,nM,7.55,576948,2018,F508del,potentiator
CHEMBL5876993,CCC(c1cn(-c2ccc(F)c(F)c2)nn1)c1c(C#N)c(-c2cnc(C(F)(F)F)nc2)c2c(N)ncnn12,CHEMBL4051,CHEMBL5725906,Cystic fibrosis transmembrane conductance regulator,CHEMBL5731678,"FRT Ion Flux Assay of F508del CFTR Potentiation: Fischer rat thyroid (FRT) cell lines stably expressing recombinant F508del V470 CFTR and halide-sensitive yellow fluorescent protein (Pedemonte et al., J. Clin. Invest. 115(9) 2564-71 (2005)) were seeded at 25,000 cells/well in 50 uL/well of culture medium into black-walled, clear bottom tissue-culture-treated 384-well plates (Corning, cat. no. 3712). After one day, the cells were pre-incubated at 27° C./5% CO2 for 16-24 hours. The cells were then washed with dPBS and treated with forskolin (20 uM) and test compound for 30 min by addition of 20 uL of compound dilution buffer (dPBS containing forskolin and test compound). Plates were loaded into FLIPR384 fluorescence imaging plate reader (Molecular Devices). After an initial fluorescence reading, iodide buffer (25 uL) (composition (in mM): 137 NaI, 1.5 K2PO4, 8.1 NaH2PO4, 2.7 KCl, 0.5 MgCl2, 1 CaCl2) was added and a second fluorescence reading was made after approximately 21 seconds. Data treatment involved division of the second fluorescence reading by the initial fluorescence reading, then scaling of the resulting normalized endpoint fluorescence with respect to the responses for DMSO (0%) and a positive control potentiator (100%).",B,EC50,=,41.2,nM,7.38,576949,2018,F508del,potentiator
CHEMBL5943989,CCC(c1cnn(C(C)C)c1)c1c(C#N)c(-c2cnc(C(F)(F)F)nc2)c2c(N)ncnn12,CHEMBL4051,CHEMBL5725906,Cystic fibrosis transmembrane conductance regulator,CHEMBL5731677,"Chamber Electrophysiology Assay of CFTR Potentiation in CF Bronchial Epithelial Cells: Primary cystic fibrosis human bronchial epithelial (CF hBE) cells were expanded and cultured according to published methods (Neuberger et al., Ch. 4 of Cystic Fibrosis, Methods in Molecular Biology vol. 741, pp. 39-54 (2011)). Well-differentiated cells (>30 days at air/liquid interface) on Snapwell filters (Corning Costar, cat. no. 3801) were mounted in Ussing chambers (Physiologic Instruments, Inc., San Diego, Calif.). F508del/F508del cultures were assayed at 27° C. and G551D/F508del cells were assayed at 35° C. HEPES buffered physiological saline (composition (in mM): 137 NaCl, 4 KCl, 1 MgCl2, 1.8 CaCl2, 10 HEPES Na) was used in both apical and basolateral chambers. Chambers were bubbled with air to promote mixing and the voltage was clamped to zero. Amiloride (30 uM), forskolin (10 uM), test compound (4 increasing concentrations), and CFTRinh-172 (20 uM) were added sequentially with 20-25 minutes between additions. Short-circuit currents were acquired and analyzed using LabScribe2. Test compound responses were scaled relative to responses for DMSO (0%) and the maximal response of a positive control potentiator (100%).",B,EC50,=,48.0,nM,7.32,576950,2018,F508del,potentiator
CHEMBL5943989,CCC(c1cnn(C(C)C)c1)c1c(C#N)c(-c2cnc(C(F)(F)F)nc2)c2c(N)ncnn12,CHEMBL4051,CHEMBL5725906,Cystic fibrosis transmembrane conductance regulator,CHEMBL5731678,"FRT Ion Flux Assay of F508del CFTR Potentiation: Fischer rat thyroid (FRT) cell lines stably expressing recombinant F508del V470 CFTR and halide-sensitive yellow fluorescent protein (Pedemonte et al., J. Clin. Invest. 115(9) 2564-71 (2005)) were seeded at 25,000 cells/well in 50 uL/well of culture medium into black-walled, clear bottom tissue-culture-treated 384-well plates (Corning, cat. no. 3712). After one day, the cells were pre-incubated at 27° C./5% CO2 for 16-24 hours. The cells were then washed with dPBS and treated with forskolin (20 uM) and test compound for 30 min by addition of 20 uL of compound dilution buffer (dPBS containing forskolin and test compound). Plates were loaded into FLIPR384 fluorescence imaging plate reader (Molecular Devices). After an initial fluorescence reading, iodide buffer (25 uL) (composition (in mM): 137 NaI, 1.5 K2PO4, 8.1 NaH2PO4, 2.7 KCl, 0.5 MgCl2, 1 CaCl2) was added and a second fluorescence reading was made after approximately 21 seconds. Data treatment involved division of the second fluorescence reading by the initial fluorescence reading, then scaling of the resulting normalized endpoint fluorescence with respect to the responses for DMSO (0%) and a positive control potentiator (100%).",B,EC50,=,95.9,nM,7.02,576951,2018,F508del,potentiator
CHEMBL5943989,CCC(c1cnn(C(C)C)c1)c1c(C#N)c(-c2cnc(C(F)(F)F)nc2)c2c(N)ncnn12,CHEMBL4051,CHEMBL5725906,Cystic fibrosis transmembrane conductance regulator,CHEMBL5731677,"Chamber Electrophysiology Assay of CFTR Potentiation in CF Bronchial Epithelial Cells: Primary cystic fibrosis human bronchial epithelial (CF hBE) cells were expanded and cultured according to published methods (Neuberger et al., Ch. 4 of Cystic Fibrosis, Methods in Molecular Biology vol. 741, pp. 39-54 (2011)). Well-differentiated cells (>30 days at air/liquid interface) on Snapwell filters (Corning Costar, cat. no. 3801) were mounted in Ussing chambers (Physiologic Instruments, Inc., San Diego, Calif.). F508del/F508del cultures were assayed at 27° C. and G551D/F508del cells were assayed at 35° C. HEPES buffered physiological saline (composition (in mM): 137 NaCl, 4 KCl, 1 MgCl2, 1.8 CaCl2, 10 HEPES Na) was used in both apical and basolateral chambers. Chambers were bubbled with air to promote mixing and the voltage was clamped to zero. Amiloride (30 uM), forskolin (10 uM), test compound (4 increasing concentrations), and CFTRinh-172 (20 uM) were added sequentially with 20-25 minutes between additions. Short-circuit currents were acquired and analyzed using LabScribe2. Test compound responses were scaled relative to responses for DMSO (0%) and the maximal response of a positive control potentiator (100%).",B,EC50,=,6.96,nM,8.16,576952,2018,F508del,potentiator
CHEMBL5943989,CCC(c1cnn(C(C)C)c1)c1c(C#N)c(-c2cnc(C(F)(F)F)nc2)c2c(N)ncnn12,CHEMBL4051,CHEMBL5725906,Cystic fibrosis transmembrane conductance regulator,CHEMBL5731678,"FRT Ion Flux Assay of F508del CFTR Potentiation: Fischer rat thyroid (FRT) cell lines stably expressing recombinant F508del V470 CFTR and halide-sensitive yellow fluorescent protein (Pedemonte et al., J. Clin. Invest. 115(9) 2564-71 (2005)) were seeded at 25,000 cells/well in 50 uL/well of culture medium into black-walled, clear bottom tissue-culture-treated 384-well plates (Corning, cat. no. 3712). After one day, the cells were pre-incubated at 27° C./5% CO2 for 16-24 hours. The cells were then washed with dPBS and treated with forskolin (20 uM) and test compound for 30 min by addition of 20 uL of compound dilution buffer (dPBS containing forskolin and test compound). Plates were loaded into FLIPR384 fluorescence imaging plate reader (Molecular Devices). After an initial fluorescence reading, iodide buffer (25 uL) (composition (in mM): 137 NaI, 1.5 K2PO4, 8.1 NaH2PO4, 2.7 KCl, 0.5 MgCl2, 1 CaCl2) was added and a second fluorescence reading was made after approximately 21 seconds. Data treatment involved division of the second fluorescence reading by the initial fluorescence reading, then scaling of the resulting normalized endpoint fluorescence with respect to the responses for DMSO (0%) and a positive control potentiator (100%).",B,EC50,=,4.17,nM,8.38,576953,2018,F508del,potentiator
CHEMBL6033456,CC(c1cnn(-c2ccccc2F)c1)c1c(C#N)c(-c2cnc(C(F)(F)F)nc2)c2c(N)ncnn12,CHEMBL4051,CHEMBL5725906,Cystic fibrosis transmembrane conductance regulator,CHEMBL5731677,"Chamber Electrophysiology Assay of CFTR Potentiation in CF Bronchial Epithelial Cells: Primary cystic fibrosis human bronchial epithelial (CF hBE) cells were expanded and cultured according to published methods (Neuberger et al., Ch. 4 of Cystic Fibrosis, Methods in Molecular Biology vol. 741, pp. 39-54 (2011)). Well-differentiated cells (>30 days at air/liquid interface) on Snapwell filters (Corning Costar, cat. no. 3801) were mounted in Ussing chambers (Physiologic Instruments, Inc., San Diego, Calif.). F508del/F508del cultures were assayed at 27° C. and G551D/F508del cells were assayed at 35° C. HEPES buffered physiological saline (composition (in mM): 137 NaCl, 4 KCl, 1 MgCl2, 1.8 CaCl2, 10 HEPES Na) was used in both apical and basolateral chambers. Chambers were bubbled with air to promote mixing and the voltage was clamped to zero. Amiloride (30 uM), forskolin (10 uM), test compound (4 increasing concentrations), and CFTRinh-172 (20 uM) were added sequentially with 20-25 minutes between additions. Short-circuit currents were acquired and analyzed using LabScribe2. Test compound responses were scaled relative to responses for DMSO (0%) and the maximal response of a positive control potentiator (100%).",B,EC50,=,4.0,nM,8.40,576954,2018,F508del,potentiator
CHEMBL6033456,CC(c1cnn(-c2ccccc2F)c1)c1c(C#N)c(-c2cnc(C(F)(F)F)nc2)c2c(N)ncnn12,CHEMBL4051,CHEMBL5725906,Cystic fibrosis transmembrane conductance regulator,CHEMBL5731678,"FRT Ion Flux Assay of F508del CFTR Potentiation: Fischer rat thyroid (FRT) cell lines stably expressing recombinant F508del V470 CFTR and halide-sensitive yellow fluorescent protein (Pedemonte et al., J. Clin. Invest. 115(9) 2564-71 (2005)) were seeded at 25,000 cells/well in 50 uL/well of culture medium into black-walled, clear bottom tissue-culture-treated 384-well plates (Corning, cat. no. 3712). After one day, the cells were pre-incubated at 27° C./5% CO2 for 16-24 hours. The cells were then washed with dPBS and treated with forskolin (20 uM) and test compound for 30 min by addition of 20 uL of compound dilution buffer (dPBS containing forskolin and test compound). Plates were loaded into FLIPR384 fluorescence imaging plate reader (Molecular Devices). After an initial fluorescence reading, iodide buffer (25 uL) (composition (in mM): 137 NaI, 1.5 K2PO4, 8.1 NaH2PO4, 2.7 KCl, 0.5 MgCl2, 1 CaCl2) was added and a second fluorescence reading was made after approximately 21 seconds. Data treatment involved division of the second fluorescence reading by the initial fluorescence reading, then scaling of the resulting normalized endpoint fluorescence with respect to the responses for DMSO (0%) and a positive control potentiator (100%).",B,EC50,=,12.5,nM,7.90,576955,2018,F508del,potentiator
CHEMBL6033456,CC(c1cnn(-c2ccccc2F)c1)c1c(C#N)c(-c2cnc(C(F)(F)F)nc2)c2c(N)ncnn12,CHEMBL4051,CHEMBL5725906,Cystic fibrosis transmembrane conductance regulator,CHEMBL5731677,"Chamber Electrophysiology Assay of CFTR Potentiation in CF Bronchial Epithelial Cells: Primary cystic fibrosis human bronchial epithelial (CF hBE) cells were expanded and cultured according to published methods (Neuberger et al., Ch. 4 of Cystic Fibrosis, Methods in Molecular Biology vol. 741, pp. 39-54 (2011)). Well-differentiated cells (>30 days at air/liquid interface) on Snapwell filters (Corning Costar, cat. no. 3801) were mounted in Ussing chambers (Physiologic Instruments, Inc., San Diego, Calif.). F508del/F508del cultures were assayed at 27° C. and G551D/F508del cells were assayed at 35° C. HEPES buffered physiological saline (composition (in mM): 137 NaCl, 4 KCl, 1 MgCl2, 1.8 CaCl2, 10 HEPES Na) was used in both apical and basolateral chambers. Chambers were bubbled with air to promote mixing and the voltage was clamped to zero. Amiloride (30 uM), forskolin (10 uM), test compound (4 increasing concentrations), and CFTRinh-172 (20 uM) were added sequentially with 20-25 minutes between additions. Short-circuit currents were acquired and analyzed using LabScribe2. Test compound responses were scaled relative to responses for DMSO (0%) and the maximal response of a positive control potentiator (100%).",B,EC50,=,0.42,nM,9.38,576956,2018,F508del,potentiator
CHEMBL6033456,CC(c1cnn(-c2ccccc2F)c1)c1c(C#N)c(-c2cnc(C(F)(F)F)nc2)c2c(N)ncnn12,CHEMBL4051,CHEMBL5725906,Cystic fibrosis transmembrane conductance regulator,CHEMBL5731678,"FRT Ion Flux Assay of F508del CFTR Potentiation: Fischer rat thyroid (FRT) cell lines stably expressing recombinant F508del V470 CFTR and halide-sensitive yellow fluorescent protein (Pedemonte et al., J. Clin. Invest. 115(9) 2564-71 (2005)) were seeded at 25,000 cells/well in 50 uL/well of culture medium into black-walled, clear bottom tissue-culture-treated 384-well plates (Corning, cat. no. 3712). After one day, the cells were pre-incubated at 27° C./5% CO2 for 16-24 hours. The cells were then washed with dPBS and treated with forskolin (20 uM) and test compound for 30 min by addition of 20 uL of compound dilution buffer (dPBS containing forskolin and test compound). Plates were loaded into FLIPR384 fluorescence imaging plate reader (Molecular Devices). After an initial fluorescence reading, iodide buffer (25 uL) (composition (in mM): 137 NaI, 1.5 K2PO4, 8.1 NaH2PO4, 2.7 KCl, 0.5 MgCl2, 1 CaCl2) was added and a second fluorescence reading was made after approximately 21 seconds. Data treatment involved division of the second fluorescence reading by the initial fluorescence reading, then scaling of the resulting normalized endpoint fluorescence with respect to the responses for DMSO (0%) and a positive control potentiator (100%).",B,EC50,=,0.62,nM,9.21,576957,2018,F508del,potentiator
CHEMBL5863288,CCC(c1cnn(-c2ccccc2F)c1)c1c(C#N)c(-c2cnc(C(F)(F)F)nc2)c2c(N)ncnn12,CHEMBL4051,CHEMBL5725906,Cystic fibrosis transmembrane conductance regulator,CHEMBL5731677,"Chamber Electrophysiology Assay of CFTR Potentiation in CF Bronchial Epithelial Cells: Primary cystic fibrosis human bronchial epithelial (CF hBE) cells were expanded and cultured according to published methods (Neuberger et al., Ch. 4 of Cystic Fibrosis, Methods in Molecular Biology vol. 741, pp. 39-54 (2011)). Well-differentiated cells (>30 days at air/liquid interface) on Snapwell filters (Corning Costar, cat. no. 3801) were mounted in Ussing chambers (Physiologic Instruments, Inc., San Diego, Calif.). F508del/F508del cultures were assayed at 27° C. and G551D/F508del cells were assayed at 35° C. HEPES buffered physiological saline (composition (in mM): 137 NaCl, 4 KCl, 1 MgCl2, 1.8 CaCl2, 10 HEPES Na) was used in both apical and basolateral chambers. Chambers were bubbled with air to promote mixing and the voltage was clamped to zero. Amiloride (30 uM), forskolin (10 uM), test compound (4 increasing concentrations), and CFTRinh-172 (20 uM) were added sequentially with 20-25 minutes between additions. Short-circuit currents were acquired and analyzed using LabScribe2. Test compound responses were scaled relative to responses for DMSO (0%) and the maximal response of a positive control potentiator (100%).",B,EC50,=,2.0,nM,8.70,576958,2018,F508del,potentiator
CHEMBL5863288,CCC(c1cnn(-c2ccccc2F)c1)c1c(C#N)c(-c2cnc(C(F)(F)F)nc2)c2c(N)ncnn12,CHEMBL4051,CHEMBL5725906,Cystic fibrosis transmembrane conductance regulator,CHEMBL5731678,"FRT Ion Flux Assay of F508del CFTR Potentiation: Fischer rat thyroid (FRT) cell lines stably expressing recombinant F508del V470 CFTR and halide-sensitive yellow fluorescent protein (Pedemonte et al., J. Clin. Invest. 115(9) 2564-71 (2005)) were seeded at 25,000 cells/well in 50 uL/well of culture medium into black-walled, clear bottom tissue-culture-treated 384-well plates (Corning, cat. no. 3712). After one day, the cells were pre-incubated at 27° C./5% CO2 for 16-24 hours. The cells were then washed with dPBS and treated with forskolin (20 uM) and test compound for 30 min by addition of 20 uL of compound dilution buffer (dPBS containing forskolin and test compound). Plates were loaded into FLIPR384 fluorescence imaging plate reader (Molecular Devices). After an initial fluorescence reading, iodide buffer (25 uL) (composition (in mM): 137 NaI, 1.5 K2PO4, 8.1 NaH2PO4, 2.7 KCl, 0.5 MgCl2, 1 CaCl2) was added and a second fluorescence reading was made after approximately 21 seconds. Data treatment involved division of the second fluorescence reading by the initial fluorescence reading, then scaling of the resulting normalized endpoint fluorescence with respect to the responses for DMSO (0%) and a positive control potentiator (100%).",B,EC50,=,6.59,nM,8.18,576959,2018,F508del,potentiator
CHEMBL5863288,CCC(c1cnn(-c2ccccc2F)c1)c1c(C#N)c(-c2cnc(C(F)(F)F)nc2)c2c(N)ncnn12,CHEMBL4051,CHEMBL5725906,Cystic fibrosis transmembrane conductance regulator,CHEMBL5731677,"Chamber Electrophysiology Assay of CFTR Potentiation in CF Bronchial Epithelial Cells: Primary cystic fibrosis human bronchial epithelial (CF hBE) cells were expanded and cultured according to published methods (Neuberger et al., Ch. 4 of Cystic Fibrosis, Methods in Molecular Biology vol. 741, pp. 39-54 (2011)). Well-differentiated cells (>30 days at air/liquid interface) on Snapwell filters (Corning Costar, cat. no. 3801) were mounted in Ussing chambers (Physiologic Instruments, Inc., San Diego, Calif.). F508del/F508del cultures were assayed at 27° C. and G551D/F508del cells were assayed at 35° C. HEPES buffered physiological saline (composition (in mM): 137 NaCl, 4 KCl, 1 MgCl2, 1.8 CaCl2, 10 HEPES Na) was used in both apical and basolateral chambers. Chambers were bubbled with air to promote mixing and the voltage was clamped to zero. Amiloride (30 uM), forskolin (10 uM), test compound (4 increasing concentrations), and CFTRinh-172 (20 uM) were added sequentially with 20-25 minutes between additions. Short-circuit currents were acquired and analyzed using LabScribe2. Test compound responses were scaled relative to responses for DMSO (0%) and the maximal response of a positive control potentiator (100%).",B,EC50,=,0.2,nM,9.70,576960,2018,F508del,potentiator
CHEMBL5863288,CCC(c1cnn(-c2ccccc2F)c1)c1c(C#N)c(-c2cnc(C(F)(F)F)nc2)c2c(N)ncnn12,CHEMBL4051,CHEMBL5725906,Cystic fibrosis transmembrane conductance regulator,CHEMBL5731678,"FRT Ion Flux Assay of F508del CFTR Potentiation: Fischer rat thyroid (FRT) cell lines stably expressing recombinant F508del V470 CFTR and halide-sensitive yellow fluorescent protein (Pedemonte et al., J. Clin. Invest. 115(9) 2564-71 (2005)) were seeded at 25,000 cells/well in 50 uL/well of culture medium into black-walled, clear bottom tissue-culture-treated 384-well plates (Corning, cat. no. 3712). After one day, the cells were pre-incubated at 27° C./5% CO2 for 16-24 hours. The cells were then washed with dPBS and treated with forskolin (20 uM) and test compound for 30 min by addition of 20 uL of compound dilution buffer (dPBS containing forskolin and test compound). Plates were loaded into FLIPR384 fluorescence imaging plate reader (Molecular Devices). After an initial fluorescence reading, iodide buffer (25 uL) (composition (in mM): 137 NaI, 1.5 K2PO4, 8.1 NaH2PO4, 2.7 KCl, 0.5 MgCl2, 1 CaCl2) was added and a second fluorescence reading was made after approximately 21 seconds. Data treatment involved division of the second fluorescence reading by the initial fluorescence reading, then scaling of the resulting normalized endpoint fluorescence with respect to the responses for DMSO (0%) and a positive control potentiator (100%).",B,EC50,=,0.56,nM,9.25,576961,2018,F508del,potentiator
CHEMBL5892004,CCC(c1cnn(-c2ccc(F)cc2F)c1)c1c(C#N)c(-c2cnc(C(F)(F)F)nc2)c2c(N)ncnn12,CHEMBL4051,CHEMBL5725906,Cystic fibrosis transmembrane conductance regulator,CHEMBL5731677,"Chamber Electrophysiology Assay of CFTR Potentiation in CF Bronchial Epithelial Cells: Primary cystic fibrosis human bronchial epithelial (CF hBE) cells were expanded and cultured according to published methods (Neuberger et al., Ch. 4 of Cystic Fibrosis, Methods in Molecular Biology vol. 741, pp. 39-54 (2011)). Well-differentiated cells (>30 days at air/liquid interface) on Snapwell filters (Corning Costar, cat. no. 3801) were mounted in Ussing chambers (Physiologic Instruments, Inc., San Diego, Calif.). F508del/F508del cultures were assayed at 27° C. and G551D/F508del cells were assayed at 35° C. HEPES buffered physiological saline (composition (in mM): 137 NaCl, 4 KCl, 1 MgCl2, 1.8 CaCl2, 10 HEPES Na) was used in both apical and basolateral chambers. Chambers were bubbled with air to promote mixing and the voltage was clamped to zero. Amiloride (30 uM), forskolin (10 uM), test compound (4 increasing concentrations), and CFTRinh-172 (20 uM) were added sequentially with 20-25 minutes between additions. Short-circuit currents were acquired and analyzed using LabScribe2. Test compound responses were scaled relative to responses for DMSO (0%) and the maximal response of a positive control potentiator (100%).",B,EC50,=,0.42,nM,9.38,576962,2018,F508del,potentiator
CHEMBL5892004,CCC(c1cnn(-c2ccc(F)cc2F)c1)c1c(C#N)c(-c2cnc(C(F)(F)F)nc2)c2c(N)ncnn12,CHEMBL4051,CHEMBL5725906,Cystic fibrosis transmembrane conductance regulator,CHEMBL5731678,"FRT Ion Flux Assay of F508del CFTR Potentiation: Fischer rat thyroid (FRT) cell lines stably expressing recombinant F508del V470 CFTR and halide-sensitive yellow fluorescent protein (Pedemonte et al., J. Clin. Invest. 115(9) 2564-71 (2005)) were seeded at 25,000 cells/well in 50 uL/well of culture medium into black-walled, clear bottom tissue-culture-treated 384-well plates (Corning, cat. no. 3712). After one day, the cells were pre-incubated at 27° C./5% CO2 for 16-24 hours. The cells were then washed with dPBS and treated with forskolin (20 uM) and test compound for 30 min by addition of 20 uL of compound dilution buffer (dPBS containing forskolin and test compound). Plates were loaded into FLIPR384 fluorescence imaging plate reader (Molecular Devices). After an initial fluorescence reading, iodide buffer (25 uL) (composition (in mM): 137 NaI, 1.5 K2PO4, 8.1 NaH2PO4, 2.7 KCl, 0.5 MgCl2, 1 CaCl2) was added and a second fluorescence reading was made after approximately 21 seconds. Data treatment involved division of the second fluorescence reading by the initial fluorescence reading, then scaling of the resulting normalized endpoint fluorescence with respect to the responses for DMSO (0%) and a positive control potentiator (100%).",B,EC50,=,0.56,nM,9.25,576963,2018,F508del,potentiator
CHEMBL5892004,CCC(c1cnn(-c2ccc(F)cc2F)c1)c1c(C#N)c(-c2cnc(C(F)(F)F)nc2)c2c(N)ncnn12,CHEMBL4051,CHEMBL5725906,Cystic fibrosis transmembrane conductance regulator,CHEMBL5731677,"Chamber Electrophysiology Assay of CFTR Potentiation in CF Bronchial Epithelial Cells: Primary cystic fibrosis human bronchial epithelial (CF hBE) cells were expanded and cultured according to published methods (Neuberger et al., Ch. 4 of Cystic Fibrosis, Methods in Molecular Biology vol. 741, pp. 39-54 (2011)). Well-differentiated cells (>30 days at air/liquid interface) on Snapwell filters (Corning Costar, cat. no. 3801) were mounted in Ussing chambers (Physiologic Instruments, Inc., San Diego, Calif.). F508del/F508del cultures were assayed at 27° C. and G551D/F508del cells were assayed at 35° C. HEPES buffered physiological saline (composition (in mM): 137 NaCl, 4 KCl, 1 MgCl2, 1.8 CaCl2, 10 HEPES Na) was used in both apical and basolateral chambers. Chambers were bubbled with air to promote mixing and the voltage was clamped to zero. Amiloride (30 uM), forskolin (10 uM), test compound (4 increasing concentrations), and CFTRinh-172 (20 uM) were added sequentially with 20-25 minutes between additions. Short-circuit currents were acquired and analyzed using LabScribe2. Test compound responses were scaled relative to responses for DMSO (0%) and the maximal response of a positive control potentiator (100%).",B,EC50,=,3.0,nM,8.52,576964,2018,F508del,potentiator
CHEMBL5892004,CCC(c1cnn(-c2ccc(F)cc2F)c1)c1c(C#N)c(-c2cnc(C(F)(F)F)nc2)c2c(N)ncnn12,CHEMBL4051,CHEMBL5725906,Cystic fibrosis transmembrane conductance regulator,CHEMBL5731678,"FRT Ion Flux Assay of F508del CFTR Potentiation: Fischer rat thyroid (FRT) cell lines stably expressing recombinant F508del V470 CFTR and halide-sensitive yellow fluorescent protein (Pedemonte et al., J. Clin. Invest. 115(9) 2564-71 (2005)) were seeded at 25,000 cells/well in 50 uL/well of culture medium into black-walled, clear bottom tissue-culture-treated 384-well plates (Corning, cat. no. 3712). After one day, the cells were pre-incubated at 27° C./5% CO2 for 16-24 hours. The cells were then washed with dPBS and treated with forskolin (20 uM) and test compound for 30 min by addition of 20 uL of compound dilution buffer (dPBS containing forskolin and test compound). Plates were loaded into FLIPR384 fluorescence imaging plate reader (Molecular Devices). After an initial fluorescence reading, iodide buffer (25 uL) (composition (in mM): 137 NaI, 1.5 K2PO4, 8.1 NaH2PO4, 2.7 KCl, 0.5 MgCl2, 1 CaCl2) was added and a second fluorescence reading was made after approximately 21 seconds. Data treatment involved division of the second fluorescence reading by the initial fluorescence reading, then scaling of the resulting normalized endpoint fluorescence with respect to the responses for DMSO (0%) and a positive control potentiator (100%).",B,EC50,=,13.3,nM,7.88,576965,2018,F508del,potentiator
CHEMBL5889215,CC(c1cc(-c2ccccc2F)no1)c1c(C#N)c(-c2cnc(C(F)(F)F)nc2)c2c(N)ncnn12,CHEMBL4051,CHEMBL5725906,Cystic fibrosis transmembrane conductance regulator,CHEMBL5731677,"Chamber Electrophysiology Assay of CFTR Potentiation in CF Bronchial Epithelial Cells: Primary cystic fibrosis human bronchial epithelial (CF hBE) cells were expanded and cultured according to published methods (Neuberger et al., Ch. 4 of Cystic Fibrosis, Methods in Molecular Biology vol. 741, pp. 39-54 (2011)). Well-differentiated cells (>30 days at air/liquid interface) on Snapwell filters (Corning Costar, cat. no. 3801) were mounted in Ussing chambers (Physiologic Instruments, Inc., San Diego, Calif.). F508del/F508del cultures were assayed at 27° C. and G551D/F508del cells were assayed at 35° C. HEPES buffered physiological saline (composition (in mM): 137 NaCl, 4 KCl, 1 MgCl2, 1.8 CaCl2, 10 HEPES Na) was used in both apical and basolateral chambers. Chambers were bubbled with air to promote mixing and the voltage was clamped to zero. Amiloride (30 uM), forskolin (10 uM), test compound (4 increasing concentrations), and CFTRinh-172 (20 uM) were added sequentially with 20-25 minutes between additions. Short-circuit currents were acquired and analyzed using LabScribe2. Test compound responses were scaled relative to responses for DMSO (0%) and the maximal response of a positive control potentiator (100%).",B,EC50,=,1.67,nM,8.78,576966,2018,F508del,potentiator
CHEMBL5889215,CC(c1cc(-c2ccccc2F)no1)c1c(C#N)c(-c2cnc(C(F)(F)F)nc2)c2c(N)ncnn12,CHEMBL4051,CHEMBL5725906,Cystic fibrosis transmembrane conductance regulator,CHEMBL5731678,"FRT Ion Flux Assay of F508del CFTR Potentiation: Fischer rat thyroid (FRT) cell lines stably expressing recombinant F508del V470 CFTR and halide-sensitive yellow fluorescent protein (Pedemonte et al., J. Clin. Invest. 115(9) 2564-71 (2005)) were seeded at 25,000 cells/well in 50 uL/well of culture medium into black-walled, clear bottom tissue-culture-treated 384-well plates (Corning, cat. no. 3712). After one day, the cells were pre-incubated at 27° C./5% CO2 for 16-24 hours. The cells were then washed with dPBS and treated with forskolin (20 uM) and test compound for 30 min by addition of 20 uL of compound dilution buffer (dPBS containing forskolin and test compound). Plates were loaded into FLIPR384 fluorescence imaging plate reader (Molecular Devices). After an initial fluorescence reading, iodide buffer (25 uL) (composition (in mM): 137 NaI, 1.5 K2PO4, 8.1 NaH2PO4, 2.7 KCl, 0.5 MgCl2, 1 CaCl2) was added and a second fluorescence reading was made after approximately 21 seconds. Data treatment involved division of the second fluorescence reading by the initial fluorescence reading, then scaling of the resulting normalized endpoint fluorescence with respect to the responses for DMSO (0%) and a positive control potentiator (100%).",B,EC50,=,3.1,nM,8.51,576967,2018,F508del,potentiator
CHEMBL5889215,CC(c1cc(-c2ccccc2F)no1)c1c(C#N)c(-c2cnc(C(F)(F)F)nc2)c2c(N)ncnn12,CHEMBL4051,CHEMBL5725906,Cystic fibrosis transmembrane conductance regulator,CHEMBL5731677,"Chamber Electrophysiology Assay of CFTR Potentiation in CF Bronchial Epithelial Cells: Primary cystic fibrosis human bronchial epithelial (CF hBE) cells were expanded and cultured according to published methods (Neuberger et al., Ch. 4 of Cystic Fibrosis, Methods in Molecular Biology vol. 741, pp. 39-54 (2011)). Well-differentiated cells (>30 days at air/liquid interface) on Snapwell filters (Corning Costar, cat. no. 3801) were mounted in Ussing chambers (Physiologic Instruments, Inc., San Diego, Calif.). F508del/F508del cultures were assayed at 27° C. and G551D/F508del cells were assayed at 35° C. HEPES buffered physiological saline (composition (in mM): 137 NaCl, 4 KCl, 1 MgCl2, 1.8 CaCl2, 10 HEPES Na) was used in both apical and basolateral chambers. Chambers were bubbled with air to promote mixing and the voltage was clamped to zero. Amiloride (30 uM), forskolin (10 uM), test compound (4 increasing concentrations), and CFTRinh-172 (20 uM) were added sequentially with 20-25 minutes between additions. Short-circuit currents were acquired and analyzed using LabScribe2. Test compound responses were scaled relative to responses for DMSO (0%) and the maximal response of a positive control potentiator (100%).",B,EC50,=,5.0,nM,8.30,576968,2018,F508del,potentiator
CHEMBL5889215,CC(c1cc(-c2ccccc2F)no1)c1c(C#N)c(-c2cnc(C(F)(F)F)nc2)c2c(N)ncnn12,CHEMBL4051,CHEMBL5725906,Cystic fibrosis transmembrane conductance regulator,CHEMBL5731678,"FRT Ion Flux Assay of F508del CFTR Potentiation: Fischer rat thyroid (FRT) cell lines stably expressing recombinant F508del V470 CFTR and halide-sensitive yellow fluorescent protein (Pedemonte et al., J. Clin. Invest. 115(9) 2564-71 (2005)) were seeded at 25,000 cells/well in 50 uL/well of culture medium into black-walled, clear bottom tissue-culture-treated 384-well plates (Corning, cat. no. 3712). After one day, the cells were pre-incubated at 27° C./5% CO2 for 16-24 hours. The cells were then washed with dPBS and treated with forskolin (20 uM) and test compound for 30 min by addition of 20 uL of compound dilution buffer (dPBS containing forskolin and test compound). Plates were loaded into FLIPR384 fluorescence imaging plate reader (Molecular Devices). After an initial fluorescence reading, iodide buffer (25 uL) (composition (in mM): 137 NaI, 1.5 K2PO4, 8.1 NaH2PO4, 2.7 KCl, 0.5 MgCl2, 1 CaCl2) was added and a second fluorescence reading was made after approximately 21 seconds. Data treatment involved division of the second fluorescence reading by the initial fluorescence reading, then scaling of the resulting normalized endpoint fluorescence with respect to the responses for DMSO (0%) and a positive control potentiator (100%).",B,EC50,=,13.8,nM,7.86,576969,2018,F508del,potentiator
CHEMBL5862902,C[C@H](c1cnn(-c2ccc(F)cc2F)c1)c1c(C#N)c(-c2cnc(C(F)(F)F)nc2)c2c(N)ncnn12,CHEMBL4051,CHEMBL5725906,Cystic fibrosis transmembrane conductance regulator,CHEMBL5731677,"Chamber Electrophysiology Assay of CFTR Potentiation in CF Bronchial Epithelial Cells: Primary cystic fibrosis human bronchial epithelial (CF hBE) cells were expanded and cultured according to published methods (Neuberger et al., Ch. 4 of Cystic Fibrosis, Methods in Molecular Biology vol. 741, pp. 39-54 (2011)). Well-differentiated cells (>30 days at air/liquid interface) on Snapwell filters (Corning Costar, cat. no. 3801) were mounted in Ussing chambers (Physiologic Instruments, Inc., San Diego, Calif.). F508del/F508del cultures were assayed at 27° C. and G551D/F508del cells were assayed at 35° C. HEPES buffered physiological saline (composition (in mM): 137 NaCl, 4 KCl, 1 MgCl2, 1.8 CaCl2, 10 HEPES Na) was used in both apical and basolateral chambers. Chambers were bubbled with air to promote mixing and the voltage was clamped to zero. Amiloride (30 uM), forskolin (10 uM), test compound (4 increasing concentrations), and CFTRinh-172 (20 uM) were added sequentially with 20-25 minutes between additions. Short-circuit currents were acquired and analyzed using LabScribe2. Test compound responses were scaled relative to responses for DMSO (0%) and the maximal response of a positive control potentiator (100%).",B,EC50,=,8.94,nM,8.05,576970,2018,F508del,potentiator
CHEMBL5862902,C[C@H](c1cnn(-c2ccc(F)cc2F)c1)c1c(C#N)c(-c2cnc(C(F)(F)F)nc2)c2c(N)ncnn12,CHEMBL4051,CHEMBL5725906,Cystic fibrosis transmembrane conductance regulator,CHEMBL5731678,"FRT Ion Flux Assay of F508del CFTR Potentiation: Fischer rat thyroid (FRT) cell lines stably expressing recombinant F508del V470 CFTR and halide-sensitive yellow fluorescent protein (Pedemonte et al., J. Clin. Invest. 115(9) 2564-71 (2005)) were seeded at 25,000 cells/well in 50 uL/well of culture medium into black-walled, clear bottom tissue-culture-treated 384-well plates (Corning, cat. no. 3712). After one day, the cells were pre-incubated at 27° C./5% CO2 for 16-24 hours. The cells were then washed with dPBS and treated with forskolin (20 uM) and test compound for 30 min by addition of 20 uL of compound dilution buffer (dPBS containing forskolin and test compound). Plates were loaded into FLIPR384 fluorescence imaging plate reader (Molecular Devices). After an initial fluorescence reading, iodide buffer (25 uL) (composition (in mM): 137 NaI, 1.5 K2PO4, 8.1 NaH2PO4, 2.7 KCl, 0.5 MgCl2, 1 CaCl2) was added and a second fluorescence reading was made after approximately 21 seconds. Data treatment involved division of the second fluorescence reading by the initial fluorescence reading, then scaling of the resulting normalized endpoint fluorescence with respect to the responses for DMSO (0%) and a positive control potentiator (100%).",B,EC50,=,30.0,nM,7.52,576971,2018,F508del,potentiator
CHEMBL5881985,C[C@@H](c1cnn(-c2ccc(F)cc2F)c1)c1c(C#N)c(-c2cnc(C(F)(F)F)nc2)c2c(N)ncnn12,CHEMBL4051,CHEMBL5725906,Cystic fibrosis transmembrane conductance regulator,CHEMBL5731677,"Chamber Electrophysiology Assay of CFTR Potentiation in CF Bronchial Epithelial Cells: Primary cystic fibrosis human bronchial epithelial (CF hBE) cells were expanded and cultured according to published methods (Neuberger et al., Ch. 4 of Cystic Fibrosis, Methods in Molecular Biology vol. 741, pp. 39-54 (2011)). Well-differentiated cells (>30 days at air/liquid interface) on Snapwell filters (Corning Costar, cat. no. 3801) were mounted in Ussing chambers (Physiologic Instruments, Inc., San Diego, Calif.). F508del/F508del cultures were assayed at 27° C. and G551D/F508del cells were assayed at 35° C. HEPES buffered physiological saline (composition (in mM): 137 NaCl, 4 KCl, 1 MgCl2, 1.8 CaCl2, 10 HEPES Na) was used in both apical and basolateral chambers. Chambers were bubbled with air to promote mixing and the voltage was clamped to zero. Amiloride (30 uM), forskolin (10 uM), test compound (4 increasing concentrations), and CFTRinh-172 (20 uM) were added sequentially with 20-25 minutes between additions. Short-circuit currents were acquired and analyzed using LabScribe2. Test compound responses were scaled relative to responses for DMSO (0%) and the maximal response of a positive control potentiator (100%).",B,EC50,=,0.66,nM,9.18,576972,2018,F508del,potentiator
CHEMBL5881985,C[C@@H](c1cnn(-c2ccc(F)cc2F)c1)c1c(C#N)c(-c2cnc(C(F)(F)F)nc2)c2c(N)ncnn12,CHEMBL4051,CHEMBL5725906,Cystic fibrosis transmembrane conductance regulator,CHEMBL5731678,"FRT Ion Flux Assay of F508del CFTR Potentiation: Fischer rat thyroid (FRT) cell lines stably expressing recombinant F508del V470 CFTR and halide-sensitive yellow fluorescent protein (Pedemonte et al., J. Clin. Invest. 115(9) 2564-71 (2005)) were seeded at 25,000 cells/well in 50 uL/well of culture medium into black-walled, clear bottom tissue-culture-treated 384-well plates (Corning, cat. no. 3712). After one day, the cells were pre-incubated at 27° C./5% CO2 for 16-24 hours. The cells were then washed with dPBS and treated with forskolin (20 uM) and test compound for 30 min by addition of 20 uL of compound dilution buffer (dPBS containing forskolin and test compound). Plates were loaded into FLIPR384 fluorescence imaging plate reader (Molecular Devices). After an initial fluorescence reading, iodide buffer (25 uL) (composition (in mM): 137 NaI, 1.5 K2PO4, 8.1 NaH2PO4, 2.7 KCl, 0.5 MgCl2, 1 CaCl2) was added and a second fluorescence reading was made after approximately 21 seconds. Data treatment involved division of the second fluorescence reading by the initial fluorescence reading, then scaling of the resulting normalized endpoint fluorescence with respect to the responses for DMSO (0%) and a positive control potentiator (100%).",B,EC50,=,3.13,nM,8.50,576973,2018,F508del,potentiator
CHEMBL5923614,N#Cc1c(-c2cnc(C(F)(F)F)nc2)c2c(N)ncnn2c1Cc1cn(-c2ccccc2F)nn1,CHEMBL4051,CHEMBL5725906,Cystic fibrosis transmembrane conductance regulator,CHEMBL5731677,"Chamber Electrophysiology Assay of CFTR Potentiation in CF Bronchial Epithelial Cells: Primary cystic fibrosis human bronchial epithelial (CF hBE) cells were expanded and cultured according to published methods (Neuberger et al., Ch. 4 of Cystic Fibrosis, Methods in Molecular Biology vol. 741, pp. 39-54 (2011)). Well-differentiated cells (>30 days at air/liquid interface) on Snapwell filters (Corning Costar, cat. no. 3801) were mounted in Ussing chambers (Physiologic Instruments, Inc., San Diego, Calif.). F508del/F508del cultures were assayed at 27° C. and G551D/F508del cells were assayed at 35° C. HEPES buffered physiological saline (composition (in mM): 137 NaCl, 4 KCl, 1 MgCl2, 1.8 CaCl2, 10 HEPES Na) was used in both apical and basolateral chambers. Chambers were bubbled with air to promote mixing and the voltage was clamped to zero. Amiloride (30 uM), forskolin (10 uM), test compound (4 increasing concentrations), and CFTRinh-172 (20 uM) were added sequentially with 20-25 minutes between additions. Short-circuit currents were acquired and analyzed using LabScribe2. Test compound responses were scaled relative to responses for DMSO (0%) and the maximal response of a positive control potentiator (100%).",B,EC50,=,27.1,nM,7.57,576974,2018,F508del,potentiator
CHEMBL5923614,N#Cc1c(-c2cnc(C(F)(F)F)nc2)c2c(N)ncnn2c1Cc1cn(-c2ccccc2F)nn1,CHEMBL4051,CHEMBL5725906,Cystic fibrosis transmembrane conductance regulator,CHEMBL5731678,"FRT Ion Flux Assay of F508del CFTR Potentiation: Fischer rat thyroid (FRT) cell lines stably expressing recombinant F508del V470 CFTR and halide-sensitive yellow fluorescent protein (Pedemonte et al., J. Clin. Invest. 115(9) 2564-71 (2005)) were seeded at 25,000 cells/well in 50 uL/well of culture medium into black-walled, clear bottom tissue-culture-treated 384-well plates (Corning, cat. no. 3712). After one day, the cells were pre-incubated at 27° C./5% CO2 for 16-24 hours. The cells were then washed with dPBS and treated with forskolin (20 uM) and test compound for 30 min by addition of 20 uL of compound dilution buffer (dPBS containing forskolin and test compound). Plates were loaded into FLIPR384 fluorescence imaging plate reader (Molecular Devices). After an initial fluorescence reading, iodide buffer (25 uL) (composition (in mM): 137 NaI, 1.5 K2PO4, 8.1 NaH2PO4, 2.7 KCl, 0.5 MgCl2, 1 CaCl2) was added and a second fluorescence reading was made after approximately 21 seconds. Data treatment involved division of the second fluorescence reading by the initial fluorescence reading, then scaling of the resulting normalized endpoint fluorescence with respect to the responses for DMSO (0%) and a positive control potentiator (100%).",B,EC50,=,23.3,nM,7.63,576975,2018,F508del,potentiator
CHEMBL5792842,CC(c1cn(-c2ccc(F)cc2F)nn1)c1c(C#N)c(-c2cnc(C(F)(F)F)nc2)c2c(N)ncnn12,CHEMBL4051,CHEMBL5725906,Cystic fibrosis transmembrane conductance regulator,CHEMBL5731677,"Chamber Electrophysiology Assay of CFTR Potentiation in CF Bronchial Epithelial Cells: Primary cystic fibrosis human bronchial epithelial (CF hBE) cells were expanded and cultured according to published methods (Neuberger et al., Ch. 4 of Cystic Fibrosis, Methods in Molecular Biology vol. 741, pp. 39-54 (2011)). Well-differentiated cells (>30 days at air/liquid interface) on Snapwell filters (Corning Costar, cat. no. 3801) were mounted in Ussing chambers (Physiologic Instruments, Inc., San Diego, Calif.). F508del/F508del cultures were assayed at 27° C. and G551D/F508del cells were assayed at 35° C. HEPES buffered physiological saline (composition (in mM): 137 NaCl, 4 KCl, 1 MgCl2, 1.8 CaCl2, 10 HEPES Na) was used in both apical and basolateral chambers. Chambers were bubbled with air to promote mixing and the voltage was clamped to zero. Amiloride (30 uM), forskolin (10 uM), test compound (4 increasing concentrations), and CFTRinh-172 (20 uM) were added sequentially with 20-25 minutes between additions. Short-circuit currents were acquired and analyzed using LabScribe2. Test compound responses were scaled relative to responses for DMSO (0%) and the maximal response of a positive control potentiator (100%).",B,EC50,=,20.9,nM,7.68,576976,2018,F508del,potentiator
CHEMBL5792842,CC(c1cn(-c2ccc(F)cc2F)nn1)c1c(C#N)c(-c2cnc(C(F)(F)F)nc2)c2c(N)ncnn12,CHEMBL4051,CHEMBL5725906,Cystic fibrosis transmembrane conductance regulator,CHEMBL5731678,"FRT Ion Flux Assay of F508del CFTR Potentiation: Fischer rat thyroid (FRT) cell lines stably expressing recombinant F508del V470 CFTR and halide-sensitive yellow fluorescent protein (Pedemonte et al., J. Clin. Invest. 115(9) 2564-71 (2005)) were seeded at 25,000 cells/well in 50 uL/well of culture medium into black-walled, clear bottom tissue-culture-treated 384-well plates (Corning, cat. no. 3712). After one day, the cells were pre-incubated at 27° C./5% CO2 for 16-24 hours. The cells were then washed with dPBS and treated with forskolin (20 uM) and test compound for 30 min by addition of 20 uL of compound dilution buffer (dPBS containing forskolin and test compound). Plates were loaded into FLIPR384 fluorescence imaging plate reader (Molecular Devices). After an initial fluorescence reading, iodide buffer (25 uL) (composition (in mM): 137 NaI, 1.5 K2PO4, 8.1 NaH2PO4, 2.7 KCl, 0.5 MgCl2, 1 CaCl2) was added and a second fluorescence reading was made after approximately 21 seconds. Data treatment involved division of the second fluorescence reading by the initial fluorescence reading, then scaling of the resulting normalized endpoint fluorescence with respect to the responses for DMSO (0%) and a positive control potentiator (100%).",B,EC50,=,28.7,nM,7.54,576977,2018,F508del,potentiator
CHEMBL5964878,CCC(c1cn(-c2ccccc2F)nn1)c1c(C#N)c(-c2cnc(C(F)(F)F)nc2)c2c(N)ncnn12,CHEMBL4051,CHEMBL5725906,Cystic fibrosis transmembrane conductance regulator,CHEMBL5731677,"Chamber Electrophysiology Assay of CFTR Potentiation in CF Bronchial Epithelial Cells: Primary cystic fibrosis human bronchial epithelial (CF hBE) cells were expanded and cultured according to published methods (Neuberger et al., Ch. 4 of Cystic Fibrosis, Methods in Molecular Biology vol. 741, pp. 39-54 (2011)). Well-differentiated cells (>30 days at air/liquid interface) on Snapwell filters (Corning Costar, cat. no. 3801) were mounted in Ussing chambers (Physiologic Instruments, Inc., San Diego, Calif.). F508del/F508del cultures were assayed at 27° C. and G551D/F508del cells were assayed at 35° C. HEPES buffered physiological saline (composition (in mM): 137 NaCl, 4 KCl, 1 MgCl2, 1.8 CaCl2, 10 HEPES Na) was used in both apical and basolateral chambers. Chambers were bubbled with air to promote mixing and the voltage was clamped to zero. Amiloride (30 uM), forskolin (10 uM), test compound (4 increasing concentrations), and CFTRinh-172 (20 uM) were added sequentially with 20-25 minutes between additions. Short-circuit currents were acquired and analyzed using LabScribe2. Test compound responses were scaled relative to responses for DMSO (0%) and the maximal response of a positive control potentiator (100%).",B,EC50,=,7.86,nM,8.11,576978,2018,F508del,potentiator
CHEMBL6009312,N#Cc1c(-c2cnc(C(F)(F)F)nc2)c2c(N)ncnn2c1Cc1cnn(-c2ccccc2F)c1,CHEMBL4051,CHEMBL5725906,Cystic fibrosis transmembrane conductance regulator,CHEMBL5731677,"Chamber Electrophysiology Assay of CFTR Potentiation in CF Bronchial Epithelial Cells: Primary cystic fibrosis human bronchial epithelial (CF hBE) cells were expanded and cultured according to published methods (Neuberger et al., Ch. 4 of Cystic Fibrosis, Methods in Molecular Biology vol. 741, pp. 39-54 (2011)). Well-differentiated cells (>30 days at air/liquid interface) on Snapwell filters (Corning Costar, cat. no. 3801) were mounted in Ussing chambers (Physiologic Instruments, Inc., San Diego, Calif.). F508del/F508del cultures were assayed at 27° C. and G551D/F508del cells were assayed at 35° C. HEPES buffered physiological saline (composition (in mM): 137 NaCl, 4 KCl, 1 MgCl2, 1.8 CaCl2, 10 HEPES Na) was used in both apical and basolateral chambers. Chambers were bubbled with air to promote mixing and the voltage was clamped to zero. Amiloride (30 uM), forskolin (10 uM), test compound (4 increasing concentrations), and CFTRinh-172 (20 uM) were added sequentially with 20-25 minutes between additions. Short-circuit currents were acquired and analyzed using LabScribe2. Test compound responses were scaled relative to responses for DMSO (0%) and the maximal response of a positive control potentiator (100%).",B,EC50,=,0.86,nM,9.07,576979,2018,F508del,potentiator
CHEMBL6009312,N#Cc1c(-c2cnc(C(F)(F)F)nc2)c2c(N)ncnn2c1Cc1cnn(-c2ccccc2F)c1,CHEMBL4051,CHEMBL5725906,Cystic fibrosis transmembrane conductance regulator,CHEMBL5731678,"FRT Ion Flux Assay of F508del CFTR Potentiation: Fischer rat thyroid (FRT) cell lines stably expressing recombinant F508del V470 CFTR and halide-sensitive yellow fluorescent protein (Pedemonte et al., J. Clin. Invest. 115(9) 2564-71 (2005)) were seeded at 25,000 cells/well in 50 uL/well of culture medium into black-walled, clear bottom tissue-culture-treated 384-well plates (Corning, cat. no. 3712). After one day, the cells were pre-incubated at 27° C./5% CO2 for 16-24 hours. The cells were then washed with dPBS and treated with forskolin (20 uM) and test compound for 30 min by addition of 20 uL of compound dilution buffer (dPBS containing forskolin and test compound). Plates were loaded into FLIPR384 fluorescence imaging plate reader (Molecular Devices). After an initial fluorescence reading, iodide buffer (25 uL) (composition (in mM): 137 NaI, 1.5 K2PO4, 8.1 NaH2PO4, 2.7 KCl, 0.5 MgCl2, 1 CaCl2) was added and a second fluorescence reading was made after approximately 21 seconds. Data treatment involved division of the second fluorescence reading by the initial fluorescence reading, then scaling of the resulting normalized endpoint fluorescence with respect to the responses for DMSO (0%) and a positive control potentiator (100%).",B,EC50,=,0.57,nM,9.24,576980,2018,F508del,potentiator
CHEMBL5802461,N#Cc1c(-c2cnc(C(F)F)nc2)c2c(N)ncnn2c1Cc1cnn(-c2ccccc2F)c1,CHEMBL4051,CHEMBL5725906,Cystic fibrosis transmembrane conductance regulator,CHEMBL5731677,"Chamber Electrophysiology Assay of CFTR Potentiation in CF Bronchial Epithelial Cells: Primary cystic fibrosis human bronchial epithelial (CF hBE) cells were expanded and cultured according to published methods (Neuberger et al., Ch. 4 of Cystic Fibrosis, Methods in Molecular Biology vol. 741, pp. 39-54 (2011)). Well-differentiated cells (>30 days at air/liquid interface) on Snapwell filters (Corning Costar, cat. no. 3801) were mounted in Ussing chambers (Physiologic Instruments, Inc., San Diego, Calif.). F508del/F508del cultures were assayed at 27° C. and G551D/F508del cells were assayed at 35° C. HEPES buffered physiological saline (composition (in mM): 137 NaCl, 4 KCl, 1 MgCl2, 1.8 CaCl2, 10 HEPES Na) was used in both apical and basolateral chambers. Chambers were bubbled with air to promote mixing and the voltage was clamped to zero. Amiloride (30 uM), forskolin (10 uM), test compound (4 increasing concentrations), and CFTRinh-172 (20 uM) were added sequentially with 20-25 minutes between additions. Short-circuit currents were acquired and analyzed using LabScribe2. Test compound responses were scaled relative to responses for DMSO (0%) and the maximal response of a positive control potentiator (100%).",B,EC50,=,1.05,nM,8.98,576981,2018,F508del,potentiator
CHEMBL5802461,N#Cc1c(-c2cnc(C(F)F)nc2)c2c(N)ncnn2c1Cc1cnn(-c2ccccc2F)c1,CHEMBL4051,CHEMBL5725906,Cystic fibrosis transmembrane conductance regulator,CHEMBL5731678,"FRT Ion Flux Assay of F508del CFTR Potentiation: Fischer rat thyroid (FRT) cell lines stably expressing recombinant F508del V470 CFTR and halide-sensitive yellow fluorescent protein (Pedemonte et al., J. Clin. Invest. 115(9) 2564-71 (2005)) were seeded at 25,000 cells/well in 50 uL/well of culture medium into black-walled, clear bottom tissue-culture-treated 384-well plates (Corning, cat. no. 3712). After one day, the cells were pre-incubated at 27° C./5% CO2 for 16-24 hours. The cells were then washed with dPBS and treated with forskolin (20 uM) and test compound for 30 min by addition of 20 uL of compound dilution buffer (dPBS containing forskolin and test compound). Plates were loaded into FLIPR384 fluorescence imaging plate reader (Molecular Devices). After an initial fluorescence reading, iodide buffer (25 uL) (composition (in mM): 137 NaI, 1.5 K2PO4, 8.1 NaH2PO4, 2.7 KCl, 0.5 MgCl2, 1 CaCl2) was added and a second fluorescence reading was made after approximately 21 seconds. Data treatment involved division of the second fluorescence reading by the initial fluorescence reading, then scaling of the resulting normalized endpoint fluorescence with respect to the responses for DMSO (0%) and a positive control potentiator (100%).",B,EC50,=,0.41,nM,9.39,576982,2018,F508del,potentiator
CHEMBL5974038,N#Cc1c(-c2cnc(C(F)(F)F)nc2)c2c(N)ncnn2c1Cc1cc(-c2ccccc2F)no1,CHEMBL4051,CHEMBL5725906,Cystic fibrosis transmembrane conductance regulator,CHEMBL5731677,"Chamber Electrophysiology Assay of CFTR Potentiation in CF Bronchial Epithelial Cells: Primary cystic fibrosis human bronchial epithelial (CF hBE) cells were expanded and cultured according to published methods (Neuberger et al., Ch. 4 of Cystic Fibrosis, Methods in Molecular Biology vol. 741, pp. 39-54 (2011)). Well-differentiated cells (>30 days at air/liquid interface) on Snapwell filters (Corning Costar, cat. no. 3801) were mounted in Ussing chambers (Physiologic Instruments, Inc., San Diego, Calif.). F508del/F508del cultures were assayed at 27° C. and G551D/F508del cells were assayed at 35° C. HEPES buffered physiological saline (composition (in mM): 137 NaCl, 4 KCl, 1 MgCl2, 1.8 CaCl2, 10 HEPES Na) was used in both apical and basolateral chambers. Chambers were bubbled with air to promote mixing and the voltage was clamped to zero. Amiloride (30 uM), forskolin (10 uM), test compound (4 increasing concentrations), and CFTRinh-172 (20 uM) were added sequentially with 20-25 minutes between additions. Short-circuit currents were acquired and analyzed using LabScribe2. Test compound responses were scaled relative to responses for DMSO (0%) and the maximal response of a positive control potentiator (100%).",B,EC50,=,4.0,nM,8.40,576983,2018,F508del,potentiator
CHEMBL5974038,N#Cc1c(-c2cnc(C(F)(F)F)nc2)c2c(N)ncnn2c1Cc1cc(-c2ccccc2F)no1,CHEMBL4051,CHEMBL5725906,Cystic fibrosis transmembrane conductance regulator,CHEMBL5731678,"FRT Ion Flux Assay of F508del CFTR Potentiation: Fischer rat thyroid (FRT) cell lines stably expressing recombinant F508del V470 CFTR and halide-sensitive yellow fluorescent protein (Pedemonte et al., J. Clin. Invest. 115(9) 2564-71 (2005)) were seeded at 25,000 cells/well in 50 uL/well of culture medium into black-walled, clear bottom tissue-culture-treated 384-well plates (Corning, cat. no. 3712). After one day, the cells were pre-incubated at 27° C./5% CO2 for 16-24 hours. The cells were then washed with dPBS and treated with forskolin (20 uM) and test compound for 30 min by addition of 20 uL of compound dilution buffer (dPBS containing forskolin and test compound). Plates were loaded into FLIPR384 fluorescence imaging plate reader (Molecular Devices). After an initial fluorescence reading, iodide buffer (25 uL) (composition (in mM): 137 NaI, 1.5 K2PO4, 8.1 NaH2PO4, 2.7 KCl, 0.5 MgCl2, 1 CaCl2) was added and a second fluorescence reading was made after approximately 21 seconds. Data treatment involved division of the second fluorescence reading by the initial fluorescence reading, then scaling of the resulting normalized endpoint fluorescence with respect to the responses for DMSO (0%) and a positive control potentiator (100%).",B,EC50,=,4.65,nM,8.33,576984,2018,F508del,potentiator
CHEMBL5989702,CC(c1cn(-c2ccccc2F)nn1)c1cc(-c2cnc(C(F)(F)F)nc2)c2c(N)ncnn12,CHEMBL4051,CHEMBL5725906,Cystic fibrosis transmembrane conductance regulator,CHEMBL5731677,"Chamber Electrophysiology Assay of CFTR Potentiation in CF Bronchial Epithelial Cells: Primary cystic fibrosis human bronchial epithelial (CF hBE) cells were expanded and cultured according to published methods (Neuberger et al., Ch. 4 of Cystic Fibrosis, Methods in Molecular Biology vol. 741, pp. 39-54 (2011)). Well-differentiated cells (>30 days at air/liquid interface) on Snapwell filters (Corning Costar, cat. no. 3801) were mounted in Ussing chambers (Physiologic Instruments, Inc., San Diego, Calif.). F508del/F508del cultures were assayed at 27° C. and G551D/F508del cells were assayed at 35° C. HEPES buffered physiological saline (composition (in mM): 137 NaCl, 4 KCl, 1 MgCl2, 1.8 CaCl2, 10 HEPES Na) was used in both apical and basolateral chambers. Chambers were bubbled with air to promote mixing and the voltage was clamped to zero. Amiloride (30 uM), forskolin (10 uM), test compound (4 increasing concentrations), and CFTRinh-172 (20 uM) were added sequentially with 20-25 minutes between additions. Short-circuit currents were acquired and analyzed using LabScribe2. Test compound responses were scaled relative to responses for DMSO (0%) and the maximal response of a positive control potentiator (100%).",B,EC50,=,171.0,nM,6.77,576985,2018,F508del,potentiator
CHEMBL5989702,CC(c1cn(-c2ccccc2F)nn1)c1cc(-c2cnc(C(F)(F)F)nc2)c2c(N)ncnn12,CHEMBL4051,CHEMBL5725906,Cystic fibrosis transmembrane conductance regulator,CHEMBL5731678,"FRT Ion Flux Assay of F508del CFTR Potentiation: Fischer rat thyroid (FRT) cell lines stably expressing recombinant F508del V470 CFTR and halide-sensitive yellow fluorescent protein (Pedemonte et al., J. Clin. Invest. 115(9) 2564-71 (2005)) were seeded at 25,000 cells/well in 50 uL/well of culture medium into black-walled, clear bottom tissue-culture-treated 384-well plates (Corning, cat. no. 3712). After one day, the cells were pre-incubated at 27° C./5% CO2 for 16-24 hours. The cells were then washed with dPBS and treated with forskolin (20 uM) and test compound for 30 min by addition of 20 uL of compound dilution buffer (dPBS containing forskolin and test compound). Plates were loaded into FLIPR384 fluorescence imaging plate reader (Molecular Devices). After an initial fluorescence reading, iodide buffer (25 uL) (composition (in mM): 137 NaI, 1.5 K2PO4, 8.1 NaH2PO4, 2.7 KCl, 0.5 MgCl2, 1 CaCl2) was added and a second fluorescence reading was made after approximately 21 seconds. Data treatment involved division of the second fluorescence reading by the initial fluorescence reading, then scaling of the resulting normalized endpoint fluorescence with respect to the responses for DMSO (0%) and a positive control potentiator (100%).",B,EC50,=,76.4,nM,7.12,576986,2018,F508del,potentiator
CHEMBL5989702,CC(c1cn(-c2ccccc2F)nn1)c1cc(-c2cnc(C(F)(F)F)nc2)c2c(N)ncnn12,CHEMBL4051,CHEMBL5725906,Cystic fibrosis transmembrane conductance regulator,CHEMBL5731677,"Chamber Electrophysiology Assay of CFTR Potentiation in CF Bronchial Epithelial Cells: Primary cystic fibrosis human bronchial epithelial (CF hBE) cells were expanded and cultured according to published methods (Neuberger et al., Ch. 4 of Cystic Fibrosis, Methods in Molecular Biology vol. 741, pp. 39-54 (2011)). Well-differentiated cells (>30 days at air/liquid interface) on Snapwell filters (Corning Costar, cat. no. 3801) were mounted in Ussing chambers (Physiologic Instruments, Inc., San Diego, Calif.). F508del/F508del cultures were assayed at 27° C. and G551D/F508del cells were assayed at 35° C. HEPES buffered physiological saline (composition (in mM): 137 NaCl, 4 KCl, 1 MgCl2, 1.8 CaCl2, 10 HEPES Na) was used in both apical and basolateral chambers. Chambers were bubbled with air to promote mixing and the voltage was clamped to zero. Amiloride (30 uM), forskolin (10 uM), test compound (4 increasing concentrations), and CFTRinh-172 (20 uM) were added sequentially with 20-25 minutes between additions. Short-circuit currents were acquired and analyzed using LabScribe2. Test compound responses were scaled relative to responses for DMSO (0%) and the maximal response of a positive control potentiator (100%).",B,EC50,=,6.48,nM,8.19,576987,2018,F508del,potentiator
CHEMBL5989702,CC(c1cn(-c2ccccc2F)nn1)c1cc(-c2cnc(C(F)(F)F)nc2)c2c(N)ncnn12,CHEMBL4051,CHEMBL5725906,Cystic fibrosis transmembrane conductance regulator,CHEMBL5731678,"FRT Ion Flux Assay of F508del CFTR Potentiation: Fischer rat thyroid (FRT) cell lines stably expressing recombinant F508del V470 CFTR and halide-sensitive yellow fluorescent protein (Pedemonte et al., J. Clin. Invest. 115(9) 2564-71 (2005)) were seeded at 25,000 cells/well in 50 uL/well of culture medium into black-walled, clear bottom tissue-culture-treated 384-well plates (Corning, cat. no. 3712). After one day, the cells were pre-incubated at 27° C./5% CO2 for 16-24 hours. The cells were then washed with dPBS and treated with forskolin (20 uM) and test compound for 30 min by addition of 20 uL of compound dilution buffer (dPBS containing forskolin and test compound). Plates were loaded into FLIPR384 fluorescence imaging plate reader (Molecular Devices). After an initial fluorescence reading, iodide buffer (25 uL) (composition (in mM): 137 NaI, 1.5 K2PO4, 8.1 NaH2PO4, 2.7 KCl, 0.5 MgCl2, 1 CaCl2) was added and a second fluorescence reading was made after approximately 21 seconds. Data treatment involved division of the second fluorescence reading by the initial fluorescence reading, then scaling of the resulting normalized endpoint fluorescence with respect to the responses for DMSO (0%) and a positive control potentiator (100%).",B,EC50,=,7.4,nM,8.13,576988,2018,F508del,potentiator
CHEMBL5963315,CC(c1cn(-c2ccc(F)cc2F)nn1)c1cc(-c2cnc(C(F)(F)F)nc2)c2c(N)ncnn12,CHEMBL4051,CHEMBL5725906,Cystic fibrosis transmembrane conductance regulator,CHEMBL5731677,"Chamber Electrophysiology Assay of CFTR Potentiation in CF Bronchial Epithelial Cells: Primary cystic fibrosis human bronchial epithelial (CF hBE) cells were expanded and cultured according to published methods (Neuberger et al., Ch. 4 of Cystic Fibrosis, Methods in Molecular Biology vol. 741, pp. 39-54 (2011)). Well-differentiated cells (>30 days at air/liquid interface) on Snapwell filters (Corning Costar, cat. no. 3801) were mounted in Ussing chambers (Physiologic Instruments, Inc., San Diego, Calif.). F508del/F508del cultures were assayed at 27° C. and G551D/F508del cells were assayed at 35° C. HEPES buffered physiological saline (composition (in mM): 137 NaCl, 4 KCl, 1 MgCl2, 1.8 CaCl2, 10 HEPES Na) was used in both apical and basolateral chambers. Chambers were bubbled with air to promote mixing and the voltage was clamped to zero. Amiloride (30 uM), forskolin (10 uM), test compound (4 increasing concentrations), and CFTRinh-172 (20 uM) were added sequentially with 20-25 minutes between additions. Short-circuit currents were acquired and analyzed using LabScribe2. Test compound responses were scaled relative to responses for DMSO (0%) and the maximal response of a positive control potentiator (100%).",B,EC50,=,225.0,nM,6.65,576989,2018,F508del,potentiator
CHEMBL5963315,CC(c1cn(-c2ccc(F)cc2F)nn1)c1cc(-c2cnc(C(F)(F)F)nc2)c2c(N)ncnn12,CHEMBL4051,CHEMBL5725906,Cystic fibrosis transmembrane conductance regulator,CHEMBL5731678,"FRT Ion Flux Assay of F508del CFTR Potentiation: Fischer rat thyroid (FRT) cell lines stably expressing recombinant F508del V470 CFTR and halide-sensitive yellow fluorescent protein (Pedemonte et al., J. Clin. Invest. 115(9) 2564-71 (2005)) were seeded at 25,000 cells/well in 50 uL/well of culture medium into black-walled, clear bottom tissue-culture-treated 384-well plates (Corning, cat. no. 3712). After one day, the cells were pre-incubated at 27° C./5% CO2 for 16-24 hours. The cells were then washed with dPBS and treated with forskolin (20 uM) and test compound for 30 min by addition of 20 uL of compound dilution buffer (dPBS containing forskolin and test compound). Plates were loaded into FLIPR384 fluorescence imaging plate reader (Molecular Devices). After an initial fluorescence reading, iodide buffer (25 uL) (composition (in mM): 137 NaI, 1.5 K2PO4, 8.1 NaH2PO4, 2.7 KCl, 0.5 MgCl2, 1 CaCl2) was added and a second fluorescence reading was made after approximately 21 seconds. Data treatment involved division of the second fluorescence reading by the initial fluorescence reading, then scaling of the resulting normalized endpoint fluorescence with respect to the responses for DMSO (0%) and a positive control potentiator (100%).",B,EC50,=,266.0,nM,6.58,576990,2018,F508del,potentiator
CHEMBL5963315,CC(c1cn(-c2ccc(F)cc2F)nn1)c1cc(-c2cnc(C(F)(F)F)nc2)c2c(N)ncnn12,CHEMBL4051,CHEMBL5725906,Cystic fibrosis transmembrane conductance regulator,CHEMBL5731677,"Chamber Electrophysiology Assay of CFTR Potentiation in CF Bronchial Epithelial Cells: Primary cystic fibrosis human bronchial epithelial (CF hBE) cells were expanded and cultured according to published methods (Neuberger et al., Ch. 4 of Cystic Fibrosis, Methods in Molecular Biology vol. 741, pp. 39-54 (2011)). Well-differentiated cells (>30 days at air/liquid interface) on Snapwell filters (Corning Costar, cat. no. 3801) were mounted in Ussing chambers (Physiologic Instruments, Inc., San Diego, Calif.). F508del/F508del cultures were assayed at 27° C. and G551D/F508del cells were assayed at 35° C. HEPES buffered physiological saline (composition (in mM): 137 NaCl, 4 KCl, 1 MgCl2, 1.8 CaCl2, 10 HEPES Na) was used in both apical and basolateral chambers. Chambers were bubbled with air to promote mixing and the voltage was clamped to zero. Amiloride (30 uM), forskolin (10 uM), test compound (4 increasing concentrations), and CFTRinh-172 (20 uM) were added sequentially with 20-25 minutes between additions. Short-circuit currents were acquired and analyzed using LabScribe2. Test compound responses were scaled relative to responses for DMSO (0%) and the maximal response of a positive control potentiator (100%).",B,EC50,=,7.48,nM,8.13,576991,2018,F508del,potentiator
CHEMBL5963315,CC(c1cn(-c2ccc(F)cc2F)nn1)c1cc(-c2cnc(C(F)(F)F)nc2)c2c(N)ncnn12,CHEMBL4051,CHEMBL5725906,Cystic fibrosis transmembrane conductance regulator,CHEMBL5731678,"FRT Ion Flux Assay of F508del CFTR Potentiation: Fischer rat thyroid (FRT) cell lines stably expressing recombinant F508del V470 CFTR and halide-sensitive yellow fluorescent protein (Pedemonte et al., J. Clin. Invest. 115(9) 2564-71 (2005)) were seeded at 25,000 cells/well in 50 uL/well of culture medium into black-walled, clear bottom tissue-culture-treated 384-well plates (Corning, cat. no. 3712). After one day, the cells were pre-incubated at 27° C./5% CO2 for 16-24 hours. The cells were then washed with dPBS and treated with forskolin (20 uM) and test compound for 30 min by addition of 20 uL of compound dilution buffer (dPBS containing forskolin and test compound). Plates were loaded into FLIPR384 fluorescence imaging plate reader (Molecular Devices). After an initial fluorescence reading, iodide buffer (25 uL) (composition (in mM): 137 NaI, 1.5 K2PO4, 8.1 NaH2PO4, 2.7 KCl, 0.5 MgCl2, 1 CaCl2) was added and a second fluorescence reading was made after approximately 21 seconds. Data treatment involved division of the second fluorescence reading by the initial fluorescence reading, then scaling of the resulting normalized endpoint fluorescence with respect to the responses for DMSO (0%) and a positive control potentiator (100%).",B,EC50,=,8.76,nM,8.06,576992,2018,F508del,potentiator
CHEMBL6000653,CCC(c1cn(-c2ccccc2F)nn1)c1cc(-c2cnc(C(F)(F)F)nc2)c2c(N)ncnn12,CHEMBL4051,CHEMBL5725906,Cystic fibrosis transmembrane conductance regulator,CHEMBL5731677,"Chamber Electrophysiology Assay of CFTR Potentiation in CF Bronchial Epithelial Cells: Primary cystic fibrosis human bronchial epithelial (CF hBE) cells were expanded and cultured according to published methods (Neuberger et al., Ch. 4 of Cystic Fibrosis, Methods in Molecular Biology vol. 741, pp. 39-54 (2011)). Well-differentiated cells (>30 days at air/liquid interface) on Snapwell filters (Corning Costar, cat. no. 3801) were mounted in Ussing chambers (Physiologic Instruments, Inc., San Diego, Calif.). F508del/F508del cultures were assayed at 27° C. and G551D/F508del cells were assayed at 35° C. HEPES buffered physiological saline (composition (in mM): 137 NaCl, 4 KCl, 1 MgCl2, 1.8 CaCl2, 10 HEPES Na) was used in both apical and basolateral chambers. Chambers were bubbled with air to promote mixing and the voltage was clamped to zero. Amiloride (30 uM), forskolin (10 uM), test compound (4 increasing concentrations), and CFTRinh-172 (20 uM) were added sequentially with 20-25 minutes between additions. Short-circuit currents were acquired and analyzed using LabScribe2. Test compound responses were scaled relative to responses for DMSO (0%) and the maximal response of a positive control potentiator (100%).",B,EC50,=,2.0,nM,8.70,576993,2018,F508del,potentiator
CHEMBL6000653,CCC(c1cn(-c2ccccc2F)nn1)c1cc(-c2cnc(C(F)(F)F)nc2)c2c(N)ncnn12,CHEMBL4051,CHEMBL5725906,Cystic fibrosis transmembrane conductance regulator,CHEMBL5731678,"FRT Ion Flux Assay of F508del CFTR Potentiation: Fischer rat thyroid (FRT) cell lines stably expressing recombinant F508del V470 CFTR and halide-sensitive yellow fluorescent protein (Pedemonte et al., J. Clin. Invest. 115(9) 2564-71 (2005)) were seeded at 25,000 cells/well in 50 uL/well of culture medium into black-walled, clear bottom tissue-culture-treated 384-well plates (Corning, cat. no. 3712). After one day, the cells were pre-incubated at 27° C./5% CO2 for 16-24 hours. The cells were then washed with dPBS and treated with forskolin (20 uM) and test compound for 30 min by addition of 20 uL of compound dilution buffer (dPBS containing forskolin and test compound). Plates were loaded into FLIPR384 fluorescence imaging plate reader (Molecular Devices). After an initial fluorescence reading, iodide buffer (25 uL) (composition (in mM): 137 NaI, 1.5 K2PO4, 8.1 NaH2PO4, 2.7 KCl, 0.5 MgCl2, 1 CaCl2) was added and a second fluorescence reading was made after approximately 21 seconds. Data treatment involved division of the second fluorescence reading by the initial fluorescence reading, then scaling of the resulting normalized endpoint fluorescence with respect to the responses for DMSO (0%) and a positive control potentiator (100%).",B,EC50,=,1.88,nM,8.73,576994,2018,F508del,potentiator
CHEMBL6000653,CCC(c1cn(-c2ccccc2F)nn1)c1cc(-c2cnc(C(F)(F)F)nc2)c2c(N)ncnn12,CHEMBL4051,CHEMBL5725906,Cystic fibrosis transmembrane conductance regulator,CHEMBL5731677,"Chamber Electrophysiology Assay of CFTR Potentiation in CF Bronchial Epithelial Cells: Primary cystic fibrosis human bronchial epithelial (CF hBE) cells were expanded and cultured according to published methods (Neuberger et al., Ch. 4 of Cystic Fibrosis, Methods in Molecular Biology vol. 741, pp. 39-54 (2011)). Well-differentiated cells (>30 days at air/liquid interface) on Snapwell filters (Corning Costar, cat. no. 3801) were mounted in Ussing chambers (Physiologic Instruments, Inc., San Diego, Calif.). F508del/F508del cultures were assayed at 27° C. and G551D/F508del cells were assayed at 35° C. HEPES buffered physiological saline (composition (in mM): 137 NaCl, 4 KCl, 1 MgCl2, 1.8 CaCl2, 10 HEPES Na) was used in both apical and basolateral chambers. Chambers were bubbled with air to promote mixing and the voltage was clamped to zero. Amiloride (30 uM), forskolin (10 uM), test compound (4 increasing concentrations), and CFTRinh-172 (20 uM) were added sequentially with 20-25 minutes between additions. Short-circuit currents were acquired and analyzed using LabScribe2. Test compound responses were scaled relative to responses for DMSO (0%) and the maximal response of a positive control potentiator (100%).",B,EC50,=,36.6,nM,7.44,576995,2018,F508del,potentiator
CHEMBL6000653,CCC(c1cn(-c2ccccc2F)nn1)c1cc(-c2cnc(C(F)(F)F)nc2)c2c(N)ncnn12,CHEMBL4051,CHEMBL5725906,Cystic fibrosis transmembrane conductance regulator,CHEMBL5731678,"FRT Ion Flux Assay of F508del CFTR Potentiation: Fischer rat thyroid (FRT) cell lines stably expressing recombinant F508del V470 CFTR and halide-sensitive yellow fluorescent protein (Pedemonte et al., J. Clin. Invest. 115(9) 2564-71 (2005)) were seeded at 25,000 cells/well in 50 uL/well of culture medium into black-walled, clear bottom tissue-culture-treated 384-well plates (Corning, cat. no. 3712). After one day, the cells were pre-incubated at 27° C./5% CO2 for 16-24 hours. The cells were then washed with dPBS and treated with forskolin (20 uM) and test compound for 30 min by addition of 20 uL of compound dilution buffer (dPBS containing forskolin and test compound). Plates were loaded into FLIPR384 fluorescence imaging plate reader (Molecular Devices). After an initial fluorescence reading, iodide buffer (25 uL) (composition (in mM): 137 NaI, 1.5 K2PO4, 8.1 NaH2PO4, 2.7 KCl, 0.5 MgCl2, 1 CaCl2) was added and a second fluorescence reading was made after approximately 21 seconds. Data treatment involved division of the second fluorescence reading by the initial fluorescence reading, then scaling of the resulting normalized endpoint fluorescence with respect to the responses for DMSO (0%) and a positive control potentiator (100%).",B,EC50,=,91.2,nM,7.04,576996,2018,F508del,potentiator
CHEMBL5869365,CCC(c1cn(-c2ccc(F)cc2F)nn1)c1cc(-c2cnc(C(F)(F)F)nc2)c2c(N)ncnn12,CHEMBL4051,CHEMBL5725906,Cystic fibrosis transmembrane conductance regulator,CHEMBL5731677,"Chamber Electrophysiology Assay of CFTR Potentiation in CF Bronchial Epithelial Cells: Primary cystic fibrosis human bronchial epithelial (CF hBE) cells were expanded and cultured according to published methods (Neuberger et al., Ch. 4 of Cystic Fibrosis, Methods in Molecular Biology vol. 741, pp. 39-54 (2011)). Well-differentiated cells (>30 days at air/liquid interface) on Snapwell filters (Corning Costar, cat. no. 3801) were mounted in Ussing chambers (Physiologic Instruments, Inc., San Diego, Calif.). F508del/F508del cultures were assayed at 27° C. and G551D/F508del cells were assayed at 35° C. HEPES buffered physiological saline (composition (in mM): 137 NaCl, 4 KCl, 1 MgCl2, 1.8 CaCl2, 10 HEPES Na) was used in both apical and basolateral chambers. Chambers were bubbled with air to promote mixing and the voltage was clamped to zero. Amiloride (30 uM), forskolin (10 uM), test compound (4 increasing concentrations), and CFTRinh-172 (20 uM) were added sequentially with 20-25 minutes between additions. Short-circuit currents were acquired and analyzed using LabScribe2. Test compound responses were scaled relative to responses for DMSO (0%) and the maximal response of a positive control potentiator (100%).",B,EC50,=,115.0,nM,6.94,576997,2018,F508del,potentiator
CHEMBL5869365,CCC(c1cn(-c2ccc(F)cc2F)nn1)c1cc(-c2cnc(C(F)(F)F)nc2)c2c(N)ncnn12,CHEMBL4051,CHEMBL5725906,Cystic fibrosis transmembrane conductance regulator,CHEMBL5731678,"FRT Ion Flux Assay of F508del CFTR Potentiation: Fischer rat thyroid (FRT) cell lines stably expressing recombinant F508del V470 CFTR and halide-sensitive yellow fluorescent protein (Pedemonte et al., J. Clin. Invest. 115(9) 2564-71 (2005)) were seeded at 25,000 cells/well in 50 uL/well of culture medium into black-walled, clear bottom tissue-culture-treated 384-well plates (Corning, cat. no. 3712). After one day, the cells were pre-incubated at 27° C./5% CO2 for 16-24 hours. The cells were then washed with dPBS and treated with forskolin (20 uM) and test compound for 30 min by addition of 20 uL of compound dilution buffer (dPBS containing forskolin and test compound). Plates were loaded into FLIPR384 fluorescence imaging plate reader (Molecular Devices). After an initial fluorescence reading, iodide buffer (25 uL) (composition (in mM): 137 NaI, 1.5 K2PO4, 8.1 NaH2PO4, 2.7 KCl, 0.5 MgCl2, 1 CaCl2) was added and a second fluorescence reading was made after approximately 21 seconds. Data treatment involved division of the second fluorescence reading by the initial fluorescence reading, then scaling of the resulting normalized endpoint fluorescence with respect to the responses for DMSO (0%) and a positive control potentiator (100%).",B,EC50,=,249.0,nM,6.60,576998,2018,F508del,potentiator
CHEMBL5869365,CCC(c1cn(-c2ccc(F)cc2F)nn1)c1cc(-c2cnc(C(F)(F)F)nc2)c2c(N)ncnn12,CHEMBL4051,CHEMBL5725906,Cystic fibrosis transmembrane conductance regulator,CHEMBL5731677,"Chamber Electrophysiology Assay of CFTR Potentiation in CF Bronchial Epithelial Cells: Primary cystic fibrosis human bronchial epithelial (CF hBE) cells were expanded and cultured according to published methods (Neuberger et al., Ch. 4 of Cystic Fibrosis, Methods in Molecular Biology vol. 741, pp. 39-54 (2011)). Well-differentiated cells (>30 days at air/liquid interface) on Snapwell filters (Corning Costar, cat. no. 3801) were mounted in Ussing chambers (Physiologic Instruments, Inc., San Diego, Calif.). F508del/F508del cultures were assayed at 27° C. and G551D/F508del cells were assayed at 35° C. HEPES buffered physiological saline (composition (in mM): 137 NaCl, 4 KCl, 1 MgCl2, 1.8 CaCl2, 10 HEPES Na) was used in both apical and basolateral chambers. Chambers were bubbled with air to promote mixing and the voltage was clamped to zero. Amiloride (30 uM), forskolin (10 uM), test compound (4 increasing concentrations), and CFTRinh-172 (20 uM) were added sequentially with 20-25 minutes between additions. Short-circuit currents were acquired and analyzed using LabScribe2. Test compound responses were scaled relative to responses for DMSO (0%) and the maximal response of a positive control potentiator (100%).",B,EC50,=,2.0,nM,8.70,576999,2018,F508del,potentiator
CHEMBL5869365,CCC(c1cn(-c2ccc(F)cc2F)nn1)c1cc(-c2cnc(C(F)(F)F)nc2)c2c(N)ncnn12,CHEMBL4051,CHEMBL5725906,Cystic fibrosis transmembrane conductance regulator,CHEMBL5731678,"FRT Ion Flux Assay of F508del CFTR Potentiation: Fischer rat thyroid (FRT) cell lines stably expressing recombinant F508del V470 CFTR and halide-sensitive yellow fluorescent protein (Pedemonte et al., J. Clin. Invest. 115(9) 2564-71 (2005)) were seeded at 25,000 cells/well in 50 uL/well of culture medium into black-walled, clear bottom tissue-culture-treated 384-well plates (Corning, cat. no. 3712). After one day, the cells were pre-incubated at 27° C./5% CO2 for 16-24 hours. The cells were then washed with dPBS and treated with forskolin (20 uM) and test compound for 30 min by addition of 20 uL of compound dilution buffer (dPBS containing forskolin and test compound). Plates were loaded into FLIPR384 fluorescence imaging plate reader (Molecular Devices). After an initial fluorescence reading, iodide buffer (25 uL) (composition (in mM): 137 NaI, 1.5 K2PO4, 8.1 NaH2PO4, 2.7 KCl, 0.5 MgCl2, 1 CaCl2) was added and a second fluorescence reading was made after approximately 21 seconds. Data treatment involved division of the second fluorescence reading by the initial fluorescence reading, then scaling of the resulting normalized endpoint fluorescence with respect to the responses for DMSO (0%) and a positive control potentiator (100%).",B,EC50,=,3.36,nM,8.47,577000,2018,F508del,potentiator
CHEMBL6053005,CCC(c1cn(-c2cc(F)ccc2F)nn1)c1cc(-c2cnc(C(F)(F)F)nc2)c2c(N)ncnn12,CHEMBL4051,CHEMBL5725906,Cystic fibrosis transmembrane conductance regulator,CHEMBL5731677,"Chamber Electrophysiology Assay of CFTR Potentiation in CF Bronchial Epithelial Cells: Primary cystic fibrosis human bronchial epithelial (CF hBE) cells were expanded and cultured according to published methods (Neuberger et al., Ch. 4 of Cystic Fibrosis, Methods in Molecular Biology vol. 741, pp. 39-54 (2011)). Well-differentiated cells (>30 days at air/liquid interface) on Snapwell filters (Corning Costar, cat. no. 3801) were mounted in Ussing chambers (Physiologic Instruments, Inc., San Diego, Calif.). F508del/F508del cultures were assayed at 27° C. and G551D/F508del cells were assayed at 35° C. HEPES buffered physiological saline (composition (in mM): 137 NaCl, 4 KCl, 1 MgCl2, 1.8 CaCl2, 10 HEPES Na) was used in both apical and basolateral chambers. Chambers were bubbled with air to promote mixing and the voltage was clamped to zero. Amiloride (30 uM), forskolin (10 uM), test compound (4 increasing concentrations), and CFTRinh-172 (20 uM) were added sequentially with 20-25 minutes between additions. Short-circuit currents were acquired and analyzed using LabScribe2. Test compound responses were scaled relative to responses for DMSO (0%) and the maximal response of a positive control potentiator (100%).",B,EC50,=,73.7,nM,7.13,577001,2018,F508del,potentiator
CHEMBL6053005,CCC(c1cn(-c2cc(F)ccc2F)nn1)c1cc(-c2cnc(C(F)(F)F)nc2)c2c(N)ncnn12,CHEMBL4051,CHEMBL5725906,Cystic fibrosis transmembrane conductance regulator,CHEMBL5731678,"FRT Ion Flux Assay of F508del CFTR Potentiation: Fischer rat thyroid (FRT) cell lines stably expressing recombinant F508del V470 CFTR and halide-sensitive yellow fluorescent protein (Pedemonte et al., J. Clin. Invest. 115(9) 2564-71 (2005)) were seeded at 25,000 cells/well in 50 uL/well of culture medium into black-walled, clear bottom tissue-culture-treated 384-well plates (Corning, cat. no. 3712). After one day, the cells were pre-incubated at 27° C./5% CO2 for 16-24 hours. The cells were then washed with dPBS and treated with forskolin (20 uM) and test compound for 30 min by addition of 20 uL of compound dilution buffer (dPBS containing forskolin and test compound). Plates were loaded into FLIPR384 fluorescence imaging plate reader (Molecular Devices). After an initial fluorescence reading, iodide buffer (25 uL) (composition (in mM): 137 NaI, 1.5 K2PO4, 8.1 NaH2PO4, 2.7 KCl, 0.5 MgCl2, 1 CaCl2) was added and a second fluorescence reading was made after approximately 21 seconds. Data treatment involved division of the second fluorescence reading by the initial fluorescence reading, then scaling of the resulting normalized endpoint fluorescence with respect to the responses for DMSO (0%) and a positive control potentiator (100%).",B,EC50,=,253.0,nM,6.60,577002,2018,F508del,potentiator
CHEMBL6053005,CCC(c1cn(-c2cc(F)ccc2F)nn1)c1cc(-c2cnc(C(F)(F)F)nc2)c2c(N)ncnn12,CHEMBL4051,CHEMBL5725906,Cystic fibrosis transmembrane conductance regulator,CHEMBL5731677,"Chamber Electrophysiology Assay of CFTR Potentiation in CF Bronchial Epithelial Cells: Primary cystic fibrosis human bronchial epithelial (CF hBE) cells were expanded and cultured according to published methods (Neuberger et al., Ch. 4 of Cystic Fibrosis, Methods in Molecular Biology vol. 741, pp. 39-54 (2011)). Well-differentiated cells (>30 days at air/liquid interface) on Snapwell filters (Corning Costar, cat. no. 3801) were mounted in Ussing chambers (Physiologic Instruments, Inc., San Diego, Calif.). F508del/F508del cultures were assayed at 27° C. and G551D/F508del cells were assayed at 35° C. HEPES buffered physiological saline (composition (in mM): 137 NaCl, 4 KCl, 1 MgCl2, 1.8 CaCl2, 10 HEPES Na) was used in both apical and basolateral chambers. Chambers were bubbled with air to promote mixing and the voltage was clamped to zero. Amiloride (30 uM), forskolin (10 uM), test compound (4 increasing concentrations), and CFTRinh-172 (20 uM) were added sequentially with 20-25 minutes between additions. Short-circuit currents were acquired and analyzed using LabScribe2. Test compound responses were scaled relative to responses for DMSO (0%) and the maximal response of a positive control potentiator (100%).",B,EC50,=,9.95,nM,8.00,577003,2018,F508del,potentiator
CHEMBL6053005,CCC(c1cn(-c2cc(F)ccc2F)nn1)c1cc(-c2cnc(C(F)(F)F)nc2)c2c(N)ncnn12,CHEMBL4051,CHEMBL5725906,Cystic fibrosis transmembrane conductance regulator,CHEMBL5731678,"FRT Ion Flux Assay of F508del CFTR Potentiation: Fischer rat thyroid (FRT) cell lines stably expressing recombinant F508del V470 CFTR and halide-sensitive yellow fluorescent protein (Pedemonte et al., J. Clin. Invest. 115(9) 2564-71 (2005)) were seeded at 25,000 cells/well in 50 uL/well of culture medium into black-walled, clear bottom tissue-culture-treated 384-well plates (Corning, cat. no. 3712). After one day, the cells were pre-incubated at 27° C./5% CO2 for 16-24 hours. The cells were then washed with dPBS and treated with forskolin (20 uM) and test compound for 30 min by addition of 20 uL of compound dilution buffer (dPBS containing forskolin and test compound). Plates were loaded into FLIPR384 fluorescence imaging plate reader (Molecular Devices). After an initial fluorescence reading, iodide buffer (25 uL) (composition (in mM): 137 NaI, 1.5 K2PO4, 8.1 NaH2PO4, 2.7 KCl, 0.5 MgCl2, 1 CaCl2) was added and a second fluorescence reading was made after approximately 21 seconds. Data treatment involved division of the second fluorescence reading by the initial fluorescence reading, then scaling of the resulting normalized endpoint fluorescence with respect to the responses for DMSO (0%) and a positive control potentiator (100%).",B,EC50,=,17.6,nM,7.75,577004,2018,F508del,potentiator
CHEMBL6006507,CCC(c1cn(-c2ccc(F)c(F)c2)nn1)c1cc(-c2cnc(C(F)(F)F)nc2)c2c(N)ncnn12,CHEMBL4051,CHEMBL5725906,Cystic fibrosis transmembrane conductance regulator,CHEMBL5731677,"Chamber Electrophysiology Assay of CFTR Potentiation in CF Bronchial Epithelial Cells: Primary cystic fibrosis human bronchial epithelial (CF hBE) cells were expanded and cultured according to published methods (Neuberger et al., Ch. 4 of Cystic Fibrosis, Methods in Molecular Biology vol. 741, pp. 39-54 (2011)). Well-differentiated cells (>30 days at air/liquid interface) on Snapwell filters (Corning Costar, cat. no. 3801) were mounted in Ussing chambers (Physiologic Instruments, Inc., San Diego, Calif.). F508del/F508del cultures were assayed at 27° C. and G551D/F508del cells were assayed at 35° C. HEPES buffered physiological saline (composition (in mM): 137 NaCl, 4 KCl, 1 MgCl2, 1.8 CaCl2, 10 HEPES Na) was used in both apical and basolateral chambers. Chambers were bubbled with air to promote mixing and the voltage was clamped to zero. Amiloride (30 uM), forskolin (10 uM), test compound (4 increasing concentrations), and CFTRinh-172 (20 uM) were added sequentially with 20-25 minutes between additions. Short-circuit currents were acquired and analyzed using LabScribe2. Test compound responses were scaled relative to responses for DMSO (0%) and the maximal response of a positive control potentiator (100%).",B,EC50,=,19.3,nM,7.71,577005,2018,F508del,potentiator
CHEMBL6006507,CCC(c1cn(-c2ccc(F)c(F)c2)nn1)c1cc(-c2cnc(C(F)(F)F)nc2)c2c(N)ncnn12,CHEMBL4051,CHEMBL5725906,Cystic fibrosis transmembrane conductance regulator,CHEMBL5731678,"FRT Ion Flux Assay of F508del CFTR Potentiation: Fischer rat thyroid (FRT) cell lines stably expressing recombinant F508del V470 CFTR and halide-sensitive yellow fluorescent protein (Pedemonte et al., J. Clin. Invest. 115(9) 2564-71 (2005)) were seeded at 25,000 cells/well in 50 uL/well of culture medium into black-walled, clear bottom tissue-culture-treated 384-well plates (Corning, cat. no. 3712). After one day, the cells were pre-incubated at 27° C./5% CO2 for 16-24 hours. The cells were then washed with dPBS and treated with forskolin (20 uM) and test compound for 30 min by addition of 20 uL of compound dilution buffer (dPBS containing forskolin and test compound). Plates were loaded into FLIPR384 fluorescence imaging plate reader (Molecular Devices). After an initial fluorescence reading, iodide buffer (25 uL) (composition (in mM): 137 NaI, 1.5 K2PO4, 8.1 NaH2PO4, 2.7 KCl, 0.5 MgCl2, 1 CaCl2) was added and a second fluorescence reading was made after approximately 21 seconds. Data treatment involved division of the second fluorescence reading by the initial fluorescence reading, then scaling of the resulting normalized endpoint fluorescence with respect to the responses for DMSO (0%) and a positive control potentiator (100%).",B,EC50,=,29.6,nM,7.53,577006,2018,F508del,potentiator
CHEMBL6006507,CCC(c1cn(-c2ccc(F)c(F)c2)nn1)c1cc(-c2cnc(C(F)(F)F)nc2)c2c(N)ncnn12,CHEMBL4051,CHEMBL5725906,Cystic fibrosis transmembrane conductance regulator,CHEMBL5731677,"Chamber Electrophysiology Assay of CFTR Potentiation in CF Bronchial Epithelial Cells: Primary cystic fibrosis human bronchial epithelial (CF hBE) cells were expanded and cultured according to published methods (Neuberger et al., Ch. 4 of Cystic Fibrosis, Methods in Molecular Biology vol. 741, pp. 39-54 (2011)). Well-differentiated cells (>30 days at air/liquid interface) on Snapwell filters (Corning Costar, cat. no. 3801) were mounted in Ussing chambers (Physiologic Instruments, Inc., San Diego, Calif.). F508del/F508del cultures were assayed at 27° C. and G551D/F508del cells were assayed at 35° C. HEPES buffered physiological saline (composition (in mM): 137 NaCl, 4 KCl, 1 MgCl2, 1.8 CaCl2, 10 HEPES Na) was used in both apical and basolateral chambers. Chambers were bubbled with air to promote mixing and the voltage was clamped to zero. Amiloride (30 uM), forskolin (10 uM), test compound (4 increasing concentrations), and CFTRinh-172 (20 uM) were added sequentially with 20-25 minutes between additions. Short-circuit currents were acquired and analyzed using LabScribe2. Test compound responses were scaled relative to responses for DMSO (0%) and the maximal response of a positive control potentiator (100%).",B,EC50,=,177.0,nM,6.75,577007,2018,F508del,potentiator
CHEMBL6006507,CCC(c1cn(-c2ccc(F)c(F)c2)nn1)c1cc(-c2cnc(C(F)(F)F)nc2)c2c(N)ncnn12,CHEMBL4051,CHEMBL5725906,Cystic fibrosis transmembrane conductance regulator,CHEMBL5731678,"FRT Ion Flux Assay of F508del CFTR Potentiation: Fischer rat thyroid (FRT) cell lines stably expressing recombinant F508del V470 CFTR and halide-sensitive yellow fluorescent protein (Pedemonte et al., J. Clin. Invest. 115(9) 2564-71 (2005)) were seeded at 25,000 cells/well in 50 uL/well of culture medium into black-walled, clear bottom tissue-culture-treated 384-well plates (Corning, cat. no. 3712). After one day, the cells were pre-incubated at 27° C./5% CO2 for 16-24 hours. The cells were then washed with dPBS and treated with forskolin (20 uM) and test compound for 30 min by addition of 20 uL of compound dilution buffer (dPBS containing forskolin and test compound). Plates were loaded into FLIPR384 fluorescence imaging plate reader (Molecular Devices). After an initial fluorescence reading, iodide buffer (25 uL) (composition (in mM): 137 NaI, 1.5 K2PO4, 8.1 NaH2PO4, 2.7 KCl, 0.5 MgCl2, 1 CaCl2) was added and a second fluorescence reading was made after approximately 21 seconds. Data treatment involved division of the second fluorescence reading by the initial fluorescence reading, then scaling of the resulting normalized endpoint fluorescence with respect to the responses for DMSO (0%) and a positive control potentiator (100%).",B,EC50,=,479.0,nM,6.32,577008,2018,F508del,potentiator
CHEMBL5776338,CC[C@H](c1cn(-c2ccccc2F)nn1)c1cc(-c2cncnc2OC)c2c(N)ncnn12,CHEMBL4051,CHEMBL5725906,Cystic fibrosis transmembrane conductance regulator,CHEMBL5731677,"Chamber Electrophysiology Assay of CFTR Potentiation in CF Bronchial Epithelial Cells: Primary cystic fibrosis human bronchial epithelial (CF hBE) cells were expanded and cultured according to published methods (Neuberger et al., Ch. 4 of Cystic Fibrosis, Methods in Molecular Biology vol. 741, pp. 39-54 (2011)). Well-differentiated cells (>30 days at air/liquid interface) on Snapwell filters (Corning Costar, cat. no. 3801) were mounted in Ussing chambers (Physiologic Instruments, Inc., San Diego, Calif.). F508del/F508del cultures were assayed at 27° C. and G551D/F508del cells were assayed at 35° C. HEPES buffered physiological saline (composition (in mM): 137 NaCl, 4 KCl, 1 MgCl2, 1.8 CaCl2, 10 HEPES Na) was used in both apical and basolateral chambers. Chambers were bubbled with air to promote mixing and the voltage was clamped to zero. Amiloride (30 uM), forskolin (10 uM), test compound (4 increasing concentrations), and CFTRinh-172 (20 uM) were added sequentially with 20-25 minutes between additions. Short-circuit currents were acquired and analyzed using LabScribe2. Test compound responses were scaled relative to responses for DMSO (0%) and the maximal response of a positive control potentiator (100%).",B,EC50,=,10.4,nM,7.98,577009,2018,F508del,potentiator
CHEMBL5776338,CC[C@H](c1cn(-c2ccccc2F)nn1)c1cc(-c2cncnc2OC)c2c(N)ncnn12,CHEMBL4051,CHEMBL5725906,Cystic fibrosis transmembrane conductance regulator,CHEMBL5731678,"FRT Ion Flux Assay of F508del CFTR Potentiation: Fischer rat thyroid (FRT) cell lines stably expressing recombinant F508del V470 CFTR and halide-sensitive yellow fluorescent protein (Pedemonte et al., J. Clin. Invest. 115(9) 2564-71 (2005)) were seeded at 25,000 cells/well in 50 uL/well of culture medium into black-walled, clear bottom tissue-culture-treated 384-well plates (Corning, cat. no. 3712). After one day, the cells were pre-incubated at 27° C./5% CO2 for 16-24 hours. The cells were then washed with dPBS and treated with forskolin (20 uM) and test compound for 30 min by addition of 20 uL of compound dilution buffer (dPBS containing forskolin and test compound). Plates were loaded into FLIPR384 fluorescence imaging plate reader (Molecular Devices). After an initial fluorescence reading, iodide buffer (25 uL) (composition (in mM): 137 NaI, 1.5 K2PO4, 8.1 NaH2PO4, 2.7 KCl, 0.5 MgCl2, 1 CaCl2) was added and a second fluorescence reading was made after approximately 21 seconds. Data treatment involved division of the second fluorescence reading by the initial fluorescence reading, then scaling of the resulting normalized endpoint fluorescence with respect to the responses for DMSO (0%) and a positive control potentiator (100%).",B,EC50,=,14.0,nM,7.85,577010,2018,F508del,potentiator
CHEMBL5961016,CC[C@@H](c1cn(-c2ccccc2F)nn1)c1cc(-c2cncnc2OC)c2c(N)ncnn12,CHEMBL4051,CHEMBL5725906,Cystic fibrosis transmembrane conductance regulator,CHEMBL5731677,"Chamber Electrophysiology Assay of CFTR Potentiation in CF Bronchial Epithelial Cells: Primary cystic fibrosis human bronchial epithelial (CF hBE) cells were expanded and cultured according to published methods (Neuberger et al., Ch. 4 of Cystic Fibrosis, Methods in Molecular Biology vol. 741, pp. 39-54 (2011)). Well-differentiated cells (>30 days at air/liquid interface) on Snapwell filters (Corning Costar, cat. no. 3801) were mounted in Ussing chambers (Physiologic Instruments, Inc., San Diego, Calif.). F508del/F508del cultures were assayed at 27° C. and G551D/F508del cells were assayed at 35° C. HEPES buffered physiological saline (composition (in mM): 137 NaCl, 4 KCl, 1 MgCl2, 1.8 CaCl2, 10 HEPES Na) was used in both apical and basolateral chambers. Chambers were bubbled with air to promote mixing and the voltage was clamped to zero. Amiloride (30 uM), forskolin (10 uM), test compound (4 increasing concentrations), and CFTRinh-172 (20 uM) were added sequentially with 20-25 minutes between additions. Short-circuit currents were acquired and analyzed using LabScribe2. Test compound responses were scaled relative to responses for DMSO (0%) and the maximal response of a positive control potentiator (100%).",B,EC50,=,123.0,nM,6.91,577011,2018,F508del,potentiator
CHEMBL5961016,CC[C@@H](c1cn(-c2ccccc2F)nn1)c1cc(-c2cncnc2OC)c2c(N)ncnn12,CHEMBL4051,CHEMBL5725906,Cystic fibrosis transmembrane conductance regulator,CHEMBL5731678,"FRT Ion Flux Assay of F508del CFTR Potentiation: Fischer rat thyroid (FRT) cell lines stably expressing recombinant F508del V470 CFTR and halide-sensitive yellow fluorescent protein (Pedemonte et al., J. Clin. Invest. 115(9) 2564-71 (2005)) were seeded at 25,000 cells/well in 50 uL/well of culture medium into black-walled, clear bottom tissue-culture-treated 384-well plates (Corning, cat. no. 3712). After one day, the cells were pre-incubated at 27° C./5% CO2 for 16-24 hours. The cells were then washed with dPBS and treated with forskolin (20 uM) and test compound for 30 min by addition of 20 uL of compound dilution buffer (dPBS containing forskolin and test compound). Plates were loaded into FLIPR384 fluorescence imaging plate reader (Molecular Devices). After an initial fluorescence reading, iodide buffer (25 uL) (composition (in mM): 137 NaI, 1.5 K2PO4, 8.1 NaH2PO4, 2.7 KCl, 0.5 MgCl2, 1 CaCl2) was added and a second fluorescence reading was made after approximately 21 seconds. Data treatment involved division of the second fluorescence reading by the initial fluorescence reading, then scaling of the resulting normalized endpoint fluorescence with respect to the responses for DMSO (0%) and a positive control potentiator (100%).",B,EC50,=,524.0,nM,6.28,577012,2018,F508del,potentiator
CHEMBL5769135,CC(O)(c1cn(-c2ccccc2F)nn1)c1cc(-c2cnc(C(F)(F)F)nc2)c2c(N)ncnn12,CHEMBL4051,CHEMBL5725906,Cystic fibrosis transmembrane conductance regulator,CHEMBL5731677,"Chamber Electrophysiology Assay of CFTR Potentiation in CF Bronchial Epithelial Cells: Primary cystic fibrosis human bronchial epithelial (CF hBE) cells were expanded and cultured according to published methods (Neuberger et al., Ch. 4 of Cystic Fibrosis, Methods in Molecular Biology vol. 741, pp. 39-54 (2011)). Well-differentiated cells (>30 days at air/liquid interface) on Snapwell filters (Corning Costar, cat. no. 3801) were mounted in Ussing chambers (Physiologic Instruments, Inc., San Diego, Calif.). F508del/F508del cultures were assayed at 27° C. and G551D/F508del cells were assayed at 35° C. HEPES buffered physiological saline (composition (in mM): 137 NaCl, 4 KCl, 1 MgCl2, 1.8 CaCl2, 10 HEPES Na) was used in both apical and basolateral chambers. Chambers were bubbled with air to promote mixing and the voltage was clamped to zero. Amiloride (30 uM), forskolin (10 uM), test compound (4 increasing concentrations), and CFTRinh-172 (20 uM) were added sequentially with 20-25 minutes between additions. Short-circuit currents were acquired and analyzed using LabScribe2. Test compound responses were scaled relative to responses for DMSO (0%) and the maximal response of a positive control potentiator (100%).",B,EC50,=,147.0,nM,6.83,577013,2018,F508del,potentiator
CHEMBL5769135,CC(O)(c1cn(-c2ccccc2F)nn1)c1cc(-c2cnc(C(F)(F)F)nc2)c2c(N)ncnn12,CHEMBL4051,CHEMBL5725906,Cystic fibrosis transmembrane conductance regulator,CHEMBL5731678,"FRT Ion Flux Assay of F508del CFTR Potentiation: Fischer rat thyroid (FRT) cell lines stably expressing recombinant F508del V470 CFTR and halide-sensitive yellow fluorescent protein (Pedemonte et al., J. Clin. Invest. 115(9) 2564-71 (2005)) were seeded at 25,000 cells/well in 50 uL/well of culture medium into black-walled, clear bottom tissue-culture-treated 384-well plates (Corning, cat. no. 3712). After one day, the cells were pre-incubated at 27° C./5% CO2 for 16-24 hours. The cells were then washed with dPBS and treated with forskolin (20 uM) and test compound for 30 min by addition of 20 uL of compound dilution buffer (dPBS containing forskolin and test compound). Plates were loaded into FLIPR384 fluorescence imaging plate reader (Molecular Devices). After an initial fluorescence reading, iodide buffer (25 uL) (composition (in mM): 137 NaI, 1.5 K2PO4, 8.1 NaH2PO4, 2.7 KCl, 0.5 MgCl2, 1 CaCl2) was added and a second fluorescence reading was made after approximately 21 seconds. Data treatment involved division of the second fluorescence reading by the initial fluorescence reading, then scaling of the resulting normalized endpoint fluorescence with respect to the responses for DMSO (0%) and a positive control potentiator (100%).",B,EC50,=,50.5,nM,7.30,577014,2018,F508del,potentiator
CHEMBL5769135,CC(O)(c1cn(-c2ccccc2F)nn1)c1cc(-c2cnc(C(F)(F)F)nc2)c2c(N)ncnn12,CHEMBL4051,CHEMBL5725906,Cystic fibrosis transmembrane conductance regulator,CHEMBL5731678,"FRT Ion Flux Assay of F508del CFTR Potentiation: Fischer rat thyroid (FRT) cell lines stably expressing recombinant F508del V470 CFTR and halide-sensitive yellow fluorescent protein (Pedemonte et al., J. Clin. Invest. 115(9) 2564-71 (2005)) were seeded at 25,000 cells/well in 50 uL/well of culture medium into black-walled, clear bottom tissue-culture-treated 384-well plates (Corning, cat. no. 3712). After one day, the cells were pre-incubated at 27° C./5% CO2 for 16-24 hours. The cells were then washed with dPBS and treated with forskolin (20 uM) and test compound for 30 min by addition of 20 uL of compound dilution buffer (dPBS containing forskolin and test compound). Plates were loaded into FLIPR384 fluorescence imaging plate reader (Molecular Devices). After an initial fluorescence reading, iodide buffer (25 uL) (composition (in mM): 137 NaI, 1.5 K2PO4, 8.1 NaH2PO4, 2.7 KCl, 0.5 MgCl2, 1 CaCl2) was added and a second fluorescence reading was made after approximately 21 seconds. Data treatment involved division of the second fluorescence reading by the initial fluorescence reading, then scaling of the resulting normalized endpoint fluorescence with respect to the responses for DMSO (0%) and a positive control potentiator (100%).",B,EC50,=,2308.0,nM,5.64,577015,2018,F508del,potentiator
CHEMBL6000653,CCC(c1cn(-c2ccccc2F)nn1)c1cc(-c2cnc(C(F)(F)F)nc2)c2c(N)ncnn12,CHEMBL4051,CHEMBL5725906,Cystic fibrosis transmembrane conductance regulator,CHEMBL5731677,"Chamber Electrophysiology Assay of CFTR Potentiation in CF Bronchial Epithelial Cells: Primary cystic fibrosis human bronchial epithelial (CF hBE) cells were expanded and cultured according to published methods (Neuberger et al., Ch. 4 of Cystic Fibrosis, Methods in Molecular Biology vol. 741, pp. 39-54 (2011)). Well-differentiated cells (>30 days at air/liquid interface) on Snapwell filters (Corning Costar, cat. no. 3801) were mounted in Ussing chambers (Physiologic Instruments, Inc., San Diego, Calif.). F508del/F508del cultures were assayed at 27° C. and G551D/F508del cells were assayed at 35° C. HEPES buffered physiological saline (composition (in mM): 137 NaCl, 4 KCl, 1 MgCl2, 1.8 CaCl2, 10 HEPES Na) was used in both apical and basolateral chambers. Chambers were bubbled with air to promote mixing and the voltage was clamped to zero. Amiloride (30 uM), forskolin (10 uM), test compound (4 increasing concentrations), and CFTRinh-172 (20 uM) were added sequentially with 20-25 minutes between additions. Short-circuit currents were acquired and analyzed using LabScribe2. Test compound responses were scaled relative to responses for DMSO (0%) and the maximal response of a positive control potentiator (100%).",B,EC50,=,4.93,nM,8.31,577016,2018,F508del,potentiator
CHEMBL6000653,CCC(c1cn(-c2ccccc2F)nn1)c1cc(-c2cnc(C(F)(F)F)nc2)c2c(N)ncnn12,CHEMBL4051,CHEMBL5725906,Cystic fibrosis transmembrane conductance regulator,CHEMBL5731678,"FRT Ion Flux Assay of F508del CFTR Potentiation: Fischer rat thyroid (FRT) cell lines stably expressing recombinant F508del V470 CFTR and halide-sensitive yellow fluorescent protein (Pedemonte et al., J. Clin. Invest. 115(9) 2564-71 (2005)) were seeded at 25,000 cells/well in 50 uL/well of culture medium into black-walled, clear bottom tissue-culture-treated 384-well plates (Corning, cat. no. 3712). After one day, the cells were pre-incubated at 27° C./5% CO2 for 16-24 hours. The cells were then washed with dPBS and treated with forskolin (20 uM) and test compound for 30 min by addition of 20 uL of compound dilution buffer (dPBS containing forskolin and test compound). Plates were loaded into FLIPR384 fluorescence imaging plate reader (Molecular Devices). After an initial fluorescence reading, iodide buffer (25 uL) (composition (in mM): 137 NaI, 1.5 K2PO4, 8.1 NaH2PO4, 2.7 KCl, 0.5 MgCl2, 1 CaCl2) was added and a second fluorescence reading was made after approximately 21 seconds. Data treatment involved division of the second fluorescence reading by the initial fluorescence reading, then scaling of the resulting normalized endpoint fluorescence with respect to the responses for DMSO (0%) and a positive control potentiator (100%).",B,EC50,=,5.83,nM,8.23,577017,2018,F508del,potentiator
CHEMBL5777022,CCC(c1cn(-c2ccccc2F)nn1)c1cc(-c2cncnc2OC)c2c(N)ncnn12,CHEMBL4051,CHEMBL5725906,Cystic fibrosis transmembrane conductance regulator,CHEMBL5731677,"Chamber Electrophysiology Assay of CFTR Potentiation in CF Bronchial Epithelial Cells: Primary cystic fibrosis human bronchial epithelial (CF hBE) cells were expanded and cultured according to published methods (Neuberger et al., Ch. 4 of Cystic Fibrosis, Methods in Molecular Biology vol. 741, pp. 39-54 (2011)). Well-differentiated cells (>30 days at air/liquid interface) on Snapwell filters (Corning Costar, cat. no. 3801) were mounted in Ussing chambers (Physiologic Instruments, Inc., San Diego, Calif.). F508del/F508del cultures were assayed at 27° C. and G551D/F508del cells were assayed at 35° C. HEPES buffered physiological saline (composition (in mM): 137 NaCl, 4 KCl, 1 MgCl2, 1.8 CaCl2, 10 HEPES Na) was used in both apical and basolateral chambers. Chambers were bubbled with air to promote mixing and the voltage was clamped to zero. Amiloride (30 uM), forskolin (10 uM), test compound (4 increasing concentrations), and CFTRinh-172 (20 uM) were added sequentially with 20-25 minutes between additions. Short-circuit currents were acquired and analyzed using LabScribe2. Test compound responses were scaled relative to responses for DMSO (0%) and the maximal response of a positive control potentiator (100%).",B,EC50,=,16.0,nM,7.80,577018,2018,F508del,potentiator
CHEMBL5777022,CCC(c1cn(-c2ccccc2F)nn1)c1cc(-c2cncnc2OC)c2c(N)ncnn12,CHEMBL4051,CHEMBL5725906,Cystic fibrosis transmembrane conductance regulator,CHEMBL5731678,"FRT Ion Flux Assay of F508del CFTR Potentiation: Fischer rat thyroid (FRT) cell lines stably expressing recombinant F508del V470 CFTR and halide-sensitive yellow fluorescent protein (Pedemonte et al., J. Clin. Invest. 115(9) 2564-71 (2005)) were seeded at 25,000 cells/well in 50 uL/well of culture medium into black-walled, clear bottom tissue-culture-treated 384-well plates (Corning, cat. no. 3712). After one day, the cells were pre-incubated at 27° C./5% CO2 for 16-24 hours. The cells were then washed with dPBS and treated with forskolin (20 uM) and test compound for 30 min by addition of 20 uL of compound dilution buffer (dPBS containing forskolin and test compound). Plates were loaded into FLIPR384 fluorescence imaging plate reader (Molecular Devices). After an initial fluorescence reading, iodide buffer (25 uL) (composition (in mM): 137 NaI, 1.5 K2PO4, 8.1 NaH2PO4, 2.7 KCl, 0.5 MgCl2, 1 CaCl2) was added and a second fluorescence reading was made after approximately 21 seconds. Data treatment involved division of the second fluorescence reading by the initial fluorescence reading, then scaling of the resulting normalized endpoint fluorescence with respect to the responses for DMSO (0%) and a positive control potentiator (100%).",B,EC50,=,18.4,nM,7.74,577019,2018,F508del,potentiator
CHEMBL5860580,CCC(c1cnn(-c2ccccc2F)c1)n1nc(-c2cnc(C(F)(F)F)nc2)c2c(N)ncnc21,CHEMBL4051,CHEMBL5725906,Cystic fibrosis transmembrane conductance regulator,CHEMBL5731677,"Chamber Electrophysiology Assay of CFTR Potentiation in CF Bronchial Epithelial Cells: Primary cystic fibrosis human bronchial epithelial (CF hBE) cells were expanded and cultured according to published methods (Neuberger et al., Ch. 4 of Cystic Fibrosis, Methods in Molecular Biology vol. 741, pp. 39-54 (2011)). Well-differentiated cells (>30 days at air/liquid interface) on Snapwell filters (Corning Costar, cat. no. 3801) were mounted in Ussing chambers (Physiologic Instruments, Inc., San Diego, Calif.). F508del/F508del cultures were assayed at 27° C. and G551D/F508del cells were assayed at 35° C. HEPES buffered physiological saline (composition (in mM): 137 NaCl, 4 KCl, 1 MgCl2, 1.8 CaCl2, 10 HEPES Na) was used in both apical and basolateral chambers. Chambers were bubbled with air to promote mixing and the voltage was clamped to zero. Amiloride (30 uM), forskolin (10 uM), test compound (4 increasing concentrations), and CFTRinh-172 (20 uM) were added sequentially with 20-25 minutes between additions. Short-circuit currents were acquired and analyzed using LabScribe2. Test compound responses were scaled relative to responses for DMSO (0%) and the maximal response of a positive control potentiator (100%).",B,EC50,=,1.53,nM,8.81,577020,2018,F508del,potentiator
CHEMBL5860580,CCC(c1cnn(-c2ccccc2F)c1)n1nc(-c2cnc(C(F)(F)F)nc2)c2c(N)ncnc21,CHEMBL4051,CHEMBL5725906,Cystic fibrosis transmembrane conductance regulator,CHEMBL5731678,"FRT Ion Flux Assay of F508del CFTR Potentiation: Fischer rat thyroid (FRT) cell lines stably expressing recombinant F508del V470 CFTR and halide-sensitive yellow fluorescent protein (Pedemonte et al., J. Clin. Invest. 115(9) 2564-71 (2005)) were seeded at 25,000 cells/well in 50 uL/well of culture medium into black-walled, clear bottom tissue-culture-treated 384-well plates (Corning, cat. no. 3712). After one day, the cells were pre-incubated at 27° C./5% CO2 for 16-24 hours. The cells were then washed with dPBS and treated with forskolin (20 uM) and test compound for 30 min by addition of 20 uL of compound dilution buffer (dPBS containing forskolin and test compound). Plates were loaded into FLIPR384 fluorescence imaging plate reader (Molecular Devices). After an initial fluorescence reading, iodide buffer (25 uL) (composition (in mM): 137 NaI, 1.5 K2PO4, 8.1 NaH2PO4, 2.7 KCl, 0.5 MgCl2, 1 CaCl2) was added and a second fluorescence reading was made after approximately 21 seconds. Data treatment involved division of the second fluorescence reading by the initial fluorescence reading, then scaling of the resulting normalized endpoint fluorescence with respect to the responses for DMSO (0%) and a positive control potentiator (100%).",B,EC50,=,4.76,nM,8.32,577021,2018,F508del,potentiator
CHEMBL5860580,CCC(c1cnn(-c2ccccc2F)c1)n1nc(-c2cnc(C(F)(F)F)nc2)c2c(N)ncnc21,CHEMBL4051,CHEMBL5725906,Cystic fibrosis transmembrane conductance regulator,CHEMBL5731677,"Chamber Electrophysiology Assay of CFTR Potentiation in CF Bronchial Epithelial Cells: Primary cystic fibrosis human bronchial epithelial (CF hBE) cells were expanded and cultured according to published methods (Neuberger et al., Ch. 4 of Cystic Fibrosis, Methods in Molecular Biology vol. 741, pp. 39-54 (2011)). Well-differentiated cells (>30 days at air/liquid interface) on Snapwell filters (Corning Costar, cat. no. 3801) were mounted in Ussing chambers (Physiologic Instruments, Inc., San Diego, Calif.). F508del/F508del cultures were assayed at 27° C. and G551D/F508del cells were assayed at 35° C. HEPES buffered physiological saline (composition (in mM): 137 NaCl, 4 KCl, 1 MgCl2, 1.8 CaCl2, 10 HEPES Na) was used in both apical and basolateral chambers. Chambers were bubbled with air to promote mixing and the voltage was clamped to zero. Amiloride (30 uM), forskolin (10 uM), test compound (4 increasing concentrations), and CFTRinh-172 (20 uM) were added sequentially with 20-25 minutes between additions. Short-circuit currents were acquired and analyzed using LabScribe2. Test compound responses were scaled relative to responses for DMSO (0%) and the maximal response of a positive control potentiator (100%).",B,EC50,=,31.0,nM,7.51,577022,2018,F508del,potentiator
CHEMBL5860580,CCC(c1cnn(-c2ccccc2F)c1)n1nc(-c2cnc(C(F)(F)F)nc2)c2c(N)ncnc21,CHEMBL4051,CHEMBL5725906,Cystic fibrosis transmembrane conductance regulator,CHEMBL5731678,"FRT Ion Flux Assay of F508del CFTR Potentiation: Fischer rat thyroid (FRT) cell lines stably expressing recombinant F508del V470 CFTR and halide-sensitive yellow fluorescent protein (Pedemonte et al., J. Clin. Invest. 115(9) 2564-71 (2005)) were seeded at 25,000 cells/well in 50 uL/well of culture medium into black-walled, clear bottom tissue-culture-treated 384-well plates (Corning, cat. no. 3712). After one day, the cells were pre-incubated at 27° C./5% CO2 for 16-24 hours. The cells were then washed with dPBS and treated with forskolin (20 uM) and test compound for 30 min by addition of 20 uL of compound dilution buffer (dPBS containing forskolin and test compound). Plates were loaded into FLIPR384 fluorescence imaging plate reader (Molecular Devices). After an initial fluorescence reading, iodide buffer (25 uL) (composition (in mM): 137 NaI, 1.5 K2PO4, 8.1 NaH2PO4, 2.7 KCl, 0.5 MgCl2, 1 CaCl2) was added and a second fluorescence reading was made after approximately 21 seconds. Data treatment involved division of the second fluorescence reading by the initial fluorescence reading, then scaling of the resulting normalized endpoint fluorescence with respect to the responses for DMSO (0%) and a positive control potentiator (100%).",B,EC50,=,78.8,nM,7.10,577023,2018,F508del,potentiator
CHEMBL5954441,CCC(c1cn(-c2ccccc2F)nn1)n1nc(-c2cnc(C(F)(F)F)nc2)c2c(N)ncnc21,CHEMBL4051,CHEMBL5725906,Cystic fibrosis transmembrane conductance regulator,CHEMBL5731677,"Chamber Electrophysiology Assay of CFTR Potentiation in CF Bronchial Epithelial Cells: Primary cystic fibrosis human bronchial epithelial (CF hBE) cells were expanded and cultured according to published methods (Neuberger et al., Ch. 4 of Cystic Fibrosis, Methods in Molecular Biology vol. 741, pp. 39-54 (2011)). Well-differentiated cells (>30 days at air/liquid interface) on Snapwell filters (Corning Costar, cat. no. 3801) were mounted in Ussing chambers (Physiologic Instruments, Inc., San Diego, Calif.). F508del/F508del cultures were assayed at 27° C. and G551D/F508del cells were assayed at 35° C. HEPES buffered physiological saline (composition (in mM): 137 NaCl, 4 KCl, 1 MgCl2, 1.8 CaCl2, 10 HEPES Na) was used in both apical and basolateral chambers. Chambers were bubbled with air to promote mixing and the voltage was clamped to zero. Amiloride (30 uM), forskolin (10 uM), test compound (4 increasing concentrations), and CFTRinh-172 (20 uM) were added sequentially with 20-25 minutes between additions. Short-circuit currents were acquired and analyzed using LabScribe2. Test compound responses were scaled relative to responses for DMSO (0%) and the maximal response of a positive control potentiator (100%).",B,EC50,=,189.0,nM,6.72,577024,2018,F508del,potentiator
CHEMBL5954441,CCC(c1cn(-c2ccccc2F)nn1)n1nc(-c2cnc(C(F)(F)F)nc2)c2c(N)ncnc21,CHEMBL4051,CHEMBL5725906,Cystic fibrosis transmembrane conductance regulator,CHEMBL5731678,"FRT Ion Flux Assay of F508del CFTR Potentiation: Fischer rat thyroid (FRT) cell lines stably expressing recombinant F508del V470 CFTR and halide-sensitive yellow fluorescent protein (Pedemonte et al., J. Clin. Invest. 115(9) 2564-71 (2005)) were seeded at 25,000 cells/well in 50 uL/well of culture medium into black-walled, clear bottom tissue-culture-treated 384-well plates (Corning, cat. no. 3712). After one day, the cells were pre-incubated at 27° C./5% CO2 for 16-24 hours. The cells were then washed with dPBS and treated with forskolin (20 uM) and test compound for 30 min by addition of 20 uL of compound dilution buffer (dPBS containing forskolin and test compound). Plates were loaded into FLIPR384 fluorescence imaging plate reader (Molecular Devices). After an initial fluorescence reading, iodide buffer (25 uL) (composition (in mM): 137 NaI, 1.5 K2PO4, 8.1 NaH2PO4, 2.7 KCl, 0.5 MgCl2, 1 CaCl2) was added and a second fluorescence reading was made after approximately 21 seconds. Data treatment involved division of the second fluorescence reading by the initial fluorescence reading, then scaling of the resulting normalized endpoint fluorescence with respect to the responses for DMSO (0%) and a positive control potentiator (100%).",B,EC50,=,219.0,nM,6.66,577025,2018,F508del,potentiator
CHEMBL5954441,CCC(c1cn(-c2ccccc2F)nn1)n1nc(-c2cnc(C(F)(F)F)nc2)c2c(N)ncnc21,CHEMBL4051,CHEMBL5725906,Cystic fibrosis transmembrane conductance regulator,CHEMBL5731677,"Chamber Electrophysiology Assay of CFTR Potentiation in CF Bronchial Epithelial Cells: Primary cystic fibrosis human bronchial epithelial (CF hBE) cells were expanded and cultured according to published methods (Neuberger et al., Ch. 4 of Cystic Fibrosis, Methods in Molecular Biology vol. 741, pp. 39-54 (2011)). Well-differentiated cells (>30 days at air/liquid interface) on Snapwell filters (Corning Costar, cat. no. 3801) were mounted in Ussing chambers (Physiologic Instruments, Inc., San Diego, Calif.). F508del/F508del cultures were assayed at 27° C. and G551D/F508del cells were assayed at 35° C. HEPES buffered physiological saline (composition (in mM): 137 NaCl, 4 KCl, 1 MgCl2, 1.8 CaCl2, 10 HEPES Na) was used in both apical and basolateral chambers. Chambers were bubbled with air to promote mixing and the voltage was clamped to zero. Amiloride (30 uM), forskolin (10 uM), test compound (4 increasing concentrations), and CFTRinh-172 (20 uM) were added sequentially with 20-25 minutes between additions. Short-circuit currents were acquired and analyzed using LabScribe2. Test compound responses were scaled relative to responses for DMSO (0%) and the maximal response of a positive control potentiator (100%).",B,EC50,=,31.5,nM,7.50,577026,2018,F508del,potentiator
CHEMBL5954441,CCC(c1cn(-c2ccccc2F)nn1)n1nc(-c2cnc(C(F)(F)F)nc2)c2c(N)ncnc21,CHEMBL4051,CHEMBL5725906,Cystic fibrosis transmembrane conductance regulator,CHEMBL5731678,"FRT Ion Flux Assay of F508del CFTR Potentiation: Fischer rat thyroid (FRT) cell lines stably expressing recombinant F508del V470 CFTR and halide-sensitive yellow fluorescent protein (Pedemonte et al., J. Clin. Invest. 115(9) 2564-71 (2005)) were seeded at 25,000 cells/well in 50 uL/well of culture medium into black-walled, clear bottom tissue-culture-treated 384-well plates (Corning, cat. no. 3712). After one day, the cells were pre-incubated at 27° C./5% CO2 for 16-24 hours. The cells were then washed with dPBS and treated with forskolin (20 uM) and test compound for 30 min by addition of 20 uL of compound dilution buffer (dPBS containing forskolin and test compound). Plates were loaded into FLIPR384 fluorescence imaging plate reader (Molecular Devices). After an initial fluorescence reading, iodide buffer (25 uL) (composition (in mM): 137 NaI, 1.5 K2PO4, 8.1 NaH2PO4, 2.7 KCl, 0.5 MgCl2, 1 CaCl2) was added and a second fluorescence reading was made after approximately 21 seconds. Data treatment involved division of the second fluorescence reading by the initial fluorescence reading, then scaling of the resulting normalized endpoint fluorescence with respect to the responses for DMSO (0%) and a positive control potentiator (100%).",B,EC50,=,31.8,nM,7.50,577027,2018,F508del,potentiator
CHEMBL5741266,Nc1ncnn2c(Cc3cn(-c4ccccc4F)nn3)nc(-c3ccc(Cl)cc3)c12,CHEMBL4051,CHEMBL5725906,Cystic fibrosis transmembrane conductance regulator,CHEMBL5731677,"Chamber Electrophysiology Assay of CFTR Potentiation in CF Bronchial Epithelial Cells: Primary cystic fibrosis human bronchial epithelial (CF hBE) cells were expanded and cultured according to published methods (Neuberger et al., Ch. 4 of Cystic Fibrosis, Methods in Molecular Biology vol. 741, pp. 39-54 (2011)). Well-differentiated cells (>30 days at air/liquid interface) on Snapwell filters (Corning Costar, cat. no. 3801) were mounted in Ussing chambers (Physiologic Instruments, Inc., San Diego, Calif.). F508del/F508del cultures were assayed at 27° C. and G551D/F508del cells were assayed at 35° C. HEPES buffered physiological saline (composition (in mM): 137 NaCl, 4 KCl, 1 MgCl2, 1.8 CaCl2, 10 HEPES Na) was used in both apical and basolateral chambers. Chambers were bubbled with air to promote mixing and the voltage was clamped to zero. Amiloride (30 uM), forskolin (10 uM), test compound (4 increasing concentrations), and CFTRinh-172 (20 uM) were added sequentially with 20-25 minutes between additions. Short-circuit currents were acquired and analyzed using LabScribe2. Test compound responses were scaled relative to responses for DMSO (0%) and the maximal response of a positive control potentiator (100%).",B,EC50,=,116.0,nM,6.94,577028,2018,F508del,potentiator
CHEMBL5741266,Nc1ncnn2c(Cc3cn(-c4ccccc4F)nn3)nc(-c3ccc(Cl)cc3)c12,CHEMBL4051,CHEMBL5725906,Cystic fibrosis transmembrane conductance regulator,CHEMBL5731678,"FRT Ion Flux Assay of F508del CFTR Potentiation: Fischer rat thyroid (FRT) cell lines stably expressing recombinant F508del V470 CFTR and halide-sensitive yellow fluorescent protein (Pedemonte et al., J. Clin. Invest. 115(9) 2564-71 (2005)) were seeded at 25,000 cells/well in 50 uL/well of culture medium into black-walled, clear bottom tissue-culture-treated 384-well plates (Corning, cat. no. 3712). After one day, the cells were pre-incubated at 27° C./5% CO2 for 16-24 hours. The cells were then washed with dPBS and treated with forskolin (20 uM) and test compound for 30 min by addition of 20 uL of compound dilution buffer (dPBS containing forskolin and test compound). Plates were loaded into FLIPR384 fluorescence imaging plate reader (Molecular Devices). After an initial fluorescence reading, iodide buffer (25 uL) (composition (in mM): 137 NaI, 1.5 K2PO4, 8.1 NaH2PO4, 2.7 KCl, 0.5 MgCl2, 1 CaCl2) was added and a second fluorescence reading was made after approximately 21 seconds. Data treatment involved division of the second fluorescence reading by the initial fluorescence reading, then scaling of the resulting normalized endpoint fluorescence with respect to the responses for DMSO (0%) and a positive control potentiator (100%).",B,EC50,=,54.4,nM,7.26,577029,2018,F508del,potentiator
CHEMBL6024579,CC[C@H](c1cn(-c2ccccc2)nn1)n1nc(-c2cnc(C(F)(F)F)nc2)c2c(N)ncnc21,CHEMBL4051,CHEMBL5725906,Cystic fibrosis transmembrane conductance regulator,CHEMBL5731677,"Chamber Electrophysiology Assay of CFTR Potentiation in CF Bronchial Epithelial Cells: Primary cystic fibrosis human bronchial epithelial (CF hBE) cells were expanded and cultured according to published methods (Neuberger et al., Ch. 4 of Cystic Fibrosis, Methods in Molecular Biology vol. 741, pp. 39-54 (2011)). Well-differentiated cells (>30 days at air/liquid interface) on Snapwell filters (Corning Costar, cat. no. 3801) were mounted in Ussing chambers (Physiologic Instruments, Inc., San Diego, Calif.). F508del/F508del cultures were assayed at 27° C. and G551D/F508del cells were assayed at 35° C. HEPES buffered physiological saline (composition (in mM): 137 NaCl, 4 KCl, 1 MgCl2, 1.8 CaCl2, 10 HEPES Na) was used in both apical and basolateral chambers. Chambers were bubbled with air to promote mixing and the voltage was clamped to zero. Amiloride (30 uM), forskolin (10 uM), test compound (4 increasing concentrations), and CFTRinh-172 (20 uM) were added sequentially with 20-25 minutes between additions. Short-circuit currents were acquired and analyzed using LabScribe2. Test compound responses were scaled relative to responses for DMSO (0%) and the maximal response of a positive control potentiator (100%).",B,EC50,=,74.4,nM,7.13,577030,2018,F508del,potentiator
CHEMBL6024579,CC[C@H](c1cn(-c2ccccc2)nn1)n1nc(-c2cnc(C(F)(F)F)nc2)c2c(N)ncnc21,CHEMBL4051,CHEMBL5725906,Cystic fibrosis transmembrane conductance regulator,CHEMBL5731678,"FRT Ion Flux Assay of F508del CFTR Potentiation: Fischer rat thyroid (FRT) cell lines stably expressing recombinant F508del V470 CFTR and halide-sensitive yellow fluorescent protein (Pedemonte et al., J. Clin. Invest. 115(9) 2564-71 (2005)) were seeded at 25,000 cells/well in 50 uL/well of culture medium into black-walled, clear bottom tissue-culture-treated 384-well plates (Corning, cat. no. 3712). After one day, the cells were pre-incubated at 27° C./5% CO2 for 16-24 hours. The cells were then washed with dPBS and treated with forskolin (20 uM) and test compound for 30 min by addition of 20 uL of compound dilution buffer (dPBS containing forskolin and test compound). Plates were loaded into FLIPR384 fluorescence imaging plate reader (Molecular Devices). After an initial fluorescence reading, iodide buffer (25 uL) (composition (in mM): 137 NaI, 1.5 K2PO4, 8.1 NaH2PO4, 2.7 KCl, 0.5 MgCl2, 1 CaCl2) was added and a second fluorescence reading was made after approximately 21 seconds. Data treatment involved division of the second fluorescence reading by the initial fluorescence reading, then scaling of the resulting normalized endpoint fluorescence with respect to the responses for DMSO (0%) and a positive control potentiator (100%).",B,EC50,=,50.3,nM,7.30,577031,2018,F508del,potentiator
CHEMBL6062652,CC[C@@H](c1cn(-c2ccccc2)nn1)n1nc(-c2cnc(C(F)(F)F)nc2)c2c(N)ncnc21,CHEMBL4051,CHEMBL5725906,Cystic fibrosis transmembrane conductance regulator,CHEMBL5731677,"Chamber Electrophysiology Assay of CFTR Potentiation in CF Bronchial Epithelial Cells: Primary cystic fibrosis human bronchial epithelial (CF hBE) cells were expanded and cultured according to published methods (Neuberger et al., Ch. 4 of Cystic Fibrosis, Methods in Molecular Biology vol. 741, pp. 39-54 (2011)). Well-differentiated cells (>30 days at air/liquid interface) on Snapwell filters (Corning Costar, cat. no. 3801) were mounted in Ussing chambers (Physiologic Instruments, Inc., San Diego, Calif.). F508del/F508del cultures were assayed at 27° C. and G551D/F508del cells were assayed at 35° C. HEPES buffered physiological saline (composition (in mM): 137 NaCl, 4 KCl, 1 MgCl2, 1.8 CaCl2, 10 HEPES Na) was used in both apical and basolateral chambers. Chambers were bubbled with air to promote mixing and the voltage was clamped to zero. Amiloride (30 uM), forskolin (10 uM), test compound (4 increasing concentrations), and CFTRinh-172 (20 uM) were added sequentially with 20-25 minutes between additions. Short-circuit currents were acquired and analyzed using LabScribe2. Test compound responses were scaled relative to responses for DMSO (0%) and the maximal response of a positive control potentiator (100%).",B,EC50,=,188.0,nM,6.73,577032,2018,F508del,potentiator
CHEMBL6062652,CC[C@@H](c1cn(-c2ccccc2)nn1)n1nc(-c2cnc(C(F)(F)F)nc2)c2c(N)ncnc21,CHEMBL4051,CHEMBL5725906,Cystic fibrosis transmembrane conductance regulator,CHEMBL5731678,"FRT Ion Flux Assay of F508del CFTR Potentiation: Fischer rat thyroid (FRT) cell lines stably expressing recombinant F508del V470 CFTR and halide-sensitive yellow fluorescent protein (Pedemonte et al., J. Clin. Invest. 115(9) 2564-71 (2005)) were seeded at 25,000 cells/well in 50 uL/well of culture medium into black-walled, clear bottom tissue-culture-treated 384-well plates (Corning, cat. no. 3712). After one day, the cells were pre-incubated at 27° C./5% CO2 for 16-24 hours. The cells were then washed with dPBS and treated with forskolin (20 uM) and test compound for 30 min by addition of 20 uL of compound dilution buffer (dPBS containing forskolin and test compound). Plates were loaded into FLIPR384 fluorescence imaging plate reader (Molecular Devices). After an initial fluorescence reading, iodide buffer (25 uL) (composition (in mM): 137 NaI, 1.5 K2PO4, 8.1 NaH2PO4, 2.7 KCl, 0.5 MgCl2, 1 CaCl2) was added and a second fluorescence reading was made after approximately 21 seconds. Data treatment involved division of the second fluorescence reading by the initial fluorescence reading, then scaling of the resulting normalized endpoint fluorescence with respect to the responses for DMSO (0%) and a positive control potentiator (100%).",B,EC50,=,349.0,nM,6.46,577033,2018,F508del,potentiator
CHEMBL5861582,C[C@H](c1cnn(-c2ccccc2F)c1)c1c(C#N)c(-c2cnc(C(F)F)nc2)c2c(N)ncnn12,CHEMBL4051,CHEMBL5725906,Cystic fibrosis transmembrane conductance regulator,CHEMBL5731677,"Chamber Electrophysiology Assay of CFTR Potentiation in CF Bronchial Epithelial Cells: Primary cystic fibrosis human bronchial epithelial (CF hBE) cells were expanded and cultured according to published methods (Neuberger et al., Ch. 4 of Cystic Fibrosis, Methods in Molecular Biology vol. 741, pp. 39-54 (2011)). Well-differentiated cells (>30 days at air/liquid interface) on Snapwell filters (Corning Costar, cat. no. 3801) were mounted in Ussing chambers (Physiologic Instruments, Inc., San Diego, Calif.). F508del/F508del cultures were assayed at 27° C. and G551D/F508del cells were assayed at 35° C. HEPES buffered physiological saline (composition (in mM): 137 NaCl, 4 KCl, 1 MgCl2, 1.8 CaCl2, 10 HEPES Na) was used in both apical and basolateral chambers. Chambers were bubbled with air to promote mixing and the voltage was clamped to zero. Amiloride (30 uM), forskolin (10 uM), test compound (4 increasing concentrations), and CFTRinh-172 (20 uM) were added sequentially with 20-25 minutes between additions. Short-circuit currents were acquired and analyzed using LabScribe2. Test compound responses were scaled relative to responses for DMSO (0%) and the maximal response of a positive control potentiator (100%).",B,EC50,=,0.4,nM,9.40,577034,2018,F508del,potentiator
CHEMBL5811687,C[C@@H](c1cnn(-c2ccccc2F)c1)c1c(C#N)c(-c2cnc(C(F)F)nc2)c2c(N)ncnn12,CHEMBL4051,CHEMBL5725906,Cystic fibrosis transmembrane conductance regulator,CHEMBL5731677,"Chamber Electrophysiology Assay of CFTR Potentiation in CF Bronchial Epithelial Cells: Primary cystic fibrosis human bronchial epithelial (CF hBE) cells were expanded and cultured according to published methods (Neuberger et al., Ch. 4 of Cystic Fibrosis, Methods in Molecular Biology vol. 741, pp. 39-54 (2011)). Well-differentiated cells (>30 days at air/liquid interface) on Snapwell filters (Corning Costar, cat. no. 3801) were mounted in Ussing chambers (Physiologic Instruments, Inc., San Diego, Calif.). F508del/F508del cultures were assayed at 27° C. and G551D/F508del cells were assayed at 35° C. HEPES buffered physiological saline (composition (in mM): 137 NaCl, 4 KCl, 1 MgCl2, 1.8 CaCl2, 10 HEPES Na) was used in both apical and basolateral chambers. Chambers were bubbled with air to promote mixing and the voltage was clamped to zero. Amiloride (30 uM), forskolin (10 uM), test compound (4 increasing concentrations), and CFTRinh-172 (20 uM) were added sequentially with 20-25 minutes between additions. Short-circuit currents were acquired and analyzed using LabScribe2. Test compound responses were scaled relative to responses for DMSO (0%) and the maximal response of a positive control potentiator (100%).",B,EC50,=,3.87,nM,8.41,577035,2018,F508del,potentiator
CHEMBL6021895,C[C@H](c1cn(-c2cc(F)ccc2F)nn1)c1cc(-c2cnc(C(F)(F)F)nc2)c2c(N)ncnn12,CHEMBL4051,CHEMBL5725906,Cystic fibrosis transmembrane conductance regulator,CHEMBL5731677,"Chamber Electrophysiology Assay of CFTR Potentiation in CF Bronchial Epithelial Cells: Primary cystic fibrosis human bronchial epithelial (CF hBE) cells were expanded and cultured according to published methods (Neuberger et al., Ch. 4 of Cystic Fibrosis, Methods in Molecular Biology vol. 741, pp. 39-54 (2011)). Well-differentiated cells (>30 days at air/liquid interface) on Snapwell filters (Corning Costar, cat. no. 3801) were mounted in Ussing chambers (Physiologic Instruments, Inc., San Diego, Calif.). F508del/F508del cultures were assayed at 27° C. and G551D/F508del cells were assayed at 35° C. HEPES buffered physiological saline (composition (in mM): 137 NaCl, 4 KCl, 1 MgCl2, 1.8 CaCl2, 10 HEPES Na) was used in both apical and basolateral chambers. Chambers were bubbled with air to promote mixing and the voltage was clamped to zero. Amiloride (30 uM), forskolin (10 uM), test compound (4 increasing concentrations), and CFTRinh-172 (20 uM) were added sequentially with 20-25 minutes between additions. Short-circuit currents were acquired and analyzed using LabScribe2. Test compound responses were scaled relative to responses for DMSO (0%) and the maximal response of a positive control potentiator (100%).",B,EC50,=,19.8,nM,7.70,577036,2018,F508del,potentiator
CHEMBL6021895,C[C@H](c1cn(-c2cc(F)ccc2F)nn1)c1cc(-c2cnc(C(F)(F)F)nc2)c2c(N)ncnn12,CHEMBL4051,CHEMBL5725906,Cystic fibrosis transmembrane conductance regulator,CHEMBL5731678,"FRT Ion Flux Assay of F508del CFTR Potentiation: Fischer rat thyroid (FRT) cell lines stably expressing recombinant F508del V470 CFTR and halide-sensitive yellow fluorescent protein (Pedemonte et al., J. Clin. Invest. 115(9) 2564-71 (2005)) were seeded at 25,000 cells/well in 50 uL/well of culture medium into black-walled, clear bottom tissue-culture-treated 384-well plates (Corning, cat. no. 3712). After one day, the cells were pre-incubated at 27° C./5% CO2 for 16-24 hours. The cells were then washed with dPBS and treated with forskolin (20 uM) and test compound for 30 min by addition of 20 uL of compound dilution buffer (dPBS containing forskolin and test compound). Plates were loaded into FLIPR384 fluorescence imaging plate reader (Molecular Devices). After an initial fluorescence reading, iodide buffer (25 uL) (composition (in mM): 137 NaI, 1.5 K2PO4, 8.1 NaH2PO4, 2.7 KCl, 0.5 MgCl2, 1 CaCl2) was added and a second fluorescence reading was made after approximately 21 seconds. Data treatment involved division of the second fluorescence reading by the initial fluorescence reading, then scaling of the resulting normalized endpoint fluorescence with respect to the responses for DMSO (0%) and a positive control potentiator (100%).",B,EC50,=,26.0,nM,7.58,577037,2018,F508del,potentiator
CHEMBL5825851,C[C@@H](c1cn(-c2cc(F)ccc2F)nn1)c1cc(-c2cnc(C(F)(F)F)nc2)c2c(N)ncnn12,CHEMBL4051,CHEMBL5725906,Cystic fibrosis transmembrane conductance regulator,CHEMBL5731677,"Chamber Electrophysiology Assay of CFTR Potentiation in CF Bronchial Epithelial Cells: Primary cystic fibrosis human bronchial epithelial (CF hBE) cells were expanded and cultured according to published methods (Neuberger et al., Ch. 4 of Cystic Fibrosis, Methods in Molecular Biology vol. 741, pp. 39-54 (2011)). Well-differentiated cells (>30 days at air/liquid interface) on Snapwell filters (Corning Costar, cat. no. 3801) were mounted in Ussing chambers (Physiologic Instruments, Inc., San Diego, Calif.). F508del/F508del cultures were assayed at 27° C. and G551D/F508del cells were assayed at 35° C. HEPES buffered physiological saline (composition (in mM): 137 NaCl, 4 KCl, 1 MgCl2, 1.8 CaCl2, 10 HEPES Na) was used in both apical and basolateral chambers. Chambers were bubbled with air to promote mixing and the voltage was clamped to zero. Amiloride (30 uM), forskolin (10 uM), test compound (4 increasing concentrations), and CFTRinh-172 (20 uM) were added sequentially with 20-25 minutes between additions. Short-circuit currents were acquired and analyzed using LabScribe2. Test compound responses were scaled relative to responses for DMSO (0%) and the maximal response of a positive control potentiator (100%).",B,EC50,=,29.2,nM,7.54,577038,2018,F508del,potentiator
CHEMBL5825851,C[C@@H](c1cn(-c2cc(F)ccc2F)nn1)c1cc(-c2cnc(C(F)(F)F)nc2)c2c(N)ncnn12,CHEMBL4051,CHEMBL5725906,Cystic fibrosis transmembrane conductance regulator,CHEMBL5731678,"FRT Ion Flux Assay of F508del CFTR Potentiation: Fischer rat thyroid (FRT) cell lines stably expressing recombinant F508del V470 CFTR and halide-sensitive yellow fluorescent protein (Pedemonte et al., J. Clin. Invest. 115(9) 2564-71 (2005)) were seeded at 25,000 cells/well in 50 uL/well of culture medium into black-walled, clear bottom tissue-culture-treated 384-well plates (Corning, cat. no. 3712). After one day, the cells were pre-incubated at 27° C./5% CO2 for 16-24 hours. The cells were then washed with dPBS and treated with forskolin (20 uM) and test compound for 30 min by addition of 20 uL of compound dilution buffer (dPBS containing forskolin and test compound). Plates were loaded into FLIPR384 fluorescence imaging plate reader (Molecular Devices). After an initial fluorescence reading, iodide buffer (25 uL) (composition (in mM): 137 NaI, 1.5 K2PO4, 8.1 NaH2PO4, 2.7 KCl, 0.5 MgCl2, 1 CaCl2) was added and a second fluorescence reading was made after approximately 21 seconds. Data treatment involved division of the second fluorescence reading by the initial fluorescence reading, then scaling of the resulting normalized endpoint fluorescence with respect to the responses for DMSO (0%) and a positive control potentiator (100%).",B,EC50,=,37.2,nM,7.43,577039,2018,F508del,potentiator
CHEMBL4472545,Cc1nc2ccc(N(C)C(=O)Cn3nc(-c4cccc(Cl)c4)c4ccccc4c3=O)cc2o1,CHEMBL4051,CHEMBL5726895,Cystic fibrosis transmembrane conductance regulator,CHEMBL5733640,"CFTR-YFP Assay: Fisher Rat Thyroid (FRT) cells stably expressing both human F508del CFTR and a halide-sensitive yellow fluorescent protein (YFP-H148Q/I152L 25,22) (Galietta et al., Am. J. Physiol Cell Physiol 281(5), C1734, 2001) were cultured on plastic surface in Coon's modified Ham's F12 medium supplemented with FBS 10%, L-glutamine 2 mM, penicillin 100 U/ml, and streptomycin 100 μg/ml. G418 (0.75-1.0 mg/ml) and zeocin (3.2 ug/ml) were used for selection of FRT cells expressing F508del CFTR and YFP. For primary screening, FRT cells were plated into 384-well black wall, transparent bottom microtiter plates (Costar; Corning Inc.) at a cell density of 20,000-40,000 per well. Cells were incubated in a cell culture incubator at 37° C. with 5% CO2 for 24-26 h. Assay plates were washed with DPBS media (Thermo, cat #SH30028.02) to remove unbound cells. Test compound was applied to the cells at varying concentrations ranging from 2 nM-40 μM in either a 2-fold or 3-fold dilution series in DPBS and stimulated with 20 μM Forskolin (final concentration) in Hams F-12 coon's modified media. Plates were incubated at room temperature for 60-120 min. 25 μL of HEPES-PBS-I buffer (10 mM HEPES, 1 mM MgCl2, 3 mM KCl, 1 mM CaCl2, 150 mM NaI) was then added and fluorescence quench curves (Excitation 500 nm/Emission 540 nm; exposure 136 ms) were immediately recorded on an FDSS-6000 plate reader (Hamamatsu). Quench rates were derived from least squares fitting of the data as described by Sui et al (2010).",B,EC50,<,10000.0,nM,,766781,2019,F508del,unspecified
CHEMBL5978878,Cc1nc2ccc(N(C)C(=O)Cn3nc(-c4cccc(F)c4)c4ccccc4c3=O)cc2o1,CHEMBL4051,CHEMBL5726895,Cystic fibrosis transmembrane conductance regulator,CHEMBL5733640,"CFTR-YFP Assay: Fisher Rat Thyroid (FRT) cells stably expressing both human F508del CFTR and a halide-sensitive yellow fluorescent protein (YFP-H148Q/I152L 25,22) (Galietta et al., Am. J. Physiol Cell Physiol 281(5), C1734, 2001) were cultured on plastic surface in Coon's modified Ham's F12 medium supplemented with FBS 10%, L-glutamine 2 mM, penicillin 100 U/ml, and streptomycin 100 μg/ml. G418 (0.75-1.0 mg/ml) and zeocin (3.2 ug/ml) were used for selection of FRT cells expressing F508del CFTR and YFP. For primary screening, FRT cells were plated into 384-well black wall, transparent bottom microtiter plates (Costar; Corning Inc.) at a cell density of 20,000-40,000 per well. Cells were incubated in a cell culture incubator at 37° C. with 5% CO2 for 24-26 h. Assay plates were washed with DPBS media (Thermo, cat #SH30028.02) to remove unbound cells. Test compound was applied to the cells at varying concentrations ranging from 2 nM-40 μM in either a 2-fold or 3-fold dilution series in DPBS and stimulated with 20 μM Forskolin (final concentration) in Hams F-12 coon's modified media. Plates were incubated at room temperature for 60-120 min. 25 μL of HEPES-PBS-I buffer (10 mM HEPES, 1 mM MgCl2, 3 mM KCl, 1 mM CaCl2, 150 mM NaI) was then added and fluorescence quench curves (Excitation 500 nm/Emission 540 nm; exposure 136 ms) were immediately recorded on an FDSS-6000 plate reader (Hamamatsu). Quench rates were derived from least squares fitting of the data as described by Sui et al (2010).",B,EC50,<,10000.0,nM,,766782,2019,F508del,unspecified
CHEMBL5954796,COc1ccc2c(-c3cccc(F)c3)nn(CC(=O)N(C)c3ccc4nc(C)oc4c3)c(=O)c2c1,CHEMBL4051,CHEMBL5726895,Cystic fibrosis transmembrane conductance regulator,CHEMBL5733640,"CFTR-YFP Assay: Fisher Rat Thyroid (FRT) cells stably expressing both human F508del CFTR and a halide-sensitive yellow fluorescent protein (YFP-H148Q/I152L 25,22) (Galietta et al., Am. J. Physiol Cell Physiol 281(5), C1734, 2001) were cultured on plastic surface in Coon's modified Ham's F12 medium supplemented with FBS 10%, L-glutamine 2 mM, penicillin 100 U/ml, and streptomycin 100 μg/ml. G418 (0.75-1.0 mg/ml) and zeocin (3.2 ug/ml) were used for selection of FRT cells expressing F508del CFTR and YFP. For primary screening, FRT cells were plated into 384-well black wall, transparent bottom microtiter plates (Costar; Corning Inc.) at a cell density of 20,000-40,000 per well. Cells were incubated in a cell culture incubator at 37° C. with 5% CO2 for 24-26 h. Assay plates were washed with DPBS media (Thermo, cat #SH30028.02) to remove unbound cells. Test compound was applied to the cells at varying concentrations ranging from 2 nM-40 μM in either a 2-fold or 3-fold dilution series in DPBS and stimulated with 20 μM Forskolin (final concentration) in Hams F-12 coon's modified media. Plates were incubated at room temperature for 60-120 min. 25 μL of HEPES-PBS-I buffer (10 mM HEPES, 1 mM MgCl2, 3 mM KCl, 1 mM CaCl2, 150 mM NaI) was then added and fluorescence quench curves (Excitation 500 nm/Emission 540 nm; exposure 136 ms) were immediately recorded on an FDSS-6000 plate reader (Hamamatsu). Quench rates were derived from least squares fitting of the data as described by Sui et al (2010).",B,EC50,<,10000.0,nM,,766783,2019,F508del,unspecified
CHEMBL5933617,COc1ccc2c(-c3cccc(Cl)c3)nn(CC(=O)N(C)c3ccc4nc(C)oc4c3)c(=O)c2c1,CHEMBL4051,CHEMBL5726895,Cystic fibrosis transmembrane conductance regulator,CHEMBL5733640,"CFTR-YFP Assay: Fisher Rat Thyroid (FRT) cells stably expressing both human F508del CFTR and a halide-sensitive yellow fluorescent protein (YFP-H148Q/I152L 25,22) (Galietta et al., Am. J. Physiol Cell Physiol 281(5), C1734, 2001) were cultured on plastic surface in Coon's modified Ham's F12 medium supplemented with FBS 10%, L-glutamine 2 mM, penicillin 100 U/ml, and streptomycin 100 μg/ml. G418 (0.75-1.0 mg/ml) and zeocin (3.2 ug/ml) were used for selection of FRT cells expressing F508del CFTR and YFP. For primary screening, FRT cells were plated into 384-well black wall, transparent bottom microtiter plates (Costar; Corning Inc.) at a cell density of 20,000-40,000 per well. Cells were incubated in a cell culture incubator at 37° C. with 5% CO2 for 24-26 h. Assay plates were washed with DPBS media (Thermo, cat #SH30028.02) to remove unbound cells. Test compound was applied to the cells at varying concentrations ranging from 2 nM-40 μM in either a 2-fold or 3-fold dilution series in DPBS and stimulated with 20 μM Forskolin (final concentration) in Hams F-12 coon's modified media. Plates were incubated at room temperature for 60-120 min. 25 μL of HEPES-PBS-I buffer (10 mM HEPES, 1 mM MgCl2, 3 mM KCl, 1 mM CaCl2, 150 mM NaI) was then added and fluorescence quench curves (Excitation 500 nm/Emission 540 nm; exposure 136 ms) were immediately recorded on an FDSS-6000 plate reader (Hamamatsu). Quench rates were derived from least squares fitting of the data as described by Sui et al (2010).",B,EC50,<,10000.0,nM,,766784,2019,F508del,unspecified
CHEMBL5826172,COc1ccc2c(-c3cccc(Cl)c3)nn(CC(=O)N(c3ccc4nc(C)oc4c3)C3CC3)c(=O)c2c1,CHEMBL4051,CHEMBL5726895,Cystic fibrosis transmembrane conductance regulator,CHEMBL5733640,"CFTR-YFP Assay: Fisher Rat Thyroid (FRT) cells stably expressing both human F508del CFTR and a halide-sensitive yellow fluorescent protein (YFP-H148Q/I152L 25,22) (Galietta et al., Am. J. Physiol Cell Physiol 281(5), C1734, 2001) were cultured on plastic surface in Coon's modified Ham's F12 medium supplemented with FBS 10%, L-glutamine 2 mM, penicillin 100 U/ml, and streptomycin 100 μg/ml. G418 (0.75-1.0 mg/ml) and zeocin (3.2 ug/ml) were used for selection of FRT cells expressing F508del CFTR and YFP. For primary screening, FRT cells were plated into 384-well black wall, transparent bottom microtiter plates (Costar; Corning Inc.) at a cell density of 20,000-40,000 per well. Cells were incubated in a cell culture incubator at 37° C. with 5% CO2 for 24-26 h. Assay plates were washed with DPBS media (Thermo, cat #SH30028.02) to remove unbound cells. Test compound was applied to the cells at varying concentrations ranging from 2 nM-40 μM in either a 2-fold or 3-fold dilution series in DPBS and stimulated with 20 μM Forskolin (final concentration) in Hams F-12 coon's modified media. Plates were incubated at room temperature for 60-120 min. 25 μL of HEPES-PBS-I buffer (10 mM HEPES, 1 mM MgCl2, 3 mM KCl, 1 mM CaCl2, 150 mM NaI) was then added and fluorescence quench curves (Excitation 500 nm/Emission 540 nm; exposure 136 ms) were immediately recorded on an FDSS-6000 plate reader (Hamamatsu). Quench rates were derived from least squares fitting of the data as described by Sui et al (2010).",B,EC50,<,10000.0,nM,,766785,2019,F508del,unspecified
CHEMBL5933617,COc1ccc2c(-c3cccc(Cl)c3)nn(CC(=O)N(C)c3ccc4nc(C)oc4c3)c(=O)c2c1,CHEMBL4051,CHEMBL5726895,Cystic fibrosis transmembrane conductance regulator,CHEMBL5733640,"CFTR-YFP Assay: Fisher Rat Thyroid (FRT) cells stably expressing both human F508del CFTR and a halide-sensitive yellow fluorescent protein (YFP-H148Q/I152L 25,22) (Galietta et al., Am. J. Physiol Cell Physiol 281(5), C1734, 2001) were cultured on plastic surface in Coon's modified Ham's F12 medium supplemented with FBS 10%, L-glutamine 2 mM, penicillin 100 U/ml, and streptomycin 100 μg/ml. G418 (0.75-1.0 mg/ml) and zeocin (3.2 ug/ml) were used for selection of FRT cells expressing F508del CFTR and YFP. For primary screening, FRT cells were plated into 384-well black wall, transparent bottom microtiter plates (Costar; Corning Inc.) at a cell density of 20,000-40,000 per well. Cells were incubated in a cell culture incubator at 37° C. with 5% CO2 for 24-26 h. Assay plates were washed with DPBS media (Thermo, cat #SH30028.02) to remove unbound cells. Test compound was applied to the cells at varying concentrations ranging from 2 nM-40 μM in either a 2-fold or 3-fold dilution series in DPBS and stimulated with 20 μM Forskolin (final concentration) in Hams F-12 coon's modified media. Plates were incubated at room temperature for 60-120 min. 25 μL of HEPES-PBS-I buffer (10 mM HEPES, 1 mM MgCl2, 3 mM KCl, 1 mM CaCl2, 150 mM NaI) was then added and fluorescence quench curves (Excitation 500 nm/Emission 540 nm; exposure 136 ms) were immediately recorded on an FDSS-6000 plate reader (Hamamatsu). Quench rates were derived from least squares fitting of the data as described by Sui et al (2010).",B,EC50,<,10000.0,nM,,766786,2019,F508del,unspecified
CHEMBL5935439,CCN(C(=O)Cn1nc(-c2cccc(Cl)c2)c2ccc(OC)cc2c1=O)c1ccc2nc(C)oc2c1,CHEMBL4051,CHEMBL5726895,Cystic fibrosis transmembrane conductance regulator,CHEMBL5733640,"CFTR-YFP Assay: Fisher Rat Thyroid (FRT) cells stably expressing both human F508del CFTR and a halide-sensitive yellow fluorescent protein (YFP-H148Q/I152L 25,22) (Galietta et al., Am. J. Physiol Cell Physiol 281(5), C1734, 2001) were cultured on plastic surface in Coon's modified Ham's F12 medium supplemented with FBS 10%, L-glutamine 2 mM, penicillin 100 U/ml, and streptomycin 100 μg/ml. G418 (0.75-1.0 mg/ml) and zeocin (3.2 ug/ml) were used for selection of FRT cells expressing F508del CFTR and YFP. For primary screening, FRT cells were plated into 384-well black wall, transparent bottom microtiter plates (Costar; Corning Inc.) at a cell density of 20,000-40,000 per well. Cells were incubated in a cell culture incubator at 37° C. with 5% CO2 for 24-26 h. Assay plates were washed with DPBS media (Thermo, cat #SH30028.02) to remove unbound cells. Test compound was applied to the cells at varying concentrations ranging from 2 nM-40 μM in either a 2-fold or 3-fold dilution series in DPBS and stimulated with 20 μM Forskolin (final concentration) in Hams F-12 coon's modified media. Plates were incubated at room temperature for 60-120 min. 25 μL of HEPES-PBS-I buffer (10 mM HEPES, 1 mM MgCl2, 3 mM KCl, 1 mM CaCl2, 150 mM NaI) was then added and fluorescence quench curves (Excitation 500 nm/Emission 540 nm; exposure 136 ms) were immediately recorded on an FDSS-6000 plate reader (Hamamatsu). Quench rates were derived from least squares fitting of the data as described by Sui et al (2010).",B,EC50,<,10000.0,nM,,766787,2019,F508del,unspecified
CHEMBL5772408,CCN(C(=O)Cn1nc(-c2cccc(F)c2)c2ccc(OC)cc2c1=O)c1ccc2nc(C)oc2c1,CHEMBL4051,CHEMBL5726895,Cystic fibrosis transmembrane conductance regulator,CHEMBL5733640,"CFTR-YFP Assay: Fisher Rat Thyroid (FRT) cells stably expressing both human F508del CFTR and a halide-sensitive yellow fluorescent protein (YFP-H148Q/I152L 25,22) (Galietta et al., Am. J. Physiol Cell Physiol 281(5), C1734, 2001) were cultured on plastic surface in Coon's modified Ham's F12 medium supplemented with FBS 10%, L-glutamine 2 mM, penicillin 100 U/ml, and streptomycin 100 μg/ml. G418 (0.75-1.0 mg/ml) and zeocin (3.2 ug/ml) were used for selection of FRT cells expressing F508del CFTR and YFP. For primary screening, FRT cells were plated into 384-well black wall, transparent bottom microtiter plates (Costar; Corning Inc.) at a cell density of 20,000-40,000 per well. Cells were incubated in a cell culture incubator at 37° C. with 5% CO2 for 24-26 h. Assay plates were washed with DPBS media (Thermo, cat #SH30028.02) to remove unbound cells. Test compound was applied to the cells at varying concentrations ranging from 2 nM-40 μM in either a 2-fold or 3-fold dilution series in DPBS and stimulated with 20 μM Forskolin (final concentration) in Hams F-12 coon's modified media. Plates were incubated at room temperature for 60-120 min. 25 μL of HEPES-PBS-I buffer (10 mM HEPES, 1 mM MgCl2, 3 mM KCl, 1 mM CaCl2, 150 mM NaI) was then added and fluorescence quench curves (Excitation 500 nm/Emission 540 nm; exposure 136 ms) were immediately recorded on an FDSS-6000 plate reader (Hamamatsu). Quench rates were derived from least squares fitting of the data as described by Sui et al (2010).",B,EC50,<,10000.0,nM,,766788,2019,F508del,unspecified
CHEMBL5935439,CCN(C(=O)Cn1nc(-c2cccc(Cl)c2)c2ccc(OC)cc2c1=O)c1ccc2nc(C)oc2c1,CHEMBL4051,CHEMBL5726895,Cystic fibrosis transmembrane conductance regulator,CHEMBL5733640,"CFTR-YFP Assay: Fisher Rat Thyroid (FRT) cells stably expressing both human F508del CFTR and a halide-sensitive yellow fluorescent protein (YFP-H148Q/I152L 25,22) (Galietta et al., Am. J. Physiol Cell Physiol 281(5), C1734, 2001) were cultured on plastic surface in Coon's modified Ham's F12 medium supplemented with FBS 10%, L-glutamine 2 mM, penicillin 100 U/ml, and streptomycin 100 μg/ml. G418 (0.75-1.0 mg/ml) and zeocin (3.2 ug/ml) were used for selection of FRT cells expressing F508del CFTR and YFP. For primary screening, FRT cells were plated into 384-well black wall, transparent bottom microtiter plates (Costar; Corning Inc.) at a cell density of 20,000-40,000 per well. Cells were incubated in a cell culture incubator at 37° C. with 5% CO2 for 24-26 h. Assay plates were washed with DPBS media (Thermo, cat #SH30028.02) to remove unbound cells. Test compound was applied to the cells at varying concentrations ranging from 2 nM-40 μM in either a 2-fold or 3-fold dilution series in DPBS and stimulated with 20 μM Forskolin (final concentration) in Hams F-12 coon's modified media. Plates were incubated at room temperature for 60-120 min. 25 μL of HEPES-PBS-I buffer (10 mM HEPES, 1 mM MgCl2, 3 mM KCl, 1 mM CaCl2, 150 mM NaI) was then added and fluorescence quench curves (Excitation 500 nm/Emission 540 nm; exposure 136 ms) were immediately recorded on an FDSS-6000 plate reader (Hamamatsu). Quench rates were derived from least squares fitting of the data as described by Sui et al (2010).",B,EC50,<,10000.0,nM,,766789,2019,F508del,unspecified
CHEMBL5984733,COc1cc2c(=O)n(CC(=O)N(C)c3ccc4nc(C)oc4c3)nc(-c3cccc(F)c3)c2cc1Cl,CHEMBL4051,CHEMBL5726895,Cystic fibrosis transmembrane conductance regulator,CHEMBL5733640,"CFTR-YFP Assay: Fisher Rat Thyroid (FRT) cells stably expressing both human F508del CFTR and a halide-sensitive yellow fluorescent protein (YFP-H148Q/I152L 25,22) (Galietta et al., Am. J. Physiol Cell Physiol 281(5), C1734, 2001) were cultured on plastic surface in Coon's modified Ham's F12 medium supplemented with FBS 10%, L-glutamine 2 mM, penicillin 100 U/ml, and streptomycin 100 μg/ml. G418 (0.75-1.0 mg/ml) and zeocin (3.2 ug/ml) were used for selection of FRT cells expressing F508del CFTR and YFP. For primary screening, FRT cells were plated into 384-well black wall, transparent bottom microtiter plates (Costar; Corning Inc.) at a cell density of 20,000-40,000 per well. Cells were incubated in a cell culture incubator at 37° C. with 5% CO2 for 24-26 h. Assay plates were washed with DPBS media (Thermo, cat #SH30028.02) to remove unbound cells. Test compound was applied to the cells at varying concentrations ranging from 2 nM-40 μM in either a 2-fold or 3-fold dilution series in DPBS and stimulated with 20 μM Forskolin (final concentration) in Hams F-12 coon's modified media. Plates were incubated at room temperature for 60-120 min. 25 μL of HEPES-PBS-I buffer (10 mM HEPES, 1 mM MgCl2, 3 mM KCl, 1 mM CaCl2, 150 mM NaI) was then added and fluorescence quench curves (Excitation 500 nm/Emission 540 nm; exposure 136 ms) were immediately recorded on an FDSS-6000 plate reader (Hamamatsu). Quench rates were derived from least squares fitting of the data as described by Sui et al (2010).",B,EC50,<,10000.0,nM,,766790,2019,F508del,unspecified
CHEMBL5901392,COc1cc2c(=O)n(CC(=O)N(C)c3ccc4nc(C)oc4c3)nc(-c3cccc(Cl)c3)c2cc1Cl,CHEMBL4051,CHEMBL5726895,Cystic fibrosis transmembrane conductance regulator,CHEMBL5733640,"CFTR-YFP Assay: Fisher Rat Thyroid (FRT) cells stably expressing both human F508del CFTR and a halide-sensitive yellow fluorescent protein (YFP-H148Q/I152L 25,22) (Galietta et al., Am. J. Physiol Cell Physiol 281(5), C1734, 2001) were cultured on plastic surface in Coon's modified Ham's F12 medium supplemented with FBS 10%, L-glutamine 2 mM, penicillin 100 U/ml, and streptomycin 100 μg/ml. G418 (0.75-1.0 mg/ml) and zeocin (3.2 ug/ml) were used for selection of FRT cells expressing F508del CFTR and YFP. For primary screening, FRT cells were plated into 384-well black wall, transparent bottom microtiter plates (Costar; Corning Inc.) at a cell density of 20,000-40,000 per well. Cells were incubated in a cell culture incubator at 37° C. with 5% CO2 for 24-26 h. Assay plates were washed with DPBS media (Thermo, cat #SH30028.02) to remove unbound cells. Test compound was applied to the cells at varying concentrations ranging from 2 nM-40 μM in either a 2-fold or 3-fold dilution series in DPBS and stimulated with 20 μM Forskolin (final concentration) in Hams F-12 coon's modified media. Plates were incubated at room temperature for 60-120 min. 25 μL of HEPES-PBS-I buffer (10 mM HEPES, 1 mM MgCl2, 3 mM KCl, 1 mM CaCl2, 150 mM NaI) was then added and fluorescence quench curves (Excitation 500 nm/Emission 540 nm; exposure 136 ms) were immediately recorded on an FDSS-6000 plate reader (Hamamatsu). Quench rates were derived from least squares fitting of the data as described by Sui et al (2010).",B,EC50,<,10000.0,nM,,766791,2019,F508del,unspecified
CHEMBL5927892,COc1ccc2c(-c3cccc(F)c3)nn(CC(=O)N(c3ccc4nc(C)oc4c3)C3CC3)c(=O)c2c1,CHEMBL4051,CHEMBL5726895,Cystic fibrosis transmembrane conductance regulator,CHEMBL5733640,"CFTR-YFP Assay: Fisher Rat Thyroid (FRT) cells stably expressing both human F508del CFTR and a halide-sensitive yellow fluorescent protein (YFP-H148Q/I152L 25,22) (Galietta et al., Am. J. Physiol Cell Physiol 281(5), C1734, 2001) were cultured on plastic surface in Coon's modified Ham's F12 medium supplemented with FBS 10%, L-glutamine 2 mM, penicillin 100 U/ml, and streptomycin 100 μg/ml. G418 (0.75-1.0 mg/ml) and zeocin (3.2 ug/ml) were used for selection of FRT cells expressing F508del CFTR and YFP. For primary screening, FRT cells were plated into 384-well black wall, transparent bottom microtiter plates (Costar; Corning Inc.) at a cell density of 20,000-40,000 per well. Cells were incubated in a cell culture incubator at 37° C. with 5% CO2 for 24-26 h. Assay plates were washed with DPBS media (Thermo, cat #SH30028.02) to remove unbound cells. Test compound was applied to the cells at varying concentrations ranging from 2 nM-40 μM in either a 2-fold or 3-fold dilution series in DPBS and stimulated with 20 μM Forskolin (final concentration) in Hams F-12 coon's modified media. Plates were incubated at room temperature for 60-120 min. 25 μL of HEPES-PBS-I buffer (10 mM HEPES, 1 mM MgCl2, 3 mM KCl, 1 mM CaCl2, 150 mM NaI) was then added and fluorescence quench curves (Excitation 500 nm/Emission 540 nm; exposure 136 ms) were immediately recorded on an FDSS-6000 plate reader (Hamamatsu). Quench rates were derived from least squares fitting of the data as described by Sui et al (2010).",B,EC50,<,10000.0,nM,,766792,2019,F508del,unspecified
CHEMBL6031467,Cc1nc2ccc(N(C)C(=O)Cn3nc(-c4cccc(F)c4)c4ccc(O)cc4c3=O)cc2o1,CHEMBL4051,CHEMBL5726895,Cystic fibrosis transmembrane conductance regulator,CHEMBL5733640,"CFTR-YFP Assay: Fisher Rat Thyroid (FRT) cells stably expressing both human F508del CFTR and a halide-sensitive yellow fluorescent protein (YFP-H148Q/I152L 25,22) (Galietta et al., Am. J. Physiol Cell Physiol 281(5), C1734, 2001) were cultured on plastic surface in Coon's modified Ham's F12 medium supplemented with FBS 10%, L-glutamine 2 mM, penicillin 100 U/ml, and streptomycin 100 μg/ml. G418 (0.75-1.0 mg/ml) and zeocin (3.2 ug/ml) were used for selection of FRT cells expressing F508del CFTR and YFP. For primary screening, FRT cells were plated into 384-well black wall, transparent bottom microtiter plates (Costar; Corning Inc.) at a cell density of 20,000-40,000 per well. Cells were incubated in a cell culture incubator at 37° C. with 5% CO2 for 24-26 h. Assay plates were washed with DPBS media (Thermo, cat #SH30028.02) to remove unbound cells. Test compound was applied to the cells at varying concentrations ranging from 2 nM-40 μM in either a 2-fold or 3-fold dilution series in DPBS and stimulated with 20 μM Forskolin (final concentration) in Hams F-12 coon's modified media. Plates were incubated at room temperature for 60-120 min. 25 μL of HEPES-PBS-I buffer (10 mM HEPES, 1 mM MgCl2, 3 mM KCl, 1 mM CaCl2, 150 mM NaI) was then added and fluorescence quench curves (Excitation 500 nm/Emission 540 nm; exposure 136 ms) were immediately recorded on an FDSS-6000 plate reader (Hamamatsu). Quench rates were derived from least squares fitting of the data as described by Sui et al (2010).",B,EC50,<,10000.0,nM,,766793,2019,F508del,unspecified
CHEMBL6007914,Cc1nc2ccc(N(C(=O)Cn3nc(-c4cccc(F)c4)c4ccc(O)cc4c3=O)C3CC3)cc2o1,CHEMBL4051,CHEMBL5726895,Cystic fibrosis transmembrane conductance regulator,CHEMBL5733640,"CFTR-YFP Assay: Fisher Rat Thyroid (FRT) cells stably expressing both human F508del CFTR and a halide-sensitive yellow fluorescent protein (YFP-H148Q/I152L 25,22) (Galietta et al., Am. J. Physiol Cell Physiol 281(5), C1734, 2001) were cultured on plastic surface in Coon's modified Ham's F12 medium supplemented with FBS 10%, L-glutamine 2 mM, penicillin 100 U/ml, and streptomycin 100 μg/ml. G418 (0.75-1.0 mg/ml) and zeocin (3.2 ug/ml) were used for selection of FRT cells expressing F508del CFTR and YFP. For primary screening, FRT cells were plated into 384-well black wall, transparent bottom microtiter plates (Costar; Corning Inc.) at a cell density of 20,000-40,000 per well. Cells were incubated in a cell culture incubator at 37° C. with 5% CO2 for 24-26 h. Assay plates were washed with DPBS media (Thermo, cat #SH30028.02) to remove unbound cells. Test compound was applied to the cells at varying concentrations ranging from 2 nM-40 μM in either a 2-fold or 3-fold dilution series in DPBS and stimulated with 20 μM Forskolin (final concentration) in Hams F-12 coon's modified media. Plates were incubated at room temperature for 60-120 min. 25 μL of HEPES-PBS-I buffer (10 mM HEPES, 1 mM MgCl2, 3 mM KCl, 1 mM CaCl2, 150 mM NaI) was then added and fluorescence quench curves (Excitation 500 nm/Emission 540 nm; exposure 136 ms) were immediately recorded on an FDSS-6000 plate reader (Hamamatsu). Quench rates were derived from least squares fitting of the data as described by Sui et al (2010).",B,EC50,<,10000.0,nM,,766794,2019,F508del,unspecified
CHEMBL5874792,Cc1nc2ccc(N(C(=O)Cn3nc(-c4cccc(Cl)c4)c4ccc(O)cc4c3=O)C3CC3)cc2o1,CHEMBL4051,CHEMBL5726895,Cystic fibrosis transmembrane conductance regulator,CHEMBL5733640,"CFTR-YFP Assay: Fisher Rat Thyroid (FRT) cells stably expressing both human F508del CFTR and a halide-sensitive yellow fluorescent protein (YFP-H148Q/I152L 25,22) (Galietta et al., Am. J. Physiol Cell Physiol 281(5), C1734, 2001) were cultured on plastic surface in Coon's modified Ham's F12 medium supplemented with FBS 10%, L-glutamine 2 mM, penicillin 100 U/ml, and streptomycin 100 μg/ml. G418 (0.75-1.0 mg/ml) and zeocin (3.2 ug/ml) were used for selection of FRT cells expressing F508del CFTR and YFP. For primary screening, FRT cells were plated into 384-well black wall, transparent bottom microtiter plates (Costar; Corning Inc.) at a cell density of 20,000-40,000 per well. Cells were incubated in a cell culture incubator at 37° C. with 5% CO2 for 24-26 h. Assay plates were washed with DPBS media (Thermo, cat #SH30028.02) to remove unbound cells. Test compound was applied to the cells at varying concentrations ranging from 2 nM-40 μM in either a 2-fold or 3-fold dilution series in DPBS and stimulated with 20 μM Forskolin (final concentration) in Hams F-12 coon's modified media. Plates were incubated at room temperature for 60-120 min. 25 μL of HEPES-PBS-I buffer (10 mM HEPES, 1 mM MgCl2, 3 mM KCl, 1 mM CaCl2, 150 mM NaI) was then added and fluorescence quench curves (Excitation 500 nm/Emission 540 nm; exposure 136 ms) were immediately recorded on an FDSS-6000 plate reader (Hamamatsu). Quench rates were derived from least squares fitting of the data as described by Sui et al (2010).",B,EC50,<,10000.0,nM,,766795,2019,F508del,unspecified
CHEMBL5901423,Cc1nc2ccc(N(C)C(=O)Cn3nc(-c4cccc(Cl)c4)c4ccc(O)cc4c3=O)cc2o1,CHEMBL4051,CHEMBL5726895,Cystic fibrosis transmembrane conductance regulator,CHEMBL5733640,"CFTR-YFP Assay: Fisher Rat Thyroid (FRT) cells stably expressing both human F508del CFTR and a halide-sensitive yellow fluorescent protein (YFP-H148Q/I152L 25,22) (Galietta et al., Am. J. Physiol Cell Physiol 281(5), C1734, 2001) were cultured on plastic surface in Coon's modified Ham's F12 medium supplemented with FBS 10%, L-glutamine 2 mM, penicillin 100 U/ml, and streptomycin 100 μg/ml. G418 (0.75-1.0 mg/ml) and zeocin (3.2 ug/ml) were used for selection of FRT cells expressing F508del CFTR and YFP. For primary screening, FRT cells were plated into 384-well black wall, transparent bottom microtiter plates (Costar; Corning Inc.) at a cell density of 20,000-40,000 per well. Cells were incubated in a cell culture incubator at 37° C. with 5% CO2 for 24-26 h. Assay plates were washed with DPBS media (Thermo, cat #SH30028.02) to remove unbound cells. Test compound was applied to the cells at varying concentrations ranging from 2 nM-40 μM in either a 2-fold or 3-fold dilution series in DPBS and stimulated with 20 μM Forskolin (final concentration) in Hams F-12 coon's modified media. Plates were incubated at room temperature for 60-120 min. 25 μL of HEPES-PBS-I buffer (10 mM HEPES, 1 mM MgCl2, 3 mM KCl, 1 mM CaCl2, 150 mM NaI) was then added and fluorescence quench curves (Excitation 500 nm/Emission 540 nm; exposure 136 ms) were immediately recorded on an FDSS-6000 plate reader (Hamamatsu). Quench rates were derived from least squares fitting of the data as described by Sui et al (2010).",B,EC50,<,10000.0,nM,,766796,2019,F508del,unspecified
CHEMBL5095180,CCOc1ccc2c(-c3cccc(F)c3)nn(CC(=O)N(C)c3ccc4nc(C)oc4c3)c(=O)c2c1,CHEMBL4051,CHEMBL5726895,Cystic fibrosis transmembrane conductance regulator,CHEMBL5733640,"CFTR-YFP Assay: Fisher Rat Thyroid (FRT) cells stably expressing both human F508del CFTR and a halide-sensitive yellow fluorescent protein (YFP-H148Q/I152L 25,22) (Galietta et al., Am. J. Physiol Cell Physiol 281(5), C1734, 2001) were cultured on plastic surface in Coon's modified Ham's F12 medium supplemented with FBS 10%, L-glutamine 2 mM, penicillin 100 U/ml, and streptomycin 100 μg/ml. G418 (0.75-1.0 mg/ml) and zeocin (3.2 ug/ml) were used for selection of FRT cells expressing F508del CFTR and YFP. For primary screening, FRT cells were plated into 384-well black wall, transparent bottom microtiter plates (Costar; Corning Inc.) at a cell density of 20,000-40,000 per well. Cells were incubated in a cell culture incubator at 37° C. with 5% CO2 for 24-26 h. Assay plates were washed with DPBS media (Thermo, cat #SH30028.02) to remove unbound cells. Test compound was applied to the cells at varying concentrations ranging from 2 nM-40 μM in either a 2-fold or 3-fold dilution series in DPBS and stimulated with 20 μM Forskolin (final concentration) in Hams F-12 coon's modified media. Plates were incubated at room temperature for 60-120 min. 25 μL of HEPES-PBS-I buffer (10 mM HEPES, 1 mM MgCl2, 3 mM KCl, 1 mM CaCl2, 150 mM NaI) was then added and fluorescence quench curves (Excitation 500 nm/Emission 540 nm; exposure 136 ms) were immediately recorded on an FDSS-6000 plate reader (Hamamatsu). Quench rates were derived from least squares fitting of the data as described by Sui et al (2010).",B,EC50,<,10000.0,nM,,766797,2019,F508del,unspecified
CHEMBL5881928,CCOc1ccc2c(-c3cccc(Cl)c3)nn(CC(=O)N(c3ccc4nc(C)oc4c3)C3CC3)c(=O)c2c1,CHEMBL4051,CHEMBL5726895,Cystic fibrosis transmembrane conductance regulator,CHEMBL5733640,"CFTR-YFP Assay: Fisher Rat Thyroid (FRT) cells stably expressing both human F508del CFTR and a halide-sensitive yellow fluorescent protein (YFP-H148Q/I152L 25,22) (Galietta et al., Am. J. Physiol Cell Physiol 281(5), C1734, 2001) were cultured on plastic surface in Coon's modified Ham's F12 medium supplemented with FBS 10%, L-glutamine 2 mM, penicillin 100 U/ml, and streptomycin 100 μg/ml. G418 (0.75-1.0 mg/ml) and zeocin (3.2 ug/ml) were used for selection of FRT cells expressing F508del CFTR and YFP. For primary screening, FRT cells were plated into 384-well black wall, transparent bottom microtiter plates (Costar; Corning Inc.) at a cell density of 20,000-40,000 per well. Cells were incubated in a cell culture incubator at 37° C. with 5% CO2 for 24-26 h. Assay plates were washed with DPBS media (Thermo, cat #SH30028.02) to remove unbound cells. Test compound was applied to the cells at varying concentrations ranging from 2 nM-40 μM in either a 2-fold or 3-fold dilution series in DPBS and stimulated with 20 μM Forskolin (final concentration) in Hams F-12 coon's modified media. Plates were incubated at room temperature for 60-120 min. 25 μL of HEPES-PBS-I buffer (10 mM HEPES, 1 mM MgCl2, 3 mM KCl, 1 mM CaCl2, 150 mM NaI) was then added and fluorescence quench curves (Excitation 500 nm/Emission 540 nm; exposure 136 ms) were immediately recorded on an FDSS-6000 plate reader (Hamamatsu). Quench rates were derived from least squares fitting of the data as described by Sui et al (2010).",B,EC50,<,10000.0,nM,,766798,2019,F508del,unspecified
CHEMBL6008297,CCOc1ccc2c(-c3cccc(Cl)c3)nn(CC(=O)N(C)c3ccc4nc(C)oc4c3)c(=O)c2c1,CHEMBL4051,CHEMBL5726895,Cystic fibrosis transmembrane conductance regulator,CHEMBL5733640,"CFTR-YFP Assay: Fisher Rat Thyroid (FRT) cells stably expressing both human F508del CFTR and a halide-sensitive yellow fluorescent protein (YFP-H148Q/I152L 25,22) (Galietta et al., Am. J. Physiol Cell Physiol 281(5), C1734, 2001) were cultured on plastic surface in Coon's modified Ham's F12 medium supplemented with FBS 10%, L-glutamine 2 mM, penicillin 100 U/ml, and streptomycin 100 μg/ml. G418 (0.75-1.0 mg/ml) and zeocin (3.2 ug/ml) were used for selection of FRT cells expressing F508del CFTR and YFP. For primary screening, FRT cells were plated into 384-well black wall, transparent bottom microtiter plates (Costar; Corning Inc.) at a cell density of 20,000-40,000 per well. Cells were incubated in a cell culture incubator at 37° C. with 5% CO2 for 24-26 h. Assay plates were washed with DPBS media (Thermo, cat #SH30028.02) to remove unbound cells. Test compound was applied to the cells at varying concentrations ranging from 2 nM-40 μM in either a 2-fold or 3-fold dilution series in DPBS and stimulated with 20 μM Forskolin (final concentration) in Hams F-12 coon's modified media. Plates were incubated at room temperature for 60-120 min. 25 μL of HEPES-PBS-I buffer (10 mM HEPES, 1 mM MgCl2, 3 mM KCl, 1 mM CaCl2, 150 mM NaI) was then added and fluorescence quench curves (Excitation 500 nm/Emission 540 nm; exposure 136 ms) were immediately recorded on an FDSS-6000 plate reader (Hamamatsu). Quench rates were derived from least squares fitting of the data as described by Sui et al (2010).",B,EC50,<,10000.0,nM,,766799,2019,F508del,unspecified
CHEMBL5779297,Cc1nc2ccc(N(C)C(=O)Cn3nc(-c4cccc(Cl)c4)c4ccc(OC(C)C)cc4c3=O)cc2o1,CHEMBL4051,CHEMBL5726895,Cystic fibrosis transmembrane conductance regulator,CHEMBL5733640,"CFTR-YFP Assay: Fisher Rat Thyroid (FRT) cells stably expressing both human F508del CFTR and a halide-sensitive yellow fluorescent protein (YFP-H148Q/I152L 25,22) (Galietta et al., Am. J. Physiol Cell Physiol 281(5), C1734, 2001) were cultured on plastic surface in Coon's modified Ham's F12 medium supplemented with FBS 10%, L-glutamine 2 mM, penicillin 100 U/ml, and streptomycin 100 μg/ml. G418 (0.75-1.0 mg/ml) and zeocin (3.2 ug/ml) were used for selection of FRT cells expressing F508del CFTR and YFP. For primary screening, FRT cells were plated into 384-well black wall, transparent bottom microtiter plates (Costar; Corning Inc.) at a cell density of 20,000-40,000 per well. Cells were incubated in a cell culture incubator at 37° C. with 5% CO2 for 24-26 h. Assay plates were washed with DPBS media (Thermo, cat #SH30028.02) to remove unbound cells. Test compound was applied to the cells at varying concentrations ranging from 2 nM-40 μM in either a 2-fold or 3-fold dilution series in DPBS and stimulated with 20 μM Forskolin (final concentration) in Hams F-12 coon's modified media. Plates were incubated at room temperature for 60-120 min. 25 μL of HEPES-PBS-I buffer (10 mM HEPES, 1 mM MgCl2, 3 mM KCl, 1 mM CaCl2, 150 mM NaI) was then added and fluorescence quench curves (Excitation 500 nm/Emission 540 nm; exposure 136 ms) were immediately recorded on an FDSS-6000 plate reader (Hamamatsu). Quench rates were derived from least squares fitting of the data as described by Sui et al (2010).",B,EC50,<,10000.0,nM,,766800,2019,F508del,unspecified
CHEMBL5823476,CCOc1ccc2c(-c3cccc(F)c3)nn(CC(=O)N(c3ccc4nc(C)oc4c3)C3CC3)c(=O)c2c1,CHEMBL4051,CHEMBL5726895,Cystic fibrosis transmembrane conductance regulator,CHEMBL5733640,"CFTR-YFP Assay: Fisher Rat Thyroid (FRT) cells stably expressing both human F508del CFTR and a halide-sensitive yellow fluorescent protein (YFP-H148Q/I152L 25,22) (Galietta et al., Am. J. Physiol Cell Physiol 281(5), C1734, 2001) were cultured on plastic surface in Coon's modified Ham's F12 medium supplemented with FBS 10%, L-glutamine 2 mM, penicillin 100 U/ml, and streptomycin 100 μg/ml. G418 (0.75-1.0 mg/ml) and zeocin (3.2 ug/ml) were used for selection of FRT cells expressing F508del CFTR and YFP. For primary screening, FRT cells were plated into 384-well black wall, transparent bottom microtiter plates (Costar; Corning Inc.) at a cell density of 20,000-40,000 per well. Cells were incubated in a cell culture incubator at 37° C. with 5% CO2 for 24-26 h. Assay plates were washed with DPBS media (Thermo, cat #SH30028.02) to remove unbound cells. Test compound was applied to the cells at varying concentrations ranging from 2 nM-40 μM in either a 2-fold or 3-fold dilution series in DPBS and stimulated with 20 μM Forskolin (final concentration) in Hams F-12 coon's modified media. Plates were incubated at room temperature for 60-120 min. 25 μL of HEPES-PBS-I buffer (10 mM HEPES, 1 mM MgCl2, 3 mM KCl, 1 mM CaCl2, 150 mM NaI) was then added and fluorescence quench curves (Excitation 500 nm/Emission 540 nm; exposure 136 ms) were immediately recorded on an FDSS-6000 plate reader (Hamamatsu). Quench rates were derived from least squares fitting of the data as described by Sui et al (2010).",B,EC50,<,10000.0,nM,,766801,2019,F508del,unspecified
CHEMBL5095180,CCOc1ccc2c(-c3cccc(F)c3)nn(CC(=O)N(C)c3ccc4nc(C)oc4c3)c(=O)c2c1,CHEMBL4051,CHEMBL5726895,Cystic fibrosis transmembrane conductance regulator,CHEMBL5733640,"CFTR-YFP Assay: Fisher Rat Thyroid (FRT) cells stably expressing both human F508del CFTR and a halide-sensitive yellow fluorescent protein (YFP-H148Q/I152L 25,22) (Galietta et al., Am. J. Physiol Cell Physiol 281(5), C1734, 2001) were cultured on plastic surface in Coon's modified Ham's F12 medium supplemented with FBS 10%, L-glutamine 2 mM, penicillin 100 U/ml, and streptomycin 100 μg/ml. G418 (0.75-1.0 mg/ml) and zeocin (3.2 ug/ml) were used for selection of FRT cells expressing F508del CFTR and YFP. For primary screening, FRT cells were plated into 384-well black wall, transparent bottom microtiter plates (Costar; Corning Inc.) at a cell density of 20,000-40,000 per well. Cells were incubated in a cell culture incubator at 37° C. with 5% CO2 for 24-26 h. Assay plates were washed with DPBS media (Thermo, cat #SH30028.02) to remove unbound cells. Test compound was applied to the cells at varying concentrations ranging from 2 nM-40 μM in either a 2-fold or 3-fold dilution series in DPBS and stimulated with 20 μM Forskolin (final concentration) in Hams F-12 coon's modified media. Plates were incubated at room temperature for 60-120 min. 25 μL of HEPES-PBS-I buffer (10 mM HEPES, 1 mM MgCl2, 3 mM KCl, 1 mM CaCl2, 150 mM NaI) was then added and fluorescence quench curves (Excitation 500 nm/Emission 540 nm; exposure 136 ms) were immediately recorded on an FDSS-6000 plate reader (Hamamatsu). Quench rates were derived from least squares fitting of the data as described by Sui et al (2010).",B,EC50,<,10000.0,nM,,766802,2019,F508del,unspecified
CHEMBL5890624,Cc1nc2ccc(N(C)C(=O)Cn3nc(-c4cccc(Cl)c4)c4ccc(OCC5CC5)cc4c3=O)cc2o1,CHEMBL4051,CHEMBL5726895,Cystic fibrosis transmembrane conductance regulator,CHEMBL5733640,"CFTR-YFP Assay: Fisher Rat Thyroid (FRT) cells stably expressing both human F508del CFTR and a halide-sensitive yellow fluorescent protein (YFP-H148Q/I152L 25,22) (Galietta et al., Am. J. Physiol Cell Physiol 281(5), C1734, 2001) were cultured on plastic surface in Coon's modified Ham's F12 medium supplemented with FBS 10%, L-glutamine 2 mM, penicillin 100 U/ml, and streptomycin 100 μg/ml. G418 (0.75-1.0 mg/ml) and zeocin (3.2 ug/ml) were used for selection of FRT cells expressing F508del CFTR and YFP. For primary screening, FRT cells were plated into 384-well black wall, transparent bottom microtiter plates (Costar; Corning Inc.) at a cell density of 20,000-40,000 per well. Cells were incubated in a cell culture incubator at 37° C. with 5% CO2 for 24-26 h. Assay plates were washed with DPBS media (Thermo, cat #SH30028.02) to remove unbound cells. Test compound was applied to the cells at varying concentrations ranging from 2 nM-40 μM in either a 2-fold or 3-fold dilution series in DPBS and stimulated with 20 μM Forskolin (final concentration) in Hams F-12 coon's modified media. Plates were incubated at room temperature for 60-120 min. 25 μL of HEPES-PBS-I buffer (10 mM HEPES, 1 mM MgCl2, 3 mM KCl, 1 mM CaCl2, 150 mM NaI) was then added and fluorescence quench curves (Excitation 500 nm/Emission 540 nm; exposure 136 ms) were immediately recorded on an FDSS-6000 plate reader (Hamamatsu). Quench rates were derived from least squares fitting of the data as described by Sui et al (2010).",B,EC50,<,10000.0,nM,,766803,2019,F508del,unspecified
CHEMBL5890624,Cc1nc2ccc(N(C)C(=O)Cn3nc(-c4cccc(Cl)c4)c4ccc(OCC5CC5)cc4c3=O)cc2o1,CHEMBL4051,CHEMBL5726895,Cystic fibrosis transmembrane conductance regulator,CHEMBL5733640,"CFTR-YFP Assay: Fisher Rat Thyroid (FRT) cells stably expressing both human F508del CFTR and a halide-sensitive yellow fluorescent protein (YFP-H148Q/I152L 25,22) (Galietta et al., Am. J. Physiol Cell Physiol 281(5), C1734, 2001) were cultured on plastic surface in Coon's modified Ham's F12 medium supplemented with FBS 10%, L-glutamine 2 mM, penicillin 100 U/ml, and streptomycin 100 μg/ml. G418 (0.75-1.0 mg/ml) and zeocin (3.2 ug/ml) were used for selection of FRT cells expressing F508del CFTR and YFP. For primary screening, FRT cells were plated into 384-well black wall, transparent bottom microtiter plates (Costar; Corning Inc.) at a cell density of 20,000-40,000 per well. Cells were incubated in a cell culture incubator at 37° C. with 5% CO2 for 24-26 h. Assay plates were washed with DPBS media (Thermo, cat #SH30028.02) to remove unbound cells. Test compound was applied to the cells at varying concentrations ranging from 2 nM-40 μM in either a 2-fold or 3-fold dilution series in DPBS and stimulated with 20 μM Forskolin (final concentration) in Hams F-12 coon's modified media. Plates were incubated at room temperature for 60-120 min. 25 μL of HEPES-PBS-I buffer (10 mM HEPES, 1 mM MgCl2, 3 mM KCl, 1 mM CaCl2, 150 mM NaI) was then added and fluorescence quench curves (Excitation 500 nm/Emission 540 nm; exposure 136 ms) were immediately recorded on an FDSS-6000 plate reader (Hamamatsu). Quench rates were derived from least squares fitting of the data as described by Sui et al (2010).",B,EC50,<,10000.0,nM,,766804,2019,F508del,unspecified
CHEMBL5779297,Cc1nc2ccc(N(C)C(=O)Cn3nc(-c4cccc(Cl)c4)c4ccc(OC(C)C)cc4c3=O)cc2o1,CHEMBL4051,CHEMBL5726895,Cystic fibrosis transmembrane conductance regulator,CHEMBL5733640,"CFTR-YFP Assay: Fisher Rat Thyroid (FRT) cells stably expressing both human F508del CFTR and a halide-sensitive yellow fluorescent protein (YFP-H148Q/I152L 25,22) (Galietta et al., Am. J. Physiol Cell Physiol 281(5), C1734, 2001) were cultured on plastic surface in Coon's modified Ham's F12 medium supplemented with FBS 10%, L-glutamine 2 mM, penicillin 100 U/ml, and streptomycin 100 μg/ml. G418 (0.75-1.0 mg/ml) and zeocin (3.2 ug/ml) were used for selection of FRT cells expressing F508del CFTR and YFP. For primary screening, FRT cells were plated into 384-well black wall, transparent bottom microtiter plates (Costar; Corning Inc.) at a cell density of 20,000-40,000 per well. Cells were incubated in a cell culture incubator at 37° C. with 5% CO2 for 24-26 h. Assay plates were washed with DPBS media (Thermo, cat #SH30028.02) to remove unbound cells. Test compound was applied to the cells at varying concentrations ranging from 2 nM-40 μM in either a 2-fold or 3-fold dilution series in DPBS and stimulated with 20 μM Forskolin (final concentration) in Hams F-12 coon's modified media. Plates were incubated at room temperature for 60-120 min. 25 μL of HEPES-PBS-I buffer (10 mM HEPES, 1 mM MgCl2, 3 mM KCl, 1 mM CaCl2, 150 mM NaI) was then added and fluorescence quench curves (Excitation 500 nm/Emission 540 nm; exposure 136 ms) were immediately recorded on an FDSS-6000 plate reader (Hamamatsu). Quench rates were derived from least squares fitting of the data as described by Sui et al (2010).",B,EC50,<,10000.0,nM,,766805,2019,F508del,unspecified
CHEMBL5899868,Cc1nc2ccc(N(C)C(=O)Cn3nc(-c4cccc(Cl)c4)c4ccc(OC5CCCCC5)cc4c3=O)cc2o1,CHEMBL4051,CHEMBL5726895,Cystic fibrosis transmembrane conductance regulator,CHEMBL5733640,"CFTR-YFP Assay: Fisher Rat Thyroid (FRT) cells stably expressing both human F508del CFTR and a halide-sensitive yellow fluorescent protein (YFP-H148Q/I152L 25,22) (Galietta et al., Am. J. Physiol Cell Physiol 281(5), C1734, 2001) were cultured on plastic surface in Coon's modified Ham's F12 medium supplemented with FBS 10%, L-glutamine 2 mM, penicillin 100 U/ml, and streptomycin 100 μg/ml. G418 (0.75-1.0 mg/ml) and zeocin (3.2 ug/ml) were used for selection of FRT cells expressing F508del CFTR and YFP. For primary screening, FRT cells were plated into 384-well black wall, transparent bottom microtiter plates (Costar; Corning Inc.) at a cell density of 20,000-40,000 per well. Cells were incubated in a cell culture incubator at 37° C. with 5% CO2 for 24-26 h. Assay plates were washed with DPBS media (Thermo, cat #SH30028.02) to remove unbound cells. Test compound was applied to the cells at varying concentrations ranging from 2 nM-40 μM in either a 2-fold or 3-fold dilution series in DPBS and stimulated with 20 μM Forskolin (final concentration) in Hams F-12 coon's modified media. Plates were incubated at room temperature for 60-120 min. 25 μL of HEPES-PBS-I buffer (10 mM HEPES, 1 mM MgCl2, 3 mM KCl, 1 mM CaCl2, 150 mM NaI) was then added and fluorescence quench curves (Excitation 500 nm/Emission 540 nm; exposure 136 ms) were immediately recorded on an FDSS-6000 plate reader (Hamamatsu). Quench rates were derived from least squares fitting of the data as described by Sui et al (2010).",B,EC50,<,10000.0,nM,,766806,2019,F508del,unspecified
CHEMBL5771379,Cc1nc2ccc(N(C)C(=O)Cn3nc(-c4cccc(F)c4)c4ccc(OC5CCOCC5)cc4c3=O)cc2o1,CHEMBL4051,CHEMBL5726895,Cystic fibrosis transmembrane conductance regulator,CHEMBL5733640,"CFTR-YFP Assay: Fisher Rat Thyroid (FRT) cells stably expressing both human F508del CFTR and a halide-sensitive yellow fluorescent protein (YFP-H148Q/I152L 25,22) (Galietta et al., Am. J. Physiol Cell Physiol 281(5), C1734, 2001) were cultured on plastic surface in Coon's modified Ham's F12 medium supplemented with FBS 10%, L-glutamine 2 mM, penicillin 100 U/ml, and streptomycin 100 μg/ml. G418 (0.75-1.0 mg/ml) and zeocin (3.2 ug/ml) were used for selection of FRT cells expressing F508del CFTR and YFP. For primary screening, FRT cells were plated into 384-well black wall, transparent bottom microtiter plates (Costar; Corning Inc.) at a cell density of 20,000-40,000 per well. Cells were incubated in a cell culture incubator at 37° C. with 5% CO2 for 24-26 h. Assay plates were washed with DPBS media (Thermo, cat #SH30028.02) to remove unbound cells. Test compound was applied to the cells at varying concentrations ranging from 2 nM-40 μM in either a 2-fold or 3-fold dilution series in DPBS and stimulated with 20 μM Forskolin (final concentration) in Hams F-12 coon's modified media. Plates were incubated at room temperature for 60-120 min. 25 μL of HEPES-PBS-I buffer (10 mM HEPES, 1 mM MgCl2, 3 mM KCl, 1 mM CaCl2, 150 mM NaI) was then added and fluorescence quench curves (Excitation 500 nm/Emission 540 nm; exposure 136 ms) were immediately recorded on an FDSS-6000 plate reader (Hamamatsu). Quench rates were derived from least squares fitting of the data as described by Sui et al (2010).",B,EC50,<,10000.0,nM,,766807,2019,F508del,unspecified
CHEMBL5889456,Cc1nc2ccc(N(C)C(=O)Cn3nc(-c4cccc(F)c4)c4ccc(OC5CCCCC5)cc4c3=O)cc2o1,CHEMBL4051,CHEMBL5726895,Cystic fibrosis transmembrane conductance regulator,CHEMBL5733640,"CFTR-YFP Assay: Fisher Rat Thyroid (FRT) cells stably expressing both human F508del CFTR and a halide-sensitive yellow fluorescent protein (YFP-H148Q/I152L 25,22) (Galietta et al., Am. J. Physiol Cell Physiol 281(5), C1734, 2001) were cultured on plastic surface in Coon's modified Ham's F12 medium supplemented with FBS 10%, L-glutamine 2 mM, penicillin 100 U/ml, and streptomycin 100 μg/ml. G418 (0.75-1.0 mg/ml) and zeocin (3.2 ug/ml) were used for selection of FRT cells expressing F508del CFTR and YFP. For primary screening, FRT cells were plated into 384-well black wall, transparent bottom microtiter plates (Costar; Corning Inc.) at a cell density of 20,000-40,000 per well. Cells were incubated in a cell culture incubator at 37° C. with 5% CO2 for 24-26 h. Assay plates were washed with DPBS media (Thermo, cat #SH30028.02) to remove unbound cells. Test compound was applied to the cells at varying concentrations ranging from 2 nM-40 μM in either a 2-fold or 3-fold dilution series in DPBS and stimulated with 20 μM Forskolin (final concentration) in Hams F-12 coon's modified media. Plates were incubated at room temperature for 60-120 min. 25 μL of HEPES-PBS-I buffer (10 mM HEPES, 1 mM MgCl2, 3 mM KCl, 1 mM CaCl2, 150 mM NaI) was then added and fluorescence quench curves (Excitation 500 nm/Emission 540 nm; exposure 136 ms) were immediately recorded on an FDSS-6000 plate reader (Hamamatsu). Quench rates were derived from least squares fitting of the data as described by Sui et al (2010).",B,EC50,<,10000.0,nM,,766808,2019,F508del,unspecified
CHEMBL5814671,Cc1nc2ccc(N(C)C(=O)Cn3nc(-c4cccc(Cl)c4)c4ccc(OC5CCOCC5)cc4c3=O)cc2o1,CHEMBL4051,CHEMBL5726895,Cystic fibrosis transmembrane conductance regulator,CHEMBL5733640,"CFTR-YFP Assay: Fisher Rat Thyroid (FRT) cells stably expressing both human F508del CFTR and a halide-sensitive yellow fluorescent protein (YFP-H148Q/I152L 25,22) (Galietta et al., Am. J. Physiol Cell Physiol 281(5), C1734, 2001) were cultured on plastic surface in Coon's modified Ham's F12 medium supplemented with FBS 10%, L-glutamine 2 mM, penicillin 100 U/ml, and streptomycin 100 μg/ml. G418 (0.75-1.0 mg/ml) and zeocin (3.2 ug/ml) were used for selection of FRT cells expressing F508del CFTR and YFP. For primary screening, FRT cells were plated into 384-well black wall, transparent bottom microtiter plates (Costar; Corning Inc.) at a cell density of 20,000-40,000 per well. Cells were incubated in a cell culture incubator at 37° C. with 5% CO2 for 24-26 h. Assay plates were washed with DPBS media (Thermo, cat #SH30028.02) to remove unbound cells. Test compound was applied to the cells at varying concentrations ranging from 2 nM-40 μM in either a 2-fold or 3-fold dilution series in DPBS and stimulated with 20 μM Forskolin (final concentration) in Hams F-12 coon's modified media. Plates were incubated at room temperature for 60-120 min. 25 μL of HEPES-PBS-I buffer (10 mM HEPES, 1 mM MgCl2, 3 mM KCl, 1 mM CaCl2, 150 mM NaI) was then added and fluorescence quench curves (Excitation 500 nm/Emission 540 nm; exposure 136 ms) were immediately recorded on an FDSS-6000 plate reader (Hamamatsu). Quench rates were derived from least squares fitting of the data as described by Sui et al (2010).",B,EC50,<,10000.0,nM,,766809,2019,F508del,unspecified
CHEMBL5993152,CCOc1cc2c(=O)n(CC(=O)N(C)c3ccc4nc(C)oc4c3)nc(-c3cccc(F)c3)c2cc1Cl,CHEMBL4051,CHEMBL5726895,Cystic fibrosis transmembrane conductance regulator,CHEMBL5733640,"CFTR-YFP Assay: Fisher Rat Thyroid (FRT) cells stably expressing both human F508del CFTR and a halide-sensitive yellow fluorescent protein (YFP-H148Q/I152L 25,22) (Galietta et al., Am. J. Physiol Cell Physiol 281(5), C1734, 2001) were cultured on plastic surface in Coon's modified Ham's F12 medium supplemented with FBS 10%, L-glutamine 2 mM, penicillin 100 U/ml, and streptomycin 100 μg/ml. G418 (0.75-1.0 mg/ml) and zeocin (3.2 ug/ml) were used for selection of FRT cells expressing F508del CFTR and YFP. For primary screening, FRT cells were plated into 384-well black wall, transparent bottom microtiter plates (Costar; Corning Inc.) at a cell density of 20,000-40,000 per well. Cells were incubated in a cell culture incubator at 37° C. with 5% CO2 for 24-26 h. Assay plates were washed with DPBS media (Thermo, cat #SH30028.02) to remove unbound cells. Test compound was applied to the cells at varying concentrations ranging from 2 nM-40 μM in either a 2-fold or 3-fold dilution series in DPBS and stimulated with 20 μM Forskolin (final concentration) in Hams F-12 coon's modified media. Plates were incubated at room temperature for 60-120 min. 25 μL of HEPES-PBS-I buffer (10 mM HEPES, 1 mM MgCl2, 3 mM KCl, 1 mM CaCl2, 150 mM NaI) was then added and fluorescence quench curves (Excitation 500 nm/Emission 540 nm; exposure 136 ms) were immediately recorded on an FDSS-6000 plate reader (Hamamatsu). Quench rates were derived from least squares fitting of the data as described by Sui et al (2010).",B,EC50,<,10000.0,nM,,766810,2019,F508del,unspecified
CHEMBL6052478,CCOc1cc2c(=O)n(CC(=O)N(C)c3ccc4nc(C)oc4c3)nc(-c3cccc(Cl)c3)c2cc1Cl,CHEMBL4051,CHEMBL5726895,Cystic fibrosis transmembrane conductance regulator,CHEMBL5733640,"CFTR-YFP Assay: Fisher Rat Thyroid (FRT) cells stably expressing both human F508del CFTR and a halide-sensitive yellow fluorescent protein (YFP-H148Q/I152L 25,22) (Galietta et al., Am. J. Physiol Cell Physiol 281(5), C1734, 2001) were cultured on plastic surface in Coon's modified Ham's F12 medium supplemented with FBS 10%, L-glutamine 2 mM, penicillin 100 U/ml, and streptomycin 100 μg/ml. G418 (0.75-1.0 mg/ml) and zeocin (3.2 ug/ml) were used for selection of FRT cells expressing F508del CFTR and YFP. For primary screening, FRT cells were plated into 384-well black wall, transparent bottom microtiter plates (Costar; Corning Inc.) at a cell density of 20,000-40,000 per well. Cells were incubated in a cell culture incubator at 37° C. with 5% CO2 for 24-26 h. Assay plates were washed with DPBS media (Thermo, cat #SH30028.02) to remove unbound cells. Test compound was applied to the cells at varying concentrations ranging from 2 nM-40 μM in either a 2-fold or 3-fold dilution series in DPBS and stimulated with 20 μM Forskolin (final concentration) in Hams F-12 coon's modified media. Plates were incubated at room temperature for 60-120 min. 25 μL of HEPES-PBS-I buffer (10 mM HEPES, 1 mM MgCl2, 3 mM KCl, 1 mM CaCl2, 150 mM NaI) was then added and fluorescence quench curves (Excitation 500 nm/Emission 540 nm; exposure 136 ms) were immediately recorded on an FDSS-6000 plate reader (Hamamatsu). Quench rates were derived from least squares fitting of the data as described by Sui et al (2010).",B,EC50,<,10000.0,nM,,766811,2019,F508del,unspecified
CHEMBL4297849,C[C@@H]1CN(c2nc(-n3ccc(OCCC4(C(F)(F)F)CC4)n3)ccc2C(=O)NS(=O)(=O)c2ccccc2)C(C)(C)C1,CHEMBL4051,CHEMBL5728838,Cystic fibrosis transmembrane conductance regulator,CHEMBL5737578,"Assays for Detecting and Measuring F508del-CFTR Modulator Properties of Compounds: The assay utilizes fluorescent voltage sensing dyes to measure changes in membrane potential using a fluorescent plate reader (e.g., FLIPR III, Molecular Devices, Inc.) as a readout for increase in functional F508del in NIH 3T3 cells. The driving force for the response is the creation of a chloride ion gradient in conjunction with channel activation and concurrent with compound treatment by a single liquid addition step after the cells have previously been loaded with a voltage sensing dye.",B,EC50,<,100.0,nM,,1113427,2021,F508del,activator
CHEMBL5886531,C[C@H]1CN(c2nc(-n3ccc(OCCC4(C(F)(F)F)CC4)n3)ccc2C(=O)NS(=O)(=O)c2ccccc2)C(C)(C)C1,CHEMBL4051,CHEMBL5728838,Cystic fibrosis transmembrane conductance regulator,CHEMBL5737578,"Assays for Detecting and Measuring F508del-CFTR Modulator Properties of Compounds: The assay utilizes fluorescent voltage sensing dyes to measure changes in membrane potential using a fluorescent plate reader (e.g., FLIPR III, Molecular Devices, Inc.) as a readout for increase in functional F508del in NIH 3T3 cells. The driving force for the response is the creation of a chloride ion gradient in conjunction with channel activation and concurrent with compound treatment by a single liquid addition step after the cells have previously been loaded with a voltage sensing dye.",B,EC50,=,550.0,nM,6.26,1113428,2021,F508del,activator
CHEMBL5947980,COc1cc(S(=O)(=O)NC(=O)c2ccc(-n3ccc(OCCC4(C(F)(F)F)CC4)n3)nc2Cl)ccc1O,CHEMBL4051,CHEMBL5728838,Cystic fibrosis transmembrane conductance regulator,CHEMBL5737578,"Assays for Detecting and Measuring F508del-CFTR Modulator Properties of Compounds: The assay utilizes fluorescent voltage sensing dyes to measure changes in membrane potential using a fluorescent plate reader (e.g., FLIPR III, Molecular Devices, Inc.) as a readout for increase in functional F508del in NIH 3T3 cells. The driving force for the response is the creation of a chloride ion gradient in conjunction with channel activation and concurrent with compound treatment by a single liquid addition step after the cells have previously been loaded with a voltage sensing dye.",B,EC50,<,100.0,nM,,1113429,2021,F508del,activator
CHEMBL5965051,Cc1ccccc1S(=O)(=O)NC(=O)c1ccc(-n2ccc(OCCC3(C(F)(F)F)CC3)n2)nc1N1C[C@@H](C)CC1(C)C,CHEMBL4051,CHEMBL5728838,Cystic fibrosis transmembrane conductance regulator,CHEMBL5737578,"Assays for Detecting and Measuring F508del-CFTR Modulator Properties of Compounds: The assay utilizes fluorescent voltage sensing dyes to measure changes in membrane potential using a fluorescent plate reader (e.g., FLIPR III, Molecular Devices, Inc.) as a readout for increase in functional F508del in NIH 3T3 cells. The driving force for the response is the creation of a chloride ion gradient in conjunction with channel activation and concurrent with compound treatment by a single liquid addition step after the cells have previously been loaded with a voltage sensing dye.",B,EC50,<,100.0,nM,,1113430,2021,F508del,activator
CHEMBL6006561,C[C@@H]1CN(c2nc(-n3ccc(OCCC4(C(F)(F)F)CC4)n3)ccc2C(=O)NS(=O)(=O)c2cccc(F)c2)C(C)(C)C1,CHEMBL4051,CHEMBL5728838,Cystic fibrosis transmembrane conductance regulator,CHEMBL5737578,"Assays for Detecting and Measuring F508del-CFTR Modulator Properties of Compounds: The assay utilizes fluorescent voltage sensing dyes to measure changes in membrane potential using a fluorescent plate reader (e.g., FLIPR III, Molecular Devices, Inc.) as a readout for increase in functional F508del in NIH 3T3 cells. The driving force for the response is the creation of a chloride ion gradient in conjunction with channel activation and concurrent with compound treatment by a single liquid addition step after the cells have previously been loaded with a voltage sensing dye.",B,EC50,<,100.0,nM,,1113431,2021,F508del,activator
CHEMBL5869417,Cc1ccccc1S(=O)(=O)NC(=O)c1ccc(-n2ccc(OCC3C4(CC4)C34CC4)n2)nc1N1C[C@@H](C)CC1(C)C,CHEMBL4051,CHEMBL5728838,Cystic fibrosis transmembrane conductance regulator,CHEMBL5737578,"Assays for Detecting and Measuring F508del-CFTR Modulator Properties of Compounds: The assay utilizes fluorescent voltage sensing dyes to measure changes in membrane potential using a fluorescent plate reader (e.g., FLIPR III, Molecular Devices, Inc.) as a readout for increase in functional F508del in NIH 3T3 cells. The driving force for the response is the creation of a chloride ion gradient in conjunction with channel activation and concurrent with compound treatment by a single liquid addition step after the cells have previously been loaded with a voltage sensing dye.",B,EC50,<,100.0,nM,,1113432,2021,F508del,activator
CHEMBL6058610,CC1(C)CC(CO)CN1c1nc(-n2ccc(OCCC3(C(F)(F)F)CC3)n2)ccc1C(=O)NS(=O)(=O)c1ccccc1,CHEMBL4051,CHEMBL5728838,Cystic fibrosis transmembrane conductance regulator,CHEMBL5737578,"Assays for Detecting and Measuring F508del-CFTR Modulator Properties of Compounds: The assay utilizes fluorescent voltage sensing dyes to measure changes in membrane potential using a fluorescent plate reader (e.g., FLIPR III, Molecular Devices, Inc.) as a readout for increase in functional F508del in NIH 3T3 cells. The driving force for the response is the creation of a chloride ion gradient in conjunction with channel activation and concurrent with compound treatment by a single liquid addition step after the cells have previously been loaded with a voltage sensing dye.",B,EC50,=,550.0,nM,6.26,1113433,2021,F508del,activator
CHEMBL5882525,C[C@@H]1CN(c2nc(-n3ccc(OCC4(C(F)(F)F)CCC4)n3)ccc2C(=O)NS(=O)(=O)c2ccccc2)C(C)(C)C1,CHEMBL4051,CHEMBL5728838,Cystic fibrosis transmembrane conductance regulator,CHEMBL5737578,"Assays for Detecting and Measuring F508del-CFTR Modulator Properties of Compounds: The assay utilizes fluorescent voltage sensing dyes to measure changes in membrane potential using a fluorescent plate reader (e.g., FLIPR III, Molecular Devices, Inc.) as a readout for increase in functional F508del in NIH 3T3 cells. The driving force for the response is the creation of a chloride ion gradient in conjunction with channel activation and concurrent with compound treatment by a single liquid addition step after the cells have previously been loaded with a voltage sensing dye.",B,EC50,<,100.0,nM,,1113434,2021,F508del,activator
CHEMBL5982258,Cc1cc(C#N)ccc1S(=O)(=O)NC(=O)c1ccc(-n2ccc(OCC3(C(F)(F)F)CC3)n2)nc1N1C[C@@H](C)CC1(C)C,CHEMBL4051,CHEMBL5728838,Cystic fibrosis transmembrane conductance regulator,CHEMBL5737578,"Assays for Detecting and Measuring F508del-CFTR Modulator Properties of Compounds: The assay utilizes fluorescent voltage sensing dyes to measure changes in membrane potential using a fluorescent plate reader (e.g., FLIPR III, Molecular Devices, Inc.) as a readout for increase in functional F508del in NIH 3T3 cells. The driving force for the response is the creation of a chloride ion gradient in conjunction with channel activation and concurrent with compound treatment by a single liquid addition step after the cells have previously been loaded with a voltage sensing dye.",B,EC50,=,550.0,nM,6.26,1113435,2021,F508del,activator
CHEMBL5783876,COc1cc(C)ccc1S(=O)(=O)NC(=O)c1ccc(-n2ccc(OCC3(C(F)(F)F)CC3)n2)nc1N1C[C@@H](C)CC1(C)C,CHEMBL4051,CHEMBL5728838,Cystic fibrosis transmembrane conductance regulator,CHEMBL5737578,"Assays for Detecting and Measuring F508del-CFTR Modulator Properties of Compounds: The assay utilizes fluorescent voltage sensing dyes to measure changes in membrane potential using a fluorescent plate reader (e.g., FLIPR III, Molecular Devices, Inc.) as a readout for increase in functional F508del in NIH 3T3 cells. The driving force for the response is the creation of a chloride ion gradient in conjunction with channel activation and concurrent with compound treatment by a single liquid addition step after the cells have previously been loaded with a voltage sensing dye.",B,EC50,<,100.0,nM,,1113436,2021,F508del,activator
CHEMBL5747332,COc1ccc(S(=O)(=O)NC(=O)c2ccc(-n3ccc(OCC4(C(F)(F)F)CC4)n3)nc2N2C[C@@H](C)CC2(C)C)c(OC)c1,CHEMBL4051,CHEMBL5728838,Cystic fibrosis transmembrane conductance regulator,CHEMBL5737578,"Assays for Detecting and Measuring F508del-CFTR Modulator Properties of Compounds: The assay utilizes fluorescent voltage sensing dyes to measure changes in membrane potential using a fluorescent plate reader (e.g., FLIPR III, Molecular Devices, Inc.) as a readout for increase in functional F508del in NIH 3T3 cells. The driving force for the response is the creation of a chloride ion gradient in conjunction with channel activation and concurrent with compound treatment by a single liquid addition step after the cells have previously been loaded with a voltage sensing dye.",B,EC50,=,550.0,nM,6.26,1113437,2021,F508del,activator
CHEMBL5935688,C[C@@H]1CN(c2nc(-n3ccc(OCC4(C(F)(F)F)CC4)n3)ccc2C(=O)NS(=O)(=O)c2ccccc2)C(C)(C)C1,CHEMBL4051,CHEMBL5728838,Cystic fibrosis transmembrane conductance regulator,CHEMBL5737578,"Assays for Detecting and Measuring F508del-CFTR Modulator Properties of Compounds: The assay utilizes fluorescent voltage sensing dyes to measure changes in membrane potential using a fluorescent plate reader (e.g., FLIPR III, Molecular Devices, Inc.) as a readout for increase in functional F508del in NIH 3T3 cells. The driving force for the response is the creation of a chloride ion gradient in conjunction with channel activation and concurrent with compound treatment by a single liquid addition step after the cells have previously been loaded with a voltage sensing dye.",B,EC50,<,100.0,nM,,1113438,2021,F508del,activator
CHEMBL5877571,Cc1ccccc1S(=O)(=O)NC(=O)c1ccc(-n2ccc(OCC3C(C)(C)C3(C)C)n2)nc1N1C[C@@H](C)CC1(C)C,CHEMBL4051,CHEMBL5728838,Cystic fibrosis transmembrane conductance regulator,CHEMBL5737578,"Assays for Detecting and Measuring F508del-CFTR Modulator Properties of Compounds: The assay utilizes fluorescent voltage sensing dyes to measure changes in membrane potential using a fluorescent plate reader (e.g., FLIPR III, Molecular Devices, Inc.) as a readout for increase in functional F508del in NIH 3T3 cells. The driving force for the response is the creation of a chloride ion gradient in conjunction with channel activation and concurrent with compound treatment by a single liquid addition step after the cells have previously been loaded with a voltage sensing dye.",B,EC50,<,100.0,nM,,1113439,2021,F508del,activator
CHEMBL5915806,C[C@@H]1CN(c2nc(-n3ccc(OCC4C(C)(C)C4(C)C)n3)ccc2C(=O)NS(=O)(=O)c2cccc(F)c2)C(C)(C)C1,CHEMBL4051,CHEMBL5728838,Cystic fibrosis transmembrane conductance regulator,CHEMBL5737578,"Assays for Detecting and Measuring F508del-CFTR Modulator Properties of Compounds: The assay utilizes fluorescent voltage sensing dyes to measure changes in membrane potential using a fluorescent plate reader (e.g., FLIPR III, Molecular Devices, Inc.) as a readout for increase in functional F508del in NIH 3T3 cells. The driving force for the response is the creation of a chloride ion gradient in conjunction with channel activation and concurrent with compound treatment by a single liquid addition step after the cells have previously been loaded with a voltage sensing dye.",B,EC50,<,100.0,nM,,1113440,2021,F508del,activator
CHEMBL4297849,C[C@@H]1CN(c2nc(-n3ccc(OCCC4(C(F)(F)F)CC4)n3)ccc2C(=O)NS(=O)(=O)c2ccccc2)C(C)(C)C1,CHEMBL4051,CHEMBL5728838,Cystic fibrosis transmembrane conductance regulator,CHEMBL5737578,"Assays for Detecting and Measuring F508del-CFTR Modulator Properties of Compounds: The assay utilizes fluorescent voltage sensing dyes to measure changes in membrane potential using a fluorescent plate reader (e.g., FLIPR III, Molecular Devices, Inc.) as a readout for increase in functional F508del in NIH 3T3 cells. The driving force for the response is the creation of a chloride ion gradient in conjunction with channel activation and concurrent with compound treatment by a single liquid addition step after the cells have previously been loaded with a voltage sensing dye.",B,EC50,<,100.0,nM,,1113441,2021,F508del,activator
CHEMBL5745562,C[C@@H]1CN(c2nc(-n3ccc(O[C@H]4C[C@H]4C(F)(F)F)n3)ccc2C(=O)NS(=O)(=O)c2ccccc2)C(C)(C)C1,CHEMBL4051,CHEMBL5728838,Cystic fibrosis transmembrane conductance regulator,CHEMBL5737578,"Assays for Detecting and Measuring F508del-CFTR Modulator Properties of Compounds: The assay utilizes fluorescent voltage sensing dyes to measure changes in membrane potential using a fluorescent plate reader (e.g., FLIPR III, Molecular Devices, Inc.) as a readout for increase in functional F508del in NIH 3T3 cells. The driving force for the response is the creation of a chloride ion gradient in conjunction with channel activation and concurrent with compound treatment by a single liquid addition step after the cells have previously been loaded with a voltage sensing dye.",B,EC50,=,550.0,nM,6.26,1113442,2021,F508del,activator
CHEMBL5883455,C[C@@H]1CN(c2nc(-n3ccc(O[C@H]4C[C@@H]4C(F)(F)F)n3)ccc2C(=O)NS(=O)(=O)c2ccccc2)C(C)(C)C1,CHEMBL4051,CHEMBL5728838,Cystic fibrosis transmembrane conductance regulator,CHEMBL5737578,"Assays for Detecting and Measuring F508del-CFTR Modulator Properties of Compounds: The assay utilizes fluorescent voltage sensing dyes to measure changes in membrane potential using a fluorescent plate reader (e.g., FLIPR III, Molecular Devices, Inc.) as a readout for increase in functional F508del in NIH 3T3 cells. The driving force for the response is the creation of a chloride ion gradient in conjunction with channel activation and concurrent with compound treatment by a single liquid addition step after the cells have previously been loaded with a voltage sensing dye.",B,EC50,=,550.0,nM,6.26,1113443,2021,F508del,activator
CHEMBL5872942,C[C@@H]1CN(c2nc(-n3ccc(OCC4(C(F)(F)F)CC4)n3)ccc2C(=O)NS(=O)(=O)c2ccccc2O)C(C)(C)C1,CHEMBL4051,CHEMBL5728838,Cystic fibrosis transmembrane conductance regulator,CHEMBL5737578,"Assays for Detecting and Measuring F508del-CFTR Modulator Properties of Compounds: The assay utilizes fluorescent voltage sensing dyes to measure changes in membrane potential using a fluorescent plate reader (e.g., FLIPR III, Molecular Devices, Inc.) as a readout for increase in functional F508del in NIH 3T3 cells. The driving force for the response is the creation of a chloride ion gradient in conjunction with channel activation and concurrent with compound treatment by a single liquid addition step after the cells have previously been loaded with a voltage sensing dye.",B,EC50,=,550.0,nM,6.26,1113444,2021,F508del,activator
CHEMBL5857754,C[C@@H]1CN(c2nc(-n3ccc(OCC4(C(F)(F)F)CC4)n3)ccc2C(=O)NS(=O)(=O)c2cccc(O)c2)C(C)(C)C1,CHEMBL4051,CHEMBL5728838,Cystic fibrosis transmembrane conductance regulator,CHEMBL5737578,"Assays for Detecting and Measuring F508del-CFTR Modulator Properties of Compounds: The assay utilizes fluorescent voltage sensing dyes to measure changes in membrane potential using a fluorescent plate reader (e.g., FLIPR III, Molecular Devices, Inc.) as a readout for increase in functional F508del in NIH 3T3 cells. The driving force for the response is the creation of a chloride ion gradient in conjunction with channel activation and concurrent with compound treatment by a single liquid addition step after the cells have previously been loaded with a voltage sensing dye.",B,EC50,<,100.0,nM,,1113445,2021,F508del,activator
CHEMBL5816373,C[C@@H]1CN(c2nc(-n3ccc(OCC4(C(F)(F)F)CC4)n3)ccc2C(=O)NS(=O)(=O)c2ccc(O)cc2)C(C)(C)C1,CHEMBL4051,CHEMBL5728838,Cystic fibrosis transmembrane conductance regulator,CHEMBL5737578,"Assays for Detecting and Measuring F508del-CFTR Modulator Properties of Compounds: The assay utilizes fluorescent voltage sensing dyes to measure changes in membrane potential using a fluorescent plate reader (e.g., FLIPR III, Molecular Devices, Inc.) as a readout for increase in functional F508del in NIH 3T3 cells. The driving force for the response is the creation of a chloride ion gradient in conjunction with channel activation and concurrent with compound treatment by a single liquid addition step after the cells have previously been loaded with a voltage sensing dye.",B,EC50,=,550.0,nM,6.26,1113446,2021,F508del,activator
CHEMBL5937024,Cc1ccccc1S(=O)(=O)NC(=O)c1ccc(-n2ccc(OCC3(C(F)(F)F)CC3)n2)nc1N1C[C@@H](C)CC1(C)C,CHEMBL4051,CHEMBL5728838,Cystic fibrosis transmembrane conductance regulator,CHEMBL5737578,"Assays for Detecting and Measuring F508del-CFTR Modulator Properties of Compounds: The assay utilizes fluorescent voltage sensing dyes to measure changes in membrane potential using a fluorescent plate reader (e.g., FLIPR III, Molecular Devices, Inc.) as a readout for increase in functional F508del in NIH 3T3 cells. The driving force for the response is the creation of a chloride ion gradient in conjunction with channel activation and concurrent with compound treatment by a single liquid addition step after the cells have previously been loaded with a voltage sensing dye.",B,EC50,<,100.0,nM,,1113447,2021,F508del,activator
CHEMBL5932733,Cc1ccc(S(=O)(=O)NC(=O)c2ccc(-n3ccc(OCC4(C(F)(F)F)CC4)n3)nc2N2C[C@@H](C)CC2(C)C)cc1,CHEMBL4051,CHEMBL5728838,Cystic fibrosis transmembrane conductance regulator,CHEMBL5737578,"Assays for Detecting and Measuring F508del-CFTR Modulator Properties of Compounds: The assay utilizes fluorescent voltage sensing dyes to measure changes in membrane potential using a fluorescent plate reader (e.g., FLIPR III, Molecular Devices, Inc.) as a readout for increase in functional F508del in NIH 3T3 cells. The driving force for the response is the creation of a chloride ion gradient in conjunction with channel activation and concurrent with compound treatment by a single liquid addition step after the cells have previously been loaded with a voltage sensing dye.",B,EC50,<,100.0,nM,,1113448,2021,F508del,activator
CHEMBL5886040,C[C@@H]1CN(c2nc(-n3ccc(OCC4(C(F)(F)F)CC4)n3)ccc2C(=O)NS(=O)(=O)c2cccc(C#N)c2)C(C)(C)C1,CHEMBL4051,CHEMBL5728838,Cystic fibrosis transmembrane conductance regulator,CHEMBL5737578,"Assays for Detecting and Measuring F508del-CFTR Modulator Properties of Compounds: The assay utilizes fluorescent voltage sensing dyes to measure changes in membrane potential using a fluorescent plate reader (e.g., FLIPR III, Molecular Devices, Inc.) as a readout for increase in functional F508del in NIH 3T3 cells. The driving force for the response is the creation of a chloride ion gradient in conjunction with channel activation and concurrent with compound treatment by a single liquid addition step after the cells have previously been loaded with a voltage sensing dye.",B,EC50,<,100.0,nM,,1113449,2021,F508del,activator
CHEMBL5760347,C[C@@H]1CN(c2nc(-n3ccc(OCC4(C(F)(F)F)CC4)n3)ccc2C(=O)NS(=O)(=O)c2ccccc2C#N)C(C)(C)C1,CHEMBL4051,CHEMBL5728838,Cystic fibrosis transmembrane conductance regulator,CHEMBL5737578,"Assays for Detecting and Measuring F508del-CFTR Modulator Properties of Compounds: The assay utilizes fluorescent voltage sensing dyes to measure changes in membrane potential using a fluorescent plate reader (e.g., FLIPR III, Molecular Devices, Inc.) as a readout for increase in functional F508del in NIH 3T3 cells. The driving force for the response is the creation of a chloride ion gradient in conjunction with channel activation and concurrent with compound treatment by a single liquid addition step after the cells have previously been loaded with a voltage sensing dye.",B,EC50,>,1000.0,nM,,1113450,2021,F508del,activator
CHEMBL5879814,C[C@@H]1CN(c2nc(-n3ccc(OCC4(C(F)(F)F)CC4)n3)ccc2C(=O)NS(=O)(=O)c2ccc(C#N)cc2)C(C)(C)C1,CHEMBL4051,CHEMBL5728838,Cystic fibrosis transmembrane conductance regulator,CHEMBL5737578,"Assays for Detecting and Measuring F508del-CFTR Modulator Properties of Compounds: The assay utilizes fluorescent voltage sensing dyes to measure changes in membrane potential using a fluorescent plate reader (e.g., FLIPR III, Molecular Devices, Inc.) as a readout for increase in functional F508del in NIH 3T3 cells. The driving force for the response is the creation of a chloride ion gradient in conjunction with channel activation and concurrent with compound treatment by a single liquid addition step after the cells have previously been loaded with a voltage sensing dye.",B,EC50,=,550.0,nM,6.26,1113451,2021,F508del,activator
CHEMBL5750673,Cc1cccc(S(=O)(=O)NC(=O)c2ccc(-n3ccc(OCC4(C(F)(F)F)CC4)n3)nc2N2C[C@@H](C)CC2(C)C)c1,CHEMBL4051,CHEMBL5728838,Cystic fibrosis transmembrane conductance regulator,CHEMBL5737578,"Assays for Detecting and Measuring F508del-CFTR Modulator Properties of Compounds: The assay utilizes fluorescent voltage sensing dyes to measure changes in membrane potential using a fluorescent plate reader (e.g., FLIPR III, Molecular Devices, Inc.) as a readout for increase in functional F508del in NIH 3T3 cells. The driving force for the response is the creation of a chloride ion gradient in conjunction with channel activation and concurrent with compound treatment by a single liquid addition step after the cells have previously been loaded with a voltage sensing dye.",B,EC50,<,100.0,nM,,1113452,2021,F508del,activator
CHEMBL5853952,C[C@@H]1CN(c2nc(-n3ccc(COC4(C)CC4)n3)ccc2C(=O)NS(=O)(=O)c2ccccc2)C(C)(C)C1,CHEMBL4051,CHEMBL5728838,Cystic fibrosis transmembrane conductance regulator,CHEMBL5737578,"Assays for Detecting and Measuring F508del-CFTR Modulator Properties of Compounds: The assay utilizes fluorescent voltage sensing dyes to measure changes in membrane potential using a fluorescent plate reader (e.g., FLIPR III, Molecular Devices, Inc.) as a readout for increase in functional F508del in NIH 3T3 cells. The driving force for the response is the creation of a chloride ion gradient in conjunction with channel activation and concurrent with compound treatment by a single liquid addition step after the cells have previously been loaded with a voltage sensing dye.",B,EC50,=,550.0,nM,6.26,1113453,2021,F508del,activator
CHEMBL5991331,C[C@@H]1CN(c2nc(-n3ccc(OCC4C(C)(C)C4(C)C)n3)ccc2C(=O)NS(=O)(=O)c2ccccc2)C(C)(C)C1,CHEMBL4051,CHEMBL5728838,Cystic fibrosis transmembrane conductance regulator,CHEMBL5737578,"Assays for Detecting and Measuring F508del-CFTR Modulator Properties of Compounds: The assay utilizes fluorescent voltage sensing dyes to measure changes in membrane potential using a fluorescent plate reader (e.g., FLIPR III, Molecular Devices, Inc.) as a readout for increase in functional F508del in NIH 3T3 cells. The driving force for the response is the creation of a chloride ion gradient in conjunction with channel activation and concurrent with compound treatment by a single liquid addition step after the cells have previously been loaded with a voltage sensing dye.",B,EC50,<,100.0,nM,,1113454,2021,F508del,activator
CHEMBL6057735,C[C@@H]1CN(c2nc(-n3ccc(OCCC4(C(F)(F)F)CC4)n3)ccc2C(=O)NS(=O)(=O)c2ccc(O)cc2)C(C)(C)C1,CHEMBL4051,CHEMBL5728838,Cystic fibrosis transmembrane conductance regulator,CHEMBL5737578,"Assays for Detecting and Measuring F508del-CFTR Modulator Properties of Compounds: The assay utilizes fluorescent voltage sensing dyes to measure changes in membrane potential using a fluorescent plate reader (e.g., FLIPR III, Molecular Devices, Inc.) as a readout for increase in functional F508del in NIH 3T3 cells. The driving force for the response is the creation of a chloride ion gradient in conjunction with channel activation and concurrent with compound treatment by a single liquid addition step after the cells have previously been loaded with a voltage sensing dye.",B,EC50,<,100.0,nM,,1113455,2021,F508del,activator
CHEMBL5988795,C[C@@H]1CN(c2nc(-n3nc(OCCC4(C(F)(F)F)CC4)cc3F)ccc2C(=O)NS(=O)(=O)c2ccccc2)C(C)(C)C1,CHEMBL4051,CHEMBL5728838,Cystic fibrosis transmembrane conductance regulator,CHEMBL5737578,"Assays for Detecting and Measuring F508del-CFTR Modulator Properties of Compounds: The assay utilizes fluorescent voltage sensing dyes to measure changes in membrane potential using a fluorescent plate reader (e.g., FLIPR III, Molecular Devices, Inc.) as a readout for increase in functional F508del in NIH 3T3 cells. The driving force for the response is the creation of a chloride ion gradient in conjunction with channel activation and concurrent with compound treatment by a single liquid addition step after the cells have previously been loaded with a voltage sensing dye.",B,EC50,<,100.0,nM,,1113456,2021,F508del,activator
CHEMBL6061756,C[C@@H]1CN(c2nc(-n3ccc(OCC4C(C)(C)C4(C)C)n3)ccc2C(=O)NS(=O)(=O)c2ccc(O)cc2)C(C)(C)C1,CHEMBL4051,CHEMBL5728838,Cystic fibrosis transmembrane conductance regulator,CHEMBL5737578,"Assays for Detecting and Measuring F508del-CFTR Modulator Properties of Compounds: The assay utilizes fluorescent voltage sensing dyes to measure changes in membrane potential using a fluorescent plate reader (e.g., FLIPR III, Molecular Devices, Inc.) as a readout for increase in functional F508del in NIH 3T3 cells. The driving force for the response is the creation of a chloride ion gradient in conjunction with channel activation and concurrent with compound treatment by a single liquid addition step after the cells have previously been loaded with a voltage sensing dye.",B,EC50,<,100.0,nM,,1113457,2021,F508del,activator
CHEMBL5804654,C[C@@H]1CN(c2nc(-n3ccc(OCCC4(C(F)(F)F)CC4)n3)ccc2C(=O)NS(=O)(=O)c2ccccc2O)C(C)(C)C1,CHEMBL4051,CHEMBL5728838,Cystic fibrosis transmembrane conductance regulator,CHEMBL5737578,"Assays for Detecting and Measuring F508del-CFTR Modulator Properties of Compounds: The assay utilizes fluorescent voltage sensing dyes to measure changes in membrane potential using a fluorescent plate reader (e.g., FLIPR III, Molecular Devices, Inc.) as a readout for increase in functional F508del in NIH 3T3 cells. The driving force for the response is the creation of a chloride ion gradient in conjunction with channel activation and concurrent with compound treatment by a single liquid addition step after the cells have previously been loaded with a voltage sensing dye.",B,EC50,<,100.0,nM,,1113458,2021,F508del,activator
CHEMBL5922034,C[C@@H]1CN(c2nc(-n3ccc(OCCC4(C(F)(F)F)CC4)n3)ccc2C(=O)NS(=O)(=O)c2cccc(O)c2)C(C)(C)C1,CHEMBL4051,CHEMBL5728838,Cystic fibrosis transmembrane conductance regulator,CHEMBL5737578,"Assays for Detecting and Measuring F508del-CFTR Modulator Properties of Compounds: The assay utilizes fluorescent voltage sensing dyes to measure changes in membrane potential using a fluorescent plate reader (e.g., FLIPR III, Molecular Devices, Inc.) as a readout for increase in functional F508del in NIH 3T3 cells. The driving force for the response is the creation of a chloride ion gradient in conjunction with channel activation and concurrent with compound treatment by a single liquid addition step after the cells have previously been loaded with a voltage sensing dye.",B,EC50,<,100.0,nM,,1113459,2021,F508del,activator
CHEMBL5991331,C[C@@H]1CN(c2nc(-n3ccc(OCC4C(C)(C)C4(C)C)n3)ccc2C(=O)NS(=O)(=O)c2ccccc2)C(C)(C)C1,CHEMBL4051,CHEMBL5728838,Cystic fibrosis transmembrane conductance regulator,CHEMBL5737578,"Assays for Detecting and Measuring F508del-CFTR Modulator Properties of Compounds: The assay utilizes fluorescent voltage sensing dyes to measure changes in membrane potential using a fluorescent plate reader (e.g., FLIPR III, Molecular Devices, Inc.) as a readout for increase in functional F508del in NIH 3T3 cells. The driving force for the response is the creation of a chloride ion gradient in conjunction with channel activation and concurrent with compound treatment by a single liquid addition step after the cells have previously been loaded with a voltage sensing dye.",B,EC50,<,100.0,nM,,1113460,2021,F508del,activator
CHEMBL5912793,C[C@@H]1CN(c2nc(-n3ccc(COCC4(C(F)(F)F)CC4)n3)ccc2C(=O)NS(=O)(=O)c2ccccc2)C(C)(C)C1,CHEMBL4051,CHEMBL5728838,Cystic fibrosis transmembrane conductance regulator,CHEMBL5737578,"Assays for Detecting and Measuring F508del-CFTR Modulator Properties of Compounds: The assay utilizes fluorescent voltage sensing dyes to measure changes in membrane potential using a fluorescent plate reader (e.g., FLIPR III, Molecular Devices, Inc.) as a readout for increase in functional F508del in NIH 3T3 cells. The driving force for the response is the creation of a chloride ion gradient in conjunction with channel activation and concurrent with compound treatment by a single liquid addition step after the cells have previously been loaded with a voltage sensing dye.",B,EC50,<,100.0,nM,,1113461,2021,F508del,activator
CHEMBL6061273,C[C@@H]1CN(c2nc(-n3ccc(OCC(O)C4(C(F)(F)F)CC4)n3)ccc2C(=O)NS(=O)(=O)c2ccccc2)C(C)(C)C1,CHEMBL4051,CHEMBL5728838,Cystic fibrosis transmembrane conductance regulator,CHEMBL5737578,"Assays for Detecting and Measuring F508del-CFTR Modulator Properties of Compounds: The assay utilizes fluorescent voltage sensing dyes to measure changes in membrane potential using a fluorescent plate reader (e.g., FLIPR III, Molecular Devices, Inc.) as a readout for increase in functional F508del in NIH 3T3 cells. The driving force for the response is the creation of a chloride ion gradient in conjunction with channel activation and concurrent with compound treatment by a single liquid addition step after the cells have previously been loaded with a voltage sensing dye.",B,EC50,=,550.0,nM,6.26,1113462,2021,F508del,activator
CHEMBL5901810,C[C@@H]1CN(c2nc(-n3ccc(O[C@H]4C[C@H]5CC[C@@H]4C5)n3)ccc2C(=O)NS(=O)(=O)c2ccccc2)C(C)(C)C1,CHEMBL4051,CHEMBL5728838,Cystic fibrosis transmembrane conductance regulator,CHEMBL5737578,"Assays for Detecting and Measuring F508del-CFTR Modulator Properties of Compounds: The assay utilizes fluorescent voltage sensing dyes to measure changes in membrane potential using a fluorescent plate reader (e.g., FLIPR III, Molecular Devices, Inc.) as a readout for increase in functional F508del in NIH 3T3 cells. The driving force for the response is the creation of a chloride ion gradient in conjunction with channel activation and concurrent with compound treatment by a single liquid addition step after the cells have previously been loaded with a voltage sensing dye.",B,EC50,<,100.0,nM,,1113463,2021,F508del,activator
CHEMBL5987240,C[C@@H]1CN(c2nc(-n3ccc(OCC4C[C@@H]5CC[C@@H]4C5)n3)ccc2C(=O)NS(=O)(=O)c2ccccc2)C(C)(C)C1,CHEMBL4051,CHEMBL5728838,Cystic fibrosis transmembrane conductance regulator,CHEMBL5737578,"Assays for Detecting and Measuring F508del-CFTR Modulator Properties of Compounds: The assay utilizes fluorescent voltage sensing dyes to measure changes in membrane potential using a fluorescent plate reader (e.g., FLIPR III, Molecular Devices, Inc.) as a readout for increase in functional F508del in NIH 3T3 cells. The driving force for the response is the creation of a chloride ion gradient in conjunction with channel activation and concurrent with compound treatment by a single liquid addition step after the cells have previously been loaded with a voltage sensing dye.",B,EC50,<,100.0,nM,,1113464,2021,F508del,activator
CHEMBL5953555,C[C@@H]1CN(c2nc(-n3ccc(OCC(C4CC4)C4CC4)n3)ccc2C(=O)NS(=O)(=O)c2ccccc2)C(C)(C)C1,CHEMBL4051,CHEMBL5728838,Cystic fibrosis transmembrane conductance regulator,CHEMBL5737578,"Assays for Detecting and Measuring F508del-CFTR Modulator Properties of Compounds: The assay utilizes fluorescent voltage sensing dyes to measure changes in membrane potential using a fluorescent plate reader (e.g., FLIPR III, Molecular Devices, Inc.) as a readout for increase in functional F508del in NIH 3T3 cells. The driving force for the response is the creation of a chloride ion gradient in conjunction with channel activation and concurrent with compound treatment by a single liquid addition step after the cells have previously been loaded with a voltage sensing dye.",B,EC50,<,100.0,nM,,1113465,2021,F508del,activator
CHEMBL5980801,C[C@@H]1CN(c2nc(-n3ccc(OCCC(C4CC4)C4CC4)n3)ccc2C(=O)NS(=O)(=O)c2ccccc2)C(C)(C)C1,CHEMBL4051,CHEMBL5728838,Cystic fibrosis transmembrane conductance regulator,CHEMBL5737578,"Assays for Detecting and Measuring F508del-CFTR Modulator Properties of Compounds: The assay utilizes fluorescent voltage sensing dyes to measure changes in membrane potential using a fluorescent plate reader (e.g., FLIPR III, Molecular Devices, Inc.) as a readout for increase in functional F508del in NIH 3T3 cells. The driving force for the response is the creation of a chloride ion gradient in conjunction with channel activation and concurrent with compound treatment by a single liquid addition step after the cells have previously been loaded with a voltage sensing dye.",B,EC50,<,100.0,nM,,1113466,2021,F508del,activator
CHEMBL5789155,C[C@@H]1CN(c2nc(-n3ccc(OCCC4(C(F)(F)F)CC4)n3)ccc2C(=O)NS(=O)(=O)c2ccccc2Cl)C(C)(C)C1,CHEMBL4051,CHEMBL5728838,Cystic fibrosis transmembrane conductance regulator,CHEMBL5737578,"Assays for Detecting and Measuring F508del-CFTR Modulator Properties of Compounds: The assay utilizes fluorescent voltage sensing dyes to measure changes in membrane potential using a fluorescent plate reader (e.g., FLIPR III, Molecular Devices, Inc.) as a readout for increase in functional F508del in NIH 3T3 cells. The driving force for the response is the creation of a chloride ion gradient in conjunction with channel activation and concurrent with compound treatment by a single liquid addition step after the cells have previously been loaded with a voltage sensing dye.",B,EC50,<,100.0,nM,,1113467,2021,F508del,activator
CHEMBL5745003,C[C@@H]1CN(c2cc(-n3ccc(OCCC4(C(F)(F)F)CC4)n3)ncc2C(=O)NS(=O)(=O)c2ccccc2)C(C)(C)C1,CHEMBL4051,CHEMBL5728838,Cystic fibrosis transmembrane conductance regulator,CHEMBL5737578,"Assays for Detecting and Measuring F508del-CFTR Modulator Properties of Compounds: The assay utilizes fluorescent voltage sensing dyes to measure changes in membrane potential using a fluorescent plate reader (e.g., FLIPR III, Molecular Devices, Inc.) as a readout for increase in functional F508del in NIH 3T3 cells. The driving force for the response is the creation of a chloride ion gradient in conjunction with channel activation and concurrent with compound treatment by a single liquid addition step after the cells have previously been loaded with a voltage sensing dye.",B,EC50,=,550.0,nM,6.26,1113468,2021,F508del,activator
CHEMBL5802145,C[C@@H]1CN(c2nc(-n3ccc(OCC4(C(F)(F)F)CC4)n3)ccc2C(=O)NS(=N)(=O)c2ccccc2)C(C)(C)C1,CHEMBL4051,CHEMBL5728838,Cystic fibrosis transmembrane conductance regulator,CHEMBL5737578,"Assays for Detecting and Measuring F508del-CFTR Modulator Properties of Compounds: The assay utilizes fluorescent voltage sensing dyes to measure changes in membrane potential using a fluorescent plate reader (e.g., FLIPR III, Molecular Devices, Inc.) as a readout for increase in functional F508del in NIH 3T3 cells. The driving force for the response is the creation of a chloride ion gradient in conjunction with channel activation and concurrent with compound treatment by a single liquid addition step after the cells have previously been loaded with a voltage sensing dye.",B,EC50,=,550.0,nM,6.26,1113469,2021,F508del,activator
CHEMBL5980086,C[C@@H]1CN(c2nc(-n3ccc(OCC4(C(F)(F)F)CC4)n3)ccc2C(=O)N[SH](N)(=O)c2ccccc2)C(C)(C)C1,CHEMBL4051,CHEMBL5728838,Cystic fibrosis transmembrane conductance regulator,CHEMBL5737578,"Assays for Detecting and Measuring F508del-CFTR Modulator Properties of Compounds: The assay utilizes fluorescent voltage sensing dyes to measure changes in membrane potential using a fluorescent plate reader (e.g., FLIPR III, Molecular Devices, Inc.) as a readout for increase in functional F508del in NIH 3T3 cells. The driving force for the response is the creation of a chloride ion gradient in conjunction with channel activation and concurrent with compound treatment by a single liquid addition step after the cells have previously been loaded with a voltage sensing dye.",B,EC50,<,100.0,nM,,1113470,2021,F508del,activator
CHEMBL5746386,C[C@@H]1CN(c2nc(-n3ccc(OCC4(C(F)(F)F)CC4)n3)ccc2C(=O)N[S@](=N)(=O)c2ccccc2)C(C)(C)C1,CHEMBL4051,CHEMBL5728838,Cystic fibrosis transmembrane conductance regulator,CHEMBL5737578,"Assays for Detecting and Measuring F508del-CFTR Modulator Properties of Compounds: The assay utilizes fluorescent voltage sensing dyes to measure changes in membrane potential using a fluorescent plate reader (e.g., FLIPR III, Molecular Devices, Inc.) as a readout for increase in functional F508del in NIH 3T3 cells. The driving force for the response is the creation of a chloride ion gradient in conjunction with channel activation and concurrent with compound treatment by a single liquid addition step after the cells have previously been loaded with a voltage sensing dye.",B,EC50,<,100.0,nM,,1113471,2021,F508del,activator
CHEMBL5971088,C[C@@H]1CN(c2nc(-n3ccc(OC4CC4)n3)ccc2C(=O)NS(=O)(=O)c2ccccc2)C(C)(C)C1,CHEMBL4051,CHEMBL5728838,Cystic fibrosis transmembrane conductance regulator,CHEMBL5737578,"Assays for Detecting and Measuring F508del-CFTR Modulator Properties of Compounds: The assay utilizes fluorescent voltage sensing dyes to measure changes in membrane potential using a fluorescent plate reader (e.g., FLIPR III, Molecular Devices, Inc.) as a readout for increase in functional F508del in NIH 3T3 cells. The driving force for the response is the creation of a chloride ion gradient in conjunction with channel activation and concurrent with compound treatment by a single liquid addition step after the cells have previously been loaded with a voltage sensing dye.",B,EC50,>,1000.0,nM,,1113472,2021,F508del,activator
CHEMBL5865106,COc1cccc(S(=O)(=O)NC(=O)c2ccc(-n3ccc(OCC4(C(F)(F)F)CC4)n3)nc2N2C[C@@H](C)CC2(C)C)c1,CHEMBL4051,CHEMBL5728838,Cystic fibrosis transmembrane conductance regulator,CHEMBL5737578,"Assays for Detecting and Measuring F508del-CFTR Modulator Properties of Compounds: The assay utilizes fluorescent voltage sensing dyes to measure changes in membrane potential using a fluorescent plate reader (e.g., FLIPR III, Molecular Devices, Inc.) as a readout for increase in functional F508del in NIH 3T3 cells. The driving force for the response is the creation of a chloride ion gradient in conjunction with channel activation and concurrent with compound treatment by a single liquid addition step after the cells have previously been loaded with a voltage sensing dye.",B,EC50,<,100.0,nM,,1113473,2021,F508del,activator
CHEMBL6052258,C[C@@H]1CN(c2nc(-n3ccc(OCC4(C(F)(F)F)CC4)n3)ccc2C(=O)NS(=O)(=O)c2ccccc2F)C(C)(C)C1,CHEMBL4051,CHEMBL5728838,Cystic fibrosis transmembrane conductance regulator,CHEMBL5737578,"Assays for Detecting and Measuring F508del-CFTR Modulator Properties of Compounds: The assay utilizes fluorescent voltage sensing dyes to measure changes in membrane potential using a fluorescent plate reader (e.g., FLIPR III, Molecular Devices, Inc.) as a readout for increase in functional F508del in NIH 3T3 cells. The driving force for the response is the creation of a chloride ion gradient in conjunction with channel activation and concurrent with compound treatment by a single liquid addition step after the cells have previously been loaded with a voltage sensing dye.",B,EC50,<,100.0,nM,,1113474,2021,F508del,activator
CHEMBL5782538,C[C@@H]1CN(c2nc(-n3ccc(OCC4(C(F)(F)F)CC4)n3)ccc2C(=O)NS(=O)(=O)c2cccc(F)c2)C(C)(C)C1,CHEMBL4051,CHEMBL5728838,Cystic fibrosis transmembrane conductance regulator,CHEMBL5737578,"Assays for Detecting and Measuring F508del-CFTR Modulator Properties of Compounds: The assay utilizes fluorescent voltage sensing dyes to measure changes in membrane potential using a fluorescent plate reader (e.g., FLIPR III, Molecular Devices, Inc.) as a readout for increase in functional F508del in NIH 3T3 cells. The driving force for the response is the creation of a chloride ion gradient in conjunction with channel activation and concurrent with compound treatment by a single liquid addition step after the cells have previously been loaded with a voltage sensing dye.",B,EC50,<,100.0,nM,,1113475,2021,F508del,activator
CHEMBL6019910,C[C@@H]1CN(c2nc(-n3ccc(OCC4(C(F)(F)F)CC4)n3)ccc2C(=O)NS(=O)(=O)c2ccc(F)cc2)C(C)(C)C1,CHEMBL4051,CHEMBL5728838,Cystic fibrosis transmembrane conductance regulator,CHEMBL5737578,"Assays for Detecting and Measuring F508del-CFTR Modulator Properties of Compounds: The assay utilizes fluorescent voltage sensing dyes to measure changes in membrane potential using a fluorescent plate reader (e.g., FLIPR III, Molecular Devices, Inc.) as a readout for increase in functional F508del in NIH 3T3 cells. The driving force for the response is the creation of a chloride ion gradient in conjunction with channel activation and concurrent with compound treatment by a single liquid addition step after the cells have previously been loaded with a voltage sensing dye.",B,EC50,<,100.0,nM,,1113476,2021,F508del,activator
CHEMBL5936231,COc1ccccc1S(=O)(=O)NC(=O)c1ccc(-n2ccc(OCC3(C(F)(F)F)CC3)n2)nc1N1C[C@@H](C)CC1(C)C,CHEMBL4051,CHEMBL5728838,Cystic fibrosis transmembrane conductance regulator,CHEMBL5737578,"Assays for Detecting and Measuring F508del-CFTR Modulator Properties of Compounds: The assay utilizes fluorescent voltage sensing dyes to measure changes in membrane potential using a fluorescent plate reader (e.g., FLIPR III, Molecular Devices, Inc.) as a readout for increase in functional F508del in NIH 3T3 cells. The driving force for the response is the creation of a chloride ion gradient in conjunction with channel activation and concurrent with compound treatment by a single liquid addition step after the cells have previously been loaded with a voltage sensing dye.",B,EC50,<,100.0,nM,,1113477,2021,F508del,activator
CHEMBL5930347,COc1ccc(S(=O)(=O)NC(=O)c2ccc(-n3ccc(OCC4(C(F)(F)F)CC4)n3)nc2N2C[C@@H](C)CC2(C)C)cc1,CHEMBL4051,CHEMBL5728838,Cystic fibrosis transmembrane conductance regulator,CHEMBL5737578,"Assays for Detecting and Measuring F508del-CFTR Modulator Properties of Compounds: The assay utilizes fluorescent voltage sensing dyes to measure changes in membrane potential using a fluorescent plate reader (e.g., FLIPR III, Molecular Devices, Inc.) as a readout for increase in functional F508del in NIH 3T3 cells. The driving force for the response is the creation of a chloride ion gradient in conjunction with channel activation and concurrent with compound treatment by a single liquid addition step after the cells have previously been loaded with a voltage sensing dye.",B,EC50,<,100.0,nM,,1113478,2021,F508del,activator
CHEMBL5782010,C[C@@H]1CN(c2nc(-n3ccc(OCC4(C(F)F)CC4)n3)ccc2C(=O)NS(=O)(=O)c2ccccc2)C(C)(C)C1,CHEMBL4051,CHEMBL5728838,Cystic fibrosis transmembrane conductance regulator,CHEMBL5737578,"Assays for Detecting and Measuring F508del-CFTR Modulator Properties of Compounds: The assay utilizes fluorescent voltage sensing dyes to measure changes in membrane potential using a fluorescent plate reader (e.g., FLIPR III, Molecular Devices, Inc.) as a readout for increase in functional F508del in NIH 3T3 cells. The driving force for the response is the creation of a chloride ion gradient in conjunction with channel activation and concurrent with compound treatment by a single liquid addition step after the cells have previously been loaded with a voltage sensing dye.",B,EC50,<,100.0,nM,,1113479,2021,F508del,activator
CHEMBL5858669,CC1(C)CN(c2nc(-n3ccc(OCC4(C(F)(F)F)CC4)n3)ccc2C(=O)NS(=O)(=O)c2ccccc2)C(C)(C)C1,CHEMBL4051,CHEMBL5728838,Cystic fibrosis transmembrane conductance regulator,CHEMBL5737578,"Assays for Detecting and Measuring F508del-CFTR Modulator Properties of Compounds: The assay utilizes fluorescent voltage sensing dyes to measure changes in membrane potential using a fluorescent plate reader (e.g., FLIPR III, Molecular Devices, Inc.) as a readout for increase in functional F508del in NIH 3T3 cells. The driving force for the response is the creation of a chloride ion gradient in conjunction with channel activation and concurrent with compound treatment by a single liquid addition step after the cells have previously been loaded with a voltage sensing dye.",B,EC50,=,550.0,nM,6.26,1113480,2021,F508del,activator
CHEMBL5746092,COc1ccc(S(=O)(=O)NC(=O)c2ccc(-n3ccc(OCC4(C(F)(F)F)CC4)n3)nc2N2C[C@@H](C)CC2(C)C)c(C)c1,CHEMBL4051,CHEMBL5728838,Cystic fibrosis transmembrane conductance regulator,CHEMBL5737578,"Assays for Detecting and Measuring F508del-CFTR Modulator Properties of Compounds: The assay utilizes fluorescent voltage sensing dyes to measure changes in membrane potential using a fluorescent plate reader (e.g., FLIPR III, Molecular Devices, Inc.) as a readout for increase in functional F508del in NIH 3T3 cells. The driving force for the response is the creation of a chloride ion gradient in conjunction with channel activation and concurrent with compound treatment by a single liquid addition step after the cells have previously been loaded with a voltage sensing dye.",B,EC50,<,100.0,nM,,1113481,2021,F508del,activator
CHEMBL5791513,Cc1ccccc1S(=O)(=O)NC(=O)c1ccc(-n2ccc(OCC3(C(F)(F)F)CCC3)n2)nc1N1C[C@@H](C)CC1(C)C,CHEMBL4051,CHEMBL5728838,Cystic fibrosis transmembrane conductance regulator,CHEMBL5737578,"Assays for Detecting and Measuring F508del-CFTR Modulator Properties of Compounds: The assay utilizes fluorescent voltage sensing dyes to measure changes in membrane potential using a fluorescent plate reader (e.g., FLIPR III, Molecular Devices, Inc.) as a readout for increase in functional F508del in NIH 3T3 cells. The driving force for the response is the creation of a chloride ion gradient in conjunction with channel activation and concurrent with compound treatment by a single liquid addition step after the cells have previously been loaded with a voltage sensing dye.",B,EC50,<,100.0,nM,,1113482,2021,F508del,activator
CHEMBL5881226,C[C@@H]1CN(c2nc(-n3ccc(OCC4(C(F)(F)F)CCC4)n3)ccc2C(=O)NS(=O)(=O)c2cccc(F)c2)C(C)(C)C1,CHEMBL4051,CHEMBL5728838,Cystic fibrosis transmembrane conductance regulator,CHEMBL5737578,"Assays for Detecting and Measuring F508del-CFTR Modulator Properties of Compounds: The assay utilizes fluorescent voltage sensing dyes to measure changes in membrane potential using a fluorescent plate reader (e.g., FLIPR III, Molecular Devices, Inc.) as a readout for increase in functional F508del in NIH 3T3 cells. The driving force for the response is the creation of a chloride ion gradient in conjunction with channel activation and concurrent with compound treatment by a single liquid addition step after the cells have previously been loaded with a voltage sensing dye.",B,EC50,<,100.0,nM,,1113483,2021,F508del,activator
CHEMBL6034334,C[C@@H]1CN(c2nc(-n3ccc(OCC4CC45CC5)n3)ccc2C(=O)NS(=O)(=O)c2ccccc2)C(C)(C)C1,CHEMBL4051,CHEMBL5728838,Cystic fibrosis transmembrane conductance regulator,CHEMBL5737578,"Assays for Detecting and Measuring F508del-CFTR Modulator Properties of Compounds: The assay utilizes fluorescent voltage sensing dyes to measure changes in membrane potential using a fluorescent plate reader (e.g., FLIPR III, Molecular Devices, Inc.) as a readout for increase in functional F508del in NIH 3T3 cells. The driving force for the response is the creation of a chloride ion gradient in conjunction with channel activation and concurrent with compound treatment by a single liquid addition step after the cells have previously been loaded with a voltage sensing dye.",B,EC50,=,550.0,nM,6.26,1113484,2021,F508del,activator
CHEMBL5999022,C[C@H]1CC(C)(C)N2c3nc(-n4ccc(OCCC5(C(F)(F)F)CC5)n4)ccc3C(=O)OC12,CHEMBL4051,CHEMBL5728838,Cystic fibrosis transmembrane conductance regulator,CHEMBL5737578,"Assays for Detecting and Measuring F508del-CFTR Modulator Properties of Compounds: The assay utilizes fluorescent voltage sensing dyes to measure changes in membrane potential using a fluorescent plate reader (e.g., FLIPR III, Molecular Devices, Inc.) as a readout for increase in functional F508del in NIH 3T3 cells. The driving force for the response is the creation of a chloride ion gradient in conjunction with channel activation and concurrent with compound treatment by a single liquid addition step after the cells have previously been loaded with a voltage sensing dye.",B,EC50,>,1000.0,nM,,1113485,2021,F508del,activator
CHEMBL5996550,C[C@@H]1CN(c2nc(-n3ccc(OCC4C5(CC5)C45CC5)n3)ccc2C(=O)NS(=O)(=O)c2ccccc2)C(C)(C)C1,CHEMBL4051,CHEMBL5728838,Cystic fibrosis transmembrane conductance regulator,CHEMBL5737578,"Assays for Detecting and Measuring F508del-CFTR Modulator Properties of Compounds: The assay utilizes fluorescent voltage sensing dyes to measure changes in membrane potential using a fluorescent plate reader (e.g., FLIPR III, Molecular Devices, Inc.) as a readout for increase in functional F508del in NIH 3T3 cells. The driving force for the response is the creation of a chloride ion gradient in conjunction with channel activation and concurrent with compound treatment by a single liquid addition step after the cells have previously been loaded with a voltage sensing dye.",B,EC50,=,550.0,nM,6.26,1113486,2021,F508del,activator
CHEMBL5996550,C[C@@H]1CN(c2nc(-n3ccc(OCC4C5(CC5)C45CC5)n3)ccc2C(=O)NS(=O)(=O)c2ccccc2)C(C)(C)C1,CHEMBL4051,CHEMBL5728838,Cystic fibrosis transmembrane conductance regulator,CHEMBL5737578,"Assays for Detecting and Measuring F508del-CFTR Modulator Properties of Compounds: The assay utilizes fluorescent voltage sensing dyes to measure changes in membrane potential using a fluorescent plate reader (e.g., FLIPR III, Molecular Devices, Inc.) as a readout for increase in functional F508del in NIH 3T3 cells. The driving force for the response is the creation of a chloride ion gradient in conjunction with channel activation and concurrent with compound treatment by a single liquid addition step after the cells have previously been loaded with a voltage sensing dye.",B,EC50,<,100.0,nM,,1113487,2021,F508del,activator
CHEMBL5780730,C[C@@H]1CN(c2nc(-n3ccc(O)n3)ccc2C(=O)NS(=O)(=O)c2ccccc2)C(C)(C)C1,CHEMBL4051,CHEMBL5728838,Cystic fibrosis transmembrane conductance regulator,CHEMBL5737578,"Assays for Detecting and Measuring F508del-CFTR Modulator Properties of Compounds: The assay utilizes fluorescent voltage sensing dyes to measure changes in membrane potential using a fluorescent plate reader (e.g., FLIPR III, Molecular Devices, Inc.) as a readout for increase in functional F508del in NIH 3T3 cells. The driving force for the response is the creation of a chloride ion gradient in conjunction with channel activation and concurrent with compound treatment by a single liquid addition step after the cells have previously been loaded with a voltage sensing dye.",B,EC50,>,1000.0,nM,,1113488,2021,F508del,activator
CHEMBL6020031,C[C@@H]1CN(c2nc(-n3ccc(OCC(C)(C)C)n3)ccc2C(=O)NS(=O)(=O)c2cccnc2N)C(C)(C)C1,CHEMBL4051,CHEMBL5728838,Cystic fibrosis transmembrane conductance regulator,CHEMBL5737578,"Assays for Detecting and Measuring F508del-CFTR Modulator Properties of Compounds: The assay utilizes fluorescent voltage sensing dyes to measure changes in membrane potential using a fluorescent plate reader (e.g., FLIPR III, Molecular Devices, Inc.) as a readout for increase in functional F508del in NIH 3T3 cells. The driving force for the response is the creation of a chloride ion gradient in conjunction with channel activation and concurrent with compound treatment by a single liquid addition step after the cells have previously been loaded with a voltage sensing dye.",B,EC50,=,60.0,nM,7.22,1113489,2021,F508del,activator
CHEMBL5883498,C[C@@H]1CN(c2nc(-n3ccc(OCC(C)(C)C)n3)ccc2C(=O)NS(=O)(=O)c2ccccc2)C(C)(C)C1,CHEMBL4051,CHEMBL5728838,Cystic fibrosis transmembrane conductance regulator,CHEMBL5737578,"Assays for Detecting and Measuring F508del-CFTR Modulator Properties of Compounds: The assay utilizes fluorescent voltage sensing dyes to measure changes in membrane potential using a fluorescent plate reader (e.g., FLIPR III, Molecular Devices, Inc.) as a readout for increase in functional F508del in NIH 3T3 cells. The driving force for the response is the creation of a chloride ion gradient in conjunction with channel activation and concurrent with compound treatment by a single liquid addition step after the cells have previously been loaded with a voltage sensing dye.",B,EC50,=,120.0,nM,6.92,1113490,2021,F508del,activator
CHEMBL5787008,C[C@@H]1CN(c2nc(-n3ccc(OCC(C)(C)C)n3)ccc2C(=O)NS(=O)(=O)c2ccc[nH]c2=O)C(C)(C)C1,CHEMBL4051,CHEMBL5728838,Cystic fibrosis transmembrane conductance regulator,CHEMBL5737578,"Assays for Detecting and Measuring F508del-CFTR Modulator Properties of Compounds: The assay utilizes fluorescent voltage sensing dyes to measure changes in membrane potential using a fluorescent plate reader (e.g., FLIPR III, Molecular Devices, Inc.) as a readout for increase in functional F508del in NIH 3T3 cells. The driving force for the response is the creation of a chloride ion gradient in conjunction with channel activation and concurrent with compound treatment by a single liquid addition step after the cells have previously been loaded with a voltage sensing dye.",B,EC50,=,260.0,nM,6.58,1113491,2021,F508del,activator
CHEMBL5827454,C[C@@H]1CN(c2nc(-n3ccc(OCC4CC4)n3)ccc2C(=O)NS(=O)(=O)c2cccnc2N)C(C)(C)C1,CHEMBL4051,CHEMBL5728838,Cystic fibrosis transmembrane conductance regulator,CHEMBL5737578,"Assays for Detecting and Measuring F508del-CFTR Modulator Properties of Compounds: The assay utilizes fluorescent voltage sensing dyes to measure changes in membrane potential using a fluorescent plate reader (e.g., FLIPR III, Molecular Devices, Inc.) as a readout for increase in functional F508del in NIH 3T3 cells. The driving force for the response is the creation of a chloride ion gradient in conjunction with channel activation and concurrent with compound treatment by a single liquid addition step after the cells have previously been loaded with a voltage sensing dye.",B,EC50,=,400.0,nM,6.40,1113492,2021,F508del,activator
CHEMBL5858395,C[C@@H]1CN(c2nc(-n3ccc(OCC4CCC4)n3)ccc2C(=O)NS(=O)(=O)c2cccnc2N)C(C)(C)C1,CHEMBL4051,CHEMBL5728838,Cystic fibrosis transmembrane conductance regulator,CHEMBL5737578,"Assays for Detecting and Measuring F508del-CFTR Modulator Properties of Compounds: The assay utilizes fluorescent voltage sensing dyes to measure changes in membrane potential using a fluorescent plate reader (e.g., FLIPR III, Molecular Devices, Inc.) as a readout for increase in functional F508del in NIH 3T3 cells. The driving force for the response is the creation of a chloride ion gradient in conjunction with channel activation and concurrent with compound treatment by a single liquid addition step after the cells have previously been loaded with a voltage sensing dye.",B,EC50,=,210.0,nM,6.68,1113493,2021,F508del,activator
CHEMBL5865106,COc1cccc(S(=O)(=O)NC(=O)c2ccc(-n3ccc(OCC4(C(F)(F)F)CC4)n3)nc2N2C[C@@H](C)CC2(C)C)c1,CHEMBL4051,CHEMBL5728838,Cystic fibrosis transmembrane conductance regulator,CHEMBL5737578,"Assays for Detecting and Measuring F508del-CFTR Modulator Properties of Compounds: The assay utilizes fluorescent voltage sensing dyes to measure changes in membrane potential using a fluorescent plate reader (e.g., FLIPR III, Molecular Devices, Inc.) as a readout for increase in functional F508del in NIH 3T3 cells. The driving force for the response is the creation of a chloride ion gradient in conjunction with channel activation and concurrent with compound treatment by a single liquid addition step after the cells have previously been loaded with a voltage sensing dye.",B,EC50,=,20.0,nM,7.70,1113494,2021,F508del,activator
CHEMBL5965051,Cc1ccccc1S(=O)(=O)NC(=O)c1ccc(-n2ccc(OCCC3(C(F)(F)F)CC3)n2)nc1N1C[C@@H](C)CC1(C)C,CHEMBL4051,CHEMBL5728838,Cystic fibrosis transmembrane conductance regulator,CHEMBL5737578,"Assays for Detecting and Measuring F508del-CFTR Modulator Properties of Compounds: The assay utilizes fluorescent voltage sensing dyes to measure changes in membrane potential using a fluorescent plate reader (e.g., FLIPR III, Molecular Devices, Inc.) as a readout for increase in functional F508del in NIH 3T3 cells. The driving force for the response is the creation of a chloride ion gradient in conjunction with channel activation and concurrent with compound treatment by a single liquid addition step after the cells have previously been loaded with a voltage sensing dye.",B,EC50,=,20.0,nM,7.70,1113495,2021,F508del,activator
CHEMBL5877571,Cc1ccccc1S(=O)(=O)NC(=O)c1ccc(-n2ccc(OCC3C(C)(C)C3(C)C)n2)nc1N1C[C@@H](C)CC1(C)C,CHEMBL4051,CHEMBL5728838,Cystic fibrosis transmembrane conductance regulator,CHEMBL5737578,"Assays for Detecting and Measuring F508del-CFTR Modulator Properties of Compounds: The assay utilizes fluorescent voltage sensing dyes to measure changes in membrane potential using a fluorescent plate reader (e.g., FLIPR III, Molecular Devices, Inc.) as a readout for increase in functional F508del in NIH 3T3 cells. The driving force for the response is the creation of a chloride ion gradient in conjunction with channel activation and concurrent with compound treatment by a single liquid addition step after the cells have previously been loaded with a voltage sensing dye.",B,EC50,=,20.0,nM,7.70,1113496,2021,F508del,activator
CHEMBL5915806,C[C@@H]1CN(c2nc(-n3ccc(OCC4C(C)(C)C4(C)C)n3)ccc2C(=O)NS(=O)(=O)c2cccc(F)c2)C(C)(C)C1,CHEMBL4051,CHEMBL5728838,Cystic fibrosis transmembrane conductance regulator,CHEMBL5737578,"Assays for Detecting and Measuring F508del-CFTR Modulator Properties of Compounds: The assay utilizes fluorescent voltage sensing dyes to measure changes in membrane potential using a fluorescent plate reader (e.g., FLIPR III, Molecular Devices, Inc.) as a readout for increase in functional F508del in NIH 3T3 cells. The driving force for the response is the creation of a chloride ion gradient in conjunction with channel activation and concurrent with compound treatment by a single liquid addition step after the cells have previously been loaded with a voltage sensing dye.",B,EC50,=,20.0,nM,7.70,1113497,2021,F508del,activator
CHEMBL4297849,C[C@@H]1CN(c2nc(-n3ccc(OCCC4(C(F)(F)F)CC4)n3)ccc2C(=O)NS(=O)(=O)c2ccccc2)C(C)(C)C1,CHEMBL4051,CHEMBL5728838,Cystic fibrosis transmembrane conductance regulator,CHEMBL5737578,"Assays for Detecting and Measuring F508del-CFTR Modulator Properties of Compounds: The assay utilizes fluorescent voltage sensing dyes to measure changes in membrane potential using a fluorescent plate reader (e.g., FLIPR III, Molecular Devices, Inc.) as a readout for increase in functional F508del in NIH 3T3 cells. The driving force for the response is the creation of a chloride ion gradient in conjunction with channel activation and concurrent with compound treatment by a single liquid addition step after the cells have previously been loaded with a voltage sensing dye.",B,EC50,=,30.0,nM,7.52,1113498,2021,F508del,activator
CHEMBL6052258,C[C@@H]1CN(c2nc(-n3ccc(OCC4(C(F)(F)F)CC4)n3)ccc2C(=O)NS(=O)(=O)c2ccccc2F)C(C)(C)C1,CHEMBL4051,CHEMBL5728838,Cystic fibrosis transmembrane conductance regulator,CHEMBL5737578,"Assays for Detecting and Measuring F508del-CFTR Modulator Properties of Compounds: The assay utilizes fluorescent voltage sensing dyes to measure changes in membrane potential using a fluorescent plate reader (e.g., FLIPR III, Molecular Devices, Inc.) as a readout for increase in functional F508del in NIH 3T3 cells. The driving force for the response is the creation of a chloride ion gradient in conjunction with channel activation and concurrent with compound treatment by a single liquid addition step after the cells have previously been loaded with a voltage sensing dye.",B,EC50,=,30.0,nM,7.52,1113499,2021,F508del,activator
CHEMBL5937024,Cc1ccccc1S(=O)(=O)NC(=O)c1ccc(-n2ccc(OCC3(C(F)(F)F)CC3)n2)nc1N1C[C@@H](C)CC1(C)C,CHEMBL4051,CHEMBL5728838,Cystic fibrosis transmembrane conductance regulator,CHEMBL5737578,"Assays for Detecting and Measuring F508del-CFTR Modulator Properties of Compounds: The assay utilizes fluorescent voltage sensing dyes to measure changes in membrane potential using a fluorescent plate reader (e.g., FLIPR III, Molecular Devices, Inc.) as a readout for increase in functional F508del in NIH 3T3 cells. The driving force for the response is the creation of a chloride ion gradient in conjunction with channel activation and concurrent with compound treatment by a single liquid addition step after the cells have previously been loaded with a voltage sensing dye.",B,EC50,=,30.0,nM,7.52,1113500,2021,F508del,activator
CHEMBL5750673,Cc1cccc(S(=O)(=O)NC(=O)c2ccc(-n3ccc(OCC4(C(F)(F)F)CC4)n3)nc2N2C[C@@H](C)CC2(C)C)c1,CHEMBL4051,CHEMBL5728838,Cystic fibrosis transmembrane conductance regulator,CHEMBL5737578,"Assays for Detecting and Measuring F508del-CFTR Modulator Properties of Compounds: The assay utilizes fluorescent voltage sensing dyes to measure changes in membrane potential using a fluorescent plate reader (e.g., FLIPR III, Molecular Devices, Inc.) as a readout for increase in functional F508del in NIH 3T3 cells. The driving force for the response is the creation of a chloride ion gradient in conjunction with channel activation and concurrent with compound treatment by a single liquid addition step after the cells have previously been loaded with a voltage sensing dye.",B,EC50,=,30.0,nM,7.52,1113501,2021,F508del,activator
CHEMBL6057735,C[C@@H]1CN(c2nc(-n3ccc(OCCC4(C(F)(F)F)CC4)n3)ccc2C(=O)NS(=O)(=O)c2ccc(O)cc2)C(C)(C)C1,CHEMBL4051,CHEMBL5728838,Cystic fibrosis transmembrane conductance regulator,CHEMBL5737578,"Assays for Detecting and Measuring F508del-CFTR Modulator Properties of Compounds: The assay utilizes fluorescent voltage sensing dyes to measure changes in membrane potential using a fluorescent plate reader (e.g., FLIPR III, Molecular Devices, Inc.) as a readout for increase in functional F508del in NIH 3T3 cells. The driving force for the response is the creation of a chloride ion gradient in conjunction with channel activation and concurrent with compound treatment by a single liquid addition step after the cells have previously been loaded with a voltage sensing dye.",B,EC50,=,30.0,nM,7.52,1113502,2021,F508del,activator
CHEMBL5935688,C[C@@H]1CN(c2nc(-n3ccc(OCC4(C(F)(F)F)CC4)n3)ccc2C(=O)NS(=O)(=O)c2ccccc2)C(C)(C)C1,CHEMBL4051,CHEMBL5728838,Cystic fibrosis transmembrane conductance regulator,CHEMBL5737578,"Assays for Detecting and Measuring F508del-CFTR Modulator Properties of Compounds: The assay utilizes fluorescent voltage sensing dyes to measure changes in membrane potential using a fluorescent plate reader (e.g., FLIPR III, Molecular Devices, Inc.) as a readout for increase in functional F508del in NIH 3T3 cells. The driving force for the response is the creation of a chloride ion gradient in conjunction with channel activation and concurrent with compound treatment by a single liquid addition step after the cells have previously been loaded with a voltage sensing dye.",B,EC50,=,40.0,nM,7.40,1113503,2021,F508del,activator
CHEMBL5936231,COc1ccccc1S(=O)(=O)NC(=O)c1ccc(-n2ccc(OCC3(C(F)(F)F)CC3)n2)nc1N1C[C@@H](C)CC1(C)C,CHEMBL4051,CHEMBL5728838,Cystic fibrosis transmembrane conductance regulator,CHEMBL5737578,"Assays for Detecting and Measuring F508del-CFTR Modulator Properties of Compounds: The assay utilizes fluorescent voltage sensing dyes to measure changes in membrane potential using a fluorescent plate reader (e.g., FLIPR III, Molecular Devices, Inc.) as a readout for increase in functional F508del in NIH 3T3 cells. The driving force for the response is the creation of a chloride ion gradient in conjunction with channel activation and concurrent with compound treatment by a single liquid addition step after the cells have previously been loaded with a voltage sensing dye.",B,EC50,=,40.0,nM,7.40,1113504,2021,F508del,activator
CHEMBL5882525,C[C@@H]1CN(c2nc(-n3ccc(OCC4(C(F)(F)F)CCC4)n3)ccc2C(=O)NS(=O)(=O)c2ccccc2)C(C)(C)C1,CHEMBL4051,CHEMBL5728838,Cystic fibrosis transmembrane conductance regulator,CHEMBL5737578,"Assays for Detecting and Measuring F508del-CFTR Modulator Properties of Compounds: The assay utilizes fluorescent voltage sensing dyes to measure changes in membrane potential using a fluorescent plate reader (e.g., FLIPR III, Molecular Devices, Inc.) as a readout for increase in functional F508del in NIH 3T3 cells. The driving force for the response is the creation of a chloride ion gradient in conjunction with channel activation and concurrent with compound treatment by a single liquid addition step after the cells have previously been loaded with a voltage sensing dye.",B,EC50,=,40.0,nM,7.40,1113505,2021,F508del,activator
CHEMBL5988795,C[C@@H]1CN(c2nc(-n3nc(OCCC4(C(F)(F)F)CC4)cc3F)ccc2C(=O)NS(=O)(=O)c2ccccc2)C(C)(C)C1,CHEMBL4051,CHEMBL5728838,Cystic fibrosis transmembrane conductance regulator,CHEMBL5737578,"Assays for Detecting and Measuring F508del-CFTR Modulator Properties of Compounds: The assay utilizes fluorescent voltage sensing dyes to measure changes in membrane potential using a fluorescent plate reader (e.g., FLIPR III, Molecular Devices, Inc.) as a readout for increase in functional F508del in NIH 3T3 cells. The driving force for the response is the creation of a chloride ion gradient in conjunction with channel activation and concurrent with compound treatment by a single liquid addition step after the cells have previously been loaded with a voltage sensing dye.",B,EC50,=,40.0,nM,7.40,1113506,2021,F508del,activator
CHEMBL5782538,C[C@@H]1CN(c2nc(-n3ccc(OCC4(C(F)(F)F)CC4)n3)ccc2C(=O)NS(=O)(=O)c2cccc(F)c2)C(C)(C)C1,CHEMBL4051,CHEMBL5728838,Cystic fibrosis transmembrane conductance regulator,CHEMBL5737578,"Assays for Detecting and Measuring F508del-CFTR Modulator Properties of Compounds: The assay utilizes fluorescent voltage sensing dyes to measure changes in membrane potential using a fluorescent plate reader (e.g., FLIPR III, Molecular Devices, Inc.) as a readout for increase in functional F508del in NIH 3T3 cells. The driving force for the response is the creation of a chloride ion gradient in conjunction with channel activation and concurrent with compound treatment by a single liquid addition step after the cells have previously been loaded with a voltage sensing dye.",B,EC50,=,50.0,nM,7.30,1113507,2021,F508del,activator
CHEMBL5782010,C[C@@H]1CN(c2nc(-n3ccc(OCC4(C(F)F)CC4)n3)ccc2C(=O)NS(=O)(=O)c2ccccc2)C(C)(C)C1,CHEMBL4051,CHEMBL5728838,Cystic fibrosis transmembrane conductance regulator,CHEMBL5737578,"Assays for Detecting and Measuring F508del-CFTR Modulator Properties of Compounds: The assay utilizes fluorescent voltage sensing dyes to measure changes in membrane potential using a fluorescent plate reader (e.g., FLIPR III, Molecular Devices, Inc.) as a readout for increase in functional F508del in NIH 3T3 cells. The driving force for the response is the creation of a chloride ion gradient in conjunction with channel activation and concurrent with compound treatment by a single liquid addition step after the cells have previously been loaded with a voltage sensing dye.",B,EC50,=,50.0,nM,7.30,1113508,2021,F508del,activator
CHEMBL6006561,C[C@@H]1CN(c2nc(-n3ccc(OCCC4(C(F)(F)F)CC4)n3)ccc2C(=O)NS(=O)(=O)c2cccc(F)c2)C(C)(C)C1,CHEMBL4051,CHEMBL5728838,Cystic fibrosis transmembrane conductance regulator,CHEMBL5737578,"Assays for Detecting and Measuring F508del-CFTR Modulator Properties of Compounds: The assay utilizes fluorescent voltage sensing dyes to measure changes in membrane potential using a fluorescent plate reader (e.g., FLIPR III, Molecular Devices, Inc.) as a readout for increase in functional F508del in NIH 3T3 cells. The driving force for the response is the creation of a chloride ion gradient in conjunction with channel activation and concurrent with compound treatment by a single liquid addition step after the cells have previously been loaded with a voltage sensing dye.",B,EC50,=,50.0,nM,7.30,1113509,2021,F508del,activator
CHEMBL5791513,Cc1ccccc1S(=O)(=O)NC(=O)c1ccc(-n2ccc(OCC3(C(F)(F)F)CCC3)n2)nc1N1C[C@@H](C)CC1(C)C,CHEMBL4051,CHEMBL5728838,Cystic fibrosis transmembrane conductance regulator,CHEMBL5737578,"Assays for Detecting and Measuring F508del-CFTR Modulator Properties of Compounds: The assay utilizes fluorescent voltage sensing dyes to measure changes in membrane potential using a fluorescent plate reader (e.g., FLIPR III, Molecular Devices, Inc.) as a readout for increase in functional F508del in NIH 3T3 cells. The driving force for the response is the creation of a chloride ion gradient in conjunction with channel activation and concurrent with compound treatment by a single liquid addition step after the cells have previously been loaded with a voltage sensing dye.",B,EC50,=,50.0,nM,7.30,1113510,2021,F508del,activator
CHEMBL5996550,C[C@@H]1CN(c2nc(-n3ccc(OCC4C5(CC5)C45CC5)n3)ccc2C(=O)NS(=O)(=O)c2ccccc2)C(C)(C)C1,CHEMBL4051,CHEMBL5728838,Cystic fibrosis transmembrane conductance regulator,CHEMBL5737578,"Assays for Detecting and Measuring F508del-CFTR Modulator Properties of Compounds: The assay utilizes fluorescent voltage sensing dyes to measure changes in membrane potential using a fluorescent plate reader (e.g., FLIPR III, Molecular Devices, Inc.) as a readout for increase in functional F508del in NIH 3T3 cells. The driving force for the response is the creation of a chloride ion gradient in conjunction with channel activation and concurrent with compound treatment by a single liquid addition step after the cells have previously been loaded with a voltage sensing dye.",B,EC50,=,50.0,nM,7.30,1113511,2021,F508del,activator
CHEMBL5789155,C[C@@H]1CN(c2nc(-n3ccc(OCCC4(C(F)(F)F)CC4)n3)ccc2C(=O)NS(=O)(=O)c2ccccc2Cl)C(C)(C)C1,CHEMBL4051,CHEMBL5728838,Cystic fibrosis transmembrane conductance regulator,CHEMBL5737578,"Assays for Detecting and Measuring F508del-CFTR Modulator Properties of Compounds: The assay utilizes fluorescent voltage sensing dyes to measure changes in membrane potential using a fluorescent plate reader (e.g., FLIPR III, Molecular Devices, Inc.) as a readout for increase in functional F508del in NIH 3T3 cells. The driving force for the response is the creation of a chloride ion gradient in conjunction with channel activation and concurrent with compound treatment by a single liquid addition step after the cells have previously been loaded with a voltage sensing dye.",B,EC50,=,50.0,nM,7.30,1113512,2021,F508del,activator
CHEMBL5980801,C[C@@H]1CN(c2nc(-n3ccc(OCCC(C4CC4)C4CC4)n3)ccc2C(=O)NS(=O)(=O)c2ccccc2)C(C)(C)C1,CHEMBL4051,CHEMBL5728838,Cystic fibrosis transmembrane conductance regulator,CHEMBL5737578,"Assays for Detecting and Measuring F508del-CFTR Modulator Properties of Compounds: The assay utilizes fluorescent voltage sensing dyes to measure changes in membrane potential using a fluorescent plate reader (e.g., FLIPR III, Molecular Devices, Inc.) as a readout for increase in functional F508del in NIH 3T3 cells. The driving force for the response is the creation of a chloride ion gradient in conjunction with channel activation and concurrent with compound treatment by a single liquid addition step after the cells have previously been loaded with a voltage sensing dye.",B,EC50,=,50.0,nM,7.30,1113513,2021,F508del,activator
CHEMBL5953555,C[C@@H]1CN(c2nc(-n3ccc(OCC(C4CC4)C4CC4)n3)ccc2C(=O)NS(=O)(=O)c2ccccc2)C(C)(C)C1,CHEMBL4051,CHEMBL5728838,Cystic fibrosis transmembrane conductance regulator,CHEMBL5737578,"Assays for Detecting and Measuring F508del-CFTR Modulator Properties of Compounds: The assay utilizes fluorescent voltage sensing dyes to measure changes in membrane potential using a fluorescent plate reader (e.g., FLIPR III, Molecular Devices, Inc.) as a readout for increase in functional F508del in NIH 3T3 cells. The driving force for the response is the creation of a chloride ion gradient in conjunction with channel activation and concurrent with compound treatment by a single liquid addition step after the cells have previously been loaded with a voltage sensing dye.",B,EC50,=,70.0,nM,7.16,1113514,2021,F508del,activator
CHEMBL5932733,Cc1ccc(S(=O)(=O)NC(=O)c2ccc(-n3ccc(OCC4(C(F)(F)F)CC4)n3)nc2N2C[C@@H](C)CC2(C)C)cc1,CHEMBL4051,CHEMBL5728838,Cystic fibrosis transmembrane conductance regulator,CHEMBL5737578,"Assays for Detecting and Measuring F508del-CFTR Modulator Properties of Compounds: The assay utilizes fluorescent voltage sensing dyes to measure changes in membrane potential using a fluorescent plate reader (e.g., FLIPR III, Molecular Devices, Inc.) as a readout for increase in functional F508del in NIH 3T3 cells. The driving force for the response is the creation of a chloride ion gradient in conjunction with channel activation and concurrent with compound treatment by a single liquid addition step after the cells have previously been loaded with a voltage sensing dye.",B,EC50,=,70.0,nM,7.16,1113515,2021,F508del,activator
CHEMBL5912793,C[C@@H]1CN(c2nc(-n3ccc(COCC4(C(F)(F)F)CC4)n3)ccc2C(=O)NS(=O)(=O)c2ccccc2)C(C)(C)C1,CHEMBL4051,CHEMBL5728838,Cystic fibrosis transmembrane conductance regulator,CHEMBL5737578,"Assays for Detecting and Measuring F508del-CFTR Modulator Properties of Compounds: The assay utilizes fluorescent voltage sensing dyes to measure changes in membrane potential using a fluorescent plate reader (e.g., FLIPR III, Molecular Devices, Inc.) as a readout for increase in functional F508del in NIH 3T3 cells. The driving force for the response is the creation of a chloride ion gradient in conjunction with channel activation and concurrent with compound treatment by a single liquid addition step after the cells have previously been loaded with a voltage sensing dye.",B,EC50,=,70.0,nM,7.16,1113516,2021,F508del,activator
CHEMBL5901810,C[C@@H]1CN(c2nc(-n3ccc(O[C@H]4C[C@H]5CC[C@@H]4C5)n3)ccc2C(=O)NS(=O)(=O)c2ccccc2)C(C)(C)C1,CHEMBL4051,CHEMBL5728838,Cystic fibrosis transmembrane conductance regulator,CHEMBL5737578,"Assays for Detecting and Measuring F508del-CFTR Modulator Properties of Compounds: The assay utilizes fluorescent voltage sensing dyes to measure changes in membrane potential using a fluorescent plate reader (e.g., FLIPR III, Molecular Devices, Inc.) as a readout for increase in functional F508del in NIH 3T3 cells. The driving force for the response is the creation of a chloride ion gradient in conjunction with channel activation and concurrent with compound treatment by a single liquid addition step after the cells have previously been loaded with a voltage sensing dye.",B,EC50,=,70.0,nM,7.16,1113517,2021,F508del,activator
CHEMBL5991331,C[C@@H]1CN(c2nc(-n3ccc(OCC4C(C)(C)C4(C)C)n3)ccc2C(=O)NS(=O)(=O)c2ccccc2)C(C)(C)C1,CHEMBL4051,CHEMBL5728838,Cystic fibrosis transmembrane conductance regulator,CHEMBL5737578,"Assays for Detecting and Measuring F508del-CFTR Modulator Properties of Compounds: The assay utilizes fluorescent voltage sensing dyes to measure changes in membrane potential using a fluorescent plate reader (e.g., FLIPR III, Molecular Devices, Inc.) as a readout for increase in functional F508del in NIH 3T3 cells. The driving force for the response is the creation of a chloride ion gradient in conjunction with channel activation and concurrent with compound treatment by a single liquid addition step after the cells have previously been loaded with a voltage sensing dye.",B,EC50,=,90.0,nM,7.05,1113518,2021,F508del,activator
CHEMBL5746092,COc1ccc(S(=O)(=O)NC(=O)c2ccc(-n3ccc(OCC4(C(F)(F)F)CC4)n3)nc2N2C[C@@H](C)CC2(C)C)c(C)c1,CHEMBL4051,CHEMBL5728838,Cystic fibrosis transmembrane conductance regulator,CHEMBL5737578,"Assays for Detecting and Measuring F508del-CFTR Modulator Properties of Compounds: The assay utilizes fluorescent voltage sensing dyes to measure changes in membrane potential using a fluorescent plate reader (e.g., FLIPR III, Molecular Devices, Inc.) as a readout for increase in functional F508del in NIH 3T3 cells. The driving force for the response is the creation of a chloride ion gradient in conjunction with channel activation and concurrent with compound treatment by a single liquid addition step after the cells have previously been loaded with a voltage sensing dye.",B,EC50,=,80.0,nM,7.10,1113519,2021,F508del,activator
CHEMBL5747332,COc1ccc(S(=O)(=O)NC(=O)c2ccc(-n3ccc(OCC4(C(F)(F)F)CC4)n3)nc2N2C[C@@H](C)CC2(C)C)c(OC)c1,CHEMBL4051,CHEMBL5728838,Cystic fibrosis transmembrane conductance regulator,CHEMBL5737578,"Assays for Detecting and Measuring F508del-CFTR Modulator Properties of Compounds: The assay utilizes fluorescent voltage sensing dyes to measure changes in membrane potential using a fluorescent plate reader (e.g., FLIPR III, Molecular Devices, Inc.) as a readout for increase in functional F508del in NIH 3T3 cells. The driving force for the response is the creation of a chloride ion gradient in conjunction with channel activation and concurrent with compound treatment by a single liquid addition step after the cells have previously been loaded with a voltage sensing dye.",B,EC50,=,110.0,nM,6.96,1113520,2021,F508del,activator
CHEMBL6061756,C[C@@H]1CN(c2nc(-n3ccc(OCC4C(C)(C)C4(C)C)n3)ccc2C(=O)NS(=O)(=O)c2ccc(O)cc2)C(C)(C)C1,CHEMBL4051,CHEMBL5728838,Cystic fibrosis transmembrane conductance regulator,CHEMBL5737578,"Assays for Detecting and Measuring F508del-CFTR Modulator Properties of Compounds: The assay utilizes fluorescent voltage sensing dyes to measure changes in membrane potential using a fluorescent plate reader (e.g., FLIPR III, Molecular Devices, Inc.) as a readout for increase in functional F508del in NIH 3T3 cells. The driving force for the response is the creation of a chloride ion gradient in conjunction with channel activation and concurrent with compound treatment by a single liquid addition step after the cells have previously been loaded with a voltage sensing dye.",B,EC50,=,80.0,nM,7.10,1113521,2021,F508del,activator
CHEMBL5987240,C[C@@H]1CN(c2nc(-n3ccc(OCC4C[C@@H]5CC[C@@H]4C5)n3)ccc2C(=O)NS(=O)(=O)c2ccccc2)C(C)(C)C1,CHEMBL4051,CHEMBL5728838,Cystic fibrosis transmembrane conductance regulator,CHEMBL5737578,"Assays for Detecting and Measuring F508del-CFTR Modulator Properties of Compounds: The assay utilizes fluorescent voltage sensing dyes to measure changes in membrane potential using a fluorescent plate reader (e.g., FLIPR III, Molecular Devices, Inc.) as a readout for increase in functional F508del in NIH 3T3 cells. The driving force for the response is the creation of a chloride ion gradient in conjunction with channel activation and concurrent with compound treatment by a single liquid addition step after the cells have previously been loaded with a voltage sensing dye.",B,EC50,=,80.0,nM,7.10,1113522,2021,F508del,activator
CHEMBL5879814,C[C@@H]1CN(c2nc(-n3ccc(OCC4(C(F)(F)F)CC4)n3)ccc2C(=O)NS(=O)(=O)c2ccc(C#N)cc2)C(C)(C)C1,CHEMBL4051,CHEMBL5728838,Cystic fibrosis transmembrane conductance regulator,CHEMBL5737578,"Assays for Detecting and Measuring F508del-CFTR Modulator Properties of Compounds: The assay utilizes fluorescent voltage sensing dyes to measure changes in membrane potential using a fluorescent plate reader (e.g., FLIPR III, Molecular Devices, Inc.) as a readout for increase in functional F508del in NIH 3T3 cells. The driving force for the response is the creation of a chloride ion gradient in conjunction with channel activation and concurrent with compound treatment by a single liquid addition step after the cells have previously been loaded with a voltage sensing dye.",B,EC50,=,270.0,nM,6.57,1113523,2021,F508del,activator
CHEMBL5745003,C[C@@H]1CN(c2cc(-n3ccc(OCCC4(C(F)(F)F)CC4)n3)ncc2C(=O)NS(=O)(=O)c2ccccc2)C(C)(C)C1,CHEMBL4051,CHEMBL5728838,Cystic fibrosis transmembrane conductance regulator,CHEMBL5737578,"Assays for Detecting and Measuring F508del-CFTR Modulator Properties of Compounds: The assay utilizes fluorescent voltage sensing dyes to measure changes in membrane potential using a fluorescent plate reader (e.g., FLIPR III, Molecular Devices, Inc.) as a readout for increase in functional F508del in NIH 3T3 cells. The driving force for the response is the creation of a chloride ion gradient in conjunction with channel activation and concurrent with compound treatment by a single liquid addition step after the cells have previously been loaded with a voltage sensing dye.",B,EC50,=,620.0,nM,6.21,1113524,2021,F508del,activator
CHEMBL5816373,C[C@@H]1CN(c2nc(-n3ccc(OCC4(C(F)(F)F)CC4)n3)ccc2C(=O)NS(=O)(=O)c2ccc(O)cc2)C(C)(C)C1,CHEMBL4051,CHEMBL5728838,Cystic fibrosis transmembrane conductance regulator,CHEMBL5737578,"Assays for Detecting and Measuring F508del-CFTR Modulator Properties of Compounds: The assay utilizes fluorescent voltage sensing dyes to measure changes in membrane potential using a fluorescent plate reader (e.g., FLIPR III, Molecular Devices, Inc.) as a readout for increase in functional F508del in NIH 3T3 cells. The driving force for the response is the creation of a chloride ion gradient in conjunction with channel activation and concurrent with compound treatment by a single liquid addition step after the cells have previously been loaded with a voltage sensing dye.",B,EC50,=,120.0,nM,6.92,1113525,2021,F508del,activator
CHEMBL6078220,Cc1ccc(-n2cc(C3(c4ccc5c(c4)OC(F)(F)O5)CC3)nn2)cc1-c1cccc(C(=O)O)c1,CHEMBL4051,CHEMBL6074626,Cystic fibrosis transmembrane conductance regulator,CHEMBL6075110,Activation of CFTR F508del mutant (unknown origin),B,IC50,=,660.0,nM,6.18,,2024,F508del,activator
CHEMBL210832,NC(=O)c1c(NC(=O)c2ccccc2Cl)sc2c1CCCC2,CHEMBL4051,CHEMBL6121060,Cystic fibrosis transmembrane conductance regulator,CHEMBL6126616,Activation of CFTR F508del mutant (unknown origin),B,EC50,=,326.0,nM,6.49,,2025,F508del,activator
CHEMBL4776653,Nc1cc(S(=O)(=O)c2ccccc2OC(F)(F)F)cnc1C(=O)NC[C@@H](O)C(F)(F)F,CHEMBL4051,CHEMBL6121060,Cystic fibrosis transmembrane conductance regulator,CHEMBL6126616,Activation of CFTR F508del mutant (unknown origin),B,EC50,<,0.31,nM,,,2025,F508del,activator
CHEMBL6170120,CC(O)CNC(=O)c1ncc(S(=O)(=O)N2CCC(OC(F)(F)F)CC2)cc1N,CHEMBL4051,CHEMBL6121060,Cystic fibrosis transmembrane conductance regulator,CHEMBL6126616,Activation of CFTR F508del mutant (unknown origin),B,EC50,=,5.0,nM,8.30,,2025,F508del,activator
CHEMBL4785210,C[C@H](O)CNC(=O)c1ncc(S(=O)(=O)c2ccc(OC(F)(F)F)cc2)cc1N,CHEMBL4051,CHEMBL6121060,Cystic fibrosis transmembrane conductance regulator,CHEMBL6126616,Activation of CFTR F508del mutant (unknown origin),B,EC50,=,11.0,nM,7.96,,2025,F508del,activator
CHEMBL4802150,Nc1cc(S(=O)(=O)c2ccc(OC(F)(F)F)cc2)cnc1-c1nnc(CO)o1,CHEMBL4051,CHEMBL6121060,Cystic fibrosis transmembrane conductance regulator,CHEMBL6126616,Activation of CFTR F508del mutant (unknown origin),B,EC50,=,5.6,nM,8.25,,2025,F508del,activator
CHEMBL6143326,CC(O)(c1nnc(-c2ncc(S(=O)(=O)c3ccc(OC(F)(F)F)cc3)cc2N)o1)C(F)(F)F,CHEMBL4051,CHEMBL6121060,Cystic fibrosis transmembrane conductance regulator,CHEMBL6126616,Activation of CFTR F508del mutant (unknown origin),B,EC50,=,1.8,nM,8.74,,2025,F508del,activator
CHEMBL6175262,Nc1cc(S(=O)(=O)c2ccc(OC(F)(F)F)cc2)cnc1-c1nnc(C(O)C(F)(F)F)o1,CHEMBL4051,CHEMBL6121060,Cystic fibrosis transmembrane conductance regulator,CHEMBL6126616,Activation of CFTR F508del mutant (unknown origin),B,EC50,=,5.8,nM,8.24,,2025,F508del,activator
CHEMBL6170689,Nc1cc(S(=O)(=O)c2ccc(C(F)(F)F)cc2)cnc1-c1nnc(CO)o1,CHEMBL4051,CHEMBL6121060,Cystic fibrosis transmembrane conductance regulator,CHEMBL6126616,Activation of CFTR F508del mutant (unknown origin),B,EC50,=,1.6,nM,8.80,,2025,F508del,activator
CHEMBL6170767,Nc1cc(S(=O)(=O)c2ccc(OC(F)(F)F)cc2)cnc1-c1nnc([C@@H](O)c2ccccc2)o1,CHEMBL4051,CHEMBL6121060,Cystic fibrosis transmembrane conductance regulator,CHEMBL6126616,Activation of CFTR F508del mutant (unknown origin),B,EC50,=,1.1,nM,8.96,,2025,F508del,activator
CHEMBL4297849,C[C@@H]1CN(c2nc(-n3ccc(OCCC4(C(F)(F)F)CC4)n3)ccc2C(=O)NS(=O)(=O)c2ccccc2)C(C)(C)C1,CHEMBL4051,CHEMBL6121060,Cystic fibrosis transmembrane conductance regulator,CHEMBL6126616,Activation of CFTR F508del mutant (unknown origin),B,EC50,=,30.0,nM,7.52,,2025,F508del,activator
CHEMBL6020031,C[C@@H]1CN(c2nc(-n3ccc(OCC(C)(C)C)n3)ccc2C(=O)NS(=O)(=O)c2cccnc2N)C(C)(C)C1,CHEMBL4051,CHEMBL6121060,Cystic fibrosis transmembrane conductance regulator,CHEMBL6126616,Activation of CFTR F508del mutant (unknown origin),B,EC50,=,60.0,nM,7.22,,2025,F508del,activator
CHEMBL6006561,C[C@@H]1CN(c2nc(-n3ccc(OCCC4(C(F)(F)F)CC4)n3)ccc2C(=O)NS(=O)(=O)c2cccc(F)c2)C(C)(C)C1,CHEMBL4051,CHEMBL6121060,Cystic fibrosis transmembrane conductance regulator,CHEMBL6126616,Activation of CFTR F508del mutant (unknown origin),B,EC50,=,50.0,nM,7.30,,2025,F508del,activator
CHEMBL5935688,C[C@@H]1CN(c2nc(-n3ccc(OCC4(C(F)(F)F)CC4)n3)ccc2C(=O)NS(=O)(=O)c2ccccc2)C(C)(C)C1,CHEMBL4051,CHEMBL6121060,Cystic fibrosis transmembrane conductance regulator,CHEMBL6126616,Activation of CFTR F508del mutant (unknown origin),B,EC50,=,40.0,nM,7.40,,2025,F508del,activator
CHEMBL5882525,C[C@@H]1CN(c2nc(-n3ccc(OCC4(C(F)(F)F)CCC4)n3)ccc2C(=O)NS(=O)(=O)c2ccccc2)C(C)(C)C1,CHEMBL4051,CHEMBL6121060,Cystic fibrosis transmembrane conductance regulator,CHEMBL6126616,Activation of CFTR F508del mutant (unknown origin),B,EC50,=,40.0,nM,7.40,,2025,F508del,activator
CHEMBL6061273,C[C@@H]1CN(c2nc(-n3ccc(OCC(O)C4(C(F)(F)F)CC4)n3)ccc2C(=O)NS(=O)(=O)c2ccccc2)C(C)(C)C1,CHEMBL4051,CHEMBL6121060,Cystic fibrosis transmembrane conductance regulator,CHEMBL6126616,Activation of CFTR F508del mutant (unknown origin),B,EC50,=,240.0,nM,6.62,,2025,F508del,activator
CHEMBL5416826,COc1ccc(-c2cc(C(=O)O)nc3c2c(C)nn3-c2ccc(C)cc2)cc1,CHEMBL4051,CHEMBL6121060,Cystic fibrosis transmembrane conductance regulator,CHEMBL6126616,Activation of CFTR F508del mutant (unknown origin),B,EC50,=,4130.0,nM,5.38,,2025,F508del,activator
CHEMBL5417547,Cc1nn(-c2ccccc2)c2nc(C(=O)O)cc(-c3ccc(N4CCOCC4)cc3)c12,CHEMBL4051,CHEMBL6121060,Cystic fibrosis transmembrane conductance regulator,CHEMBL6126616,Activation of CFTR F508del mutant (unknown origin),B,EC50,=,1280.0,nM,5.89,,2025,F508del,activator
CHEMBL5417860,Cc1nn(-c2ccc(F)cc2)c2nc(C(=O)O)cc(-c3ccc(N4CCOCC4)cc3)c12,CHEMBL4051,CHEMBL6121060,Cystic fibrosis transmembrane conductance regulator,CHEMBL6126616,Activation of CFTR F508del mutant (unknown origin),B,EC50,=,820.0,nM,6.09,,2025,F508del,activator
CHEMBL6142829,O=C(O)c1cc(-c2ccc(N3CCOCC3)cc2)c2c(C3CCC3)nn(-c3ccc(F)cc3)c2n1,CHEMBL4051,CHEMBL6121060,Cystic fibrosis transmembrane conductance regulator,CHEMBL6126616,Activation of CFTR F508del mutant (unknown origin),B,EC50,=,480.0,nM,6.32,,2025,F508del,activator
CHEMBL6172591,Cc1nn(-c2ccc(F)cc2)c2nc(C(=O)NS(C)(=O)=O)cc(-c3ccc(N4CCOCC4)cc3)c12,CHEMBL4051,CHEMBL6121060,Cystic fibrosis transmembrane conductance regulator,CHEMBL6126616,Activation of CFTR F508del mutant (unknown origin),B,EC50,=,1260.0,nM,5.90,,2025,F508del,activator
CHEMBL5418596,CS(=O)(=O)NC(=O)c1cc(-c2ccc(N3CCOCC3)cc2)c2c(C3CCC3)nn(-c3ccccc3)c2n1,CHEMBL4051,CHEMBL6121060,Cystic fibrosis transmembrane conductance regulator,CHEMBL6126616,Activation of CFTR F508del mutant (unknown origin),B,EC50,=,510.0,nM,6.29,,2025,F508del,activator
CHEMBL6068548,COC1CCN(C2CCN(c3cc(C(=O)NS(=O)(=O)N(C)C)nc4c3c(C3CCC3)nn4-c3ccc(F)cc3)CC2)CC1,CHEMBL4051,CHEMBL6121060,Cystic fibrosis transmembrane conductance regulator,CHEMBL6126616,Activation of CFTR F508del mutant (unknown origin),B,EC50,=,690.0,nM,6.16,,2025,F508del,activator
CHEMBL6168679,COc1ccc(C2CCC2)c2c1C(C(=O)NS(=O)(=O)c1cccc3ccccc13)C2,CHEMBL4051,CHEMBL6121060,Cystic fibrosis transmembrane conductance regulator,CHEMBL6126616,Activation of CFTR F508del mutant (unknown origin),B,EC50,<,3000.0,nM,,,2025,F508del,activator
CHEMBL6166375,COc1ccc(Br)c2c1C(C(=O)NS(=O)(=O)c1cccc3ccccc13)CC2,CHEMBL4051,CHEMBL6121060,Cystic fibrosis transmembrane conductance regulator,CHEMBL6126616,Activation of CFTR F508del mutant (unknown origin),B,EC50,<,3000.0,nM,,,2025,F508del,activator
CHEMBL6167304,COc1ccc(Br)c2c1CCCC2C(=O)NS(=O)(=O)c1cccc2ccccc12,CHEMBL4051,CHEMBL6121060,Cystic fibrosis transmembrane conductance regulator,CHEMBL6126616,Activation of CFTR F508del mutant (unknown origin),B,EC50,<,3000.0,nM,,,2025,F508del,activator
CHEMBL6151806,COc1ccc(Br)c2c1CCCC2C(=O)NS(=O)(=O)c1cccc2ncccc12,CHEMBL4051,CHEMBL6121060,Cystic fibrosis transmembrane conductance regulator,CHEMBL6126616,Activation of CFTR F508del mutant (unknown origin),B,EC50,<,3000.0,nM,,,2025,F508del,activator
CHEMBL6165668,COc1ccc(C2CCC2)cc1C1(C(=O)NS(=O)(=O)c2cccc3ccccc23)CC1,CHEMBL4051,CHEMBL6121060,Cystic fibrosis transmembrane conductance regulator,CHEMBL6126616,Activation of CFTR F508del mutant (unknown origin),B,EC50,<,3000.0,nM,,,2025,F508del,activator
CHEMBL6171482,COc1ncc(C2CCC2)cc1C1(C(=O)NS(=O)(=O)c2cccc3ccccc23)CC1,CHEMBL4051,CHEMBL6121060,Cystic fibrosis transmembrane conductance regulator,CHEMBL6126616,Activation of CFTR F508del mutant (unknown origin),B,EC50,<,10000.0,nM,,,2025,F508del,activator
CHEMBL6177569,COc1ncc(C2CCC2)cc1C1(C(=O)NS(=O)(=O)c2cccc3c2CCCN3)CC1,CHEMBL4051,CHEMBL6121060,Cystic fibrosis transmembrane conductance regulator,CHEMBL6126616,Activation of CFTR F508del mutant (unknown origin),B,EC50,<,3000.0,nM,,,2025,F508del,activator
CHEMBL6169310,COc1ncc(C2CCC2)cc1C1(C(=O)NS(=O)(=O)c2cccc3nc(C)ccc23)CCC1,CHEMBL4051,CHEMBL6121060,Cystic fibrosis transmembrane conductance regulator,CHEMBL6126616,Activation of CFTR F508del mutant (unknown origin),B,EC50,<,10000.0,nM,,,2025,F508del,activator
CHEMBL6142699,CCOc1cccc([C@H]2C[C@@]2(C(=O)NS(=O)(=O)c2cccc3nc(C)ccc23)c2cc(C)ccc2OC)n1,CHEMBL4051,CHEMBL6121060,Cystic fibrosis transmembrane conductance regulator,CHEMBL6126616,Activation of CFTR F508del mutant (unknown origin),B,EC50,=,5.0,nM,8.30,,2025,F508del,activator
CHEMBL6145845,CCOc1cccc([C@@H]2C[C@]2(C(=O)NS(=O)(=O)c2cccc3nc(C)ccc23)c2cc(C)ccc2OC)n1,CHEMBL4051,CHEMBL6121060,Cystic fibrosis transmembrane conductance regulator,CHEMBL6126616,Activation of CFTR F508del mutant (unknown origin),B,EC50,=,90.0,nM,7.05,,2025,F508del,activator
CHEMBL6162901,COc1ccc(C)cc1[C@]1(C(=O)NS(=O)(=O)c2cccc3nc(C)ccc23)C[C@@H]1c1cccc(C(F)(F)F)c1,CHEMBL4051,CHEMBL6121060,Cystic fibrosis transmembrane conductance regulator,CHEMBL6126616,Activation of CFTR F508del mutant (unknown origin),B,EC50,=,5.0,nM,8.30,,2025,F508del,activator
CHEMBL6176001,COc1ccc(C)cc1[C@]1(C(=O)NS(=O)(=O)c2cccc3nc(C)ccc23)C[C@@H]1c1cnc(C(C)C)cn1,CHEMBL4051,CHEMBL6121060,Cystic fibrosis transmembrane conductance regulator,CHEMBL6126616,Activation of CFTR F508del mutant (unknown origin),B,EC50,=,30.0,nM,7.52,,2025,F508del,activator
CHEMBL6149054,CCOc1ccc(CC)cc1[C@@]1(C(=O)NS(=O)(=O)c2cccc3nc(C)ccc23)CCCO1,CHEMBL4051,CHEMBL6121060,Cystic fibrosis transmembrane conductance regulator,CHEMBL6126616,Activation of CFTR F508del mutant (unknown origin),B,EC50,=,30.0,nM,7.52,,2025,F508del,activator
CHEMBL6175964,CCOc1ccc(CC)cc1[C@]1(C(=O)NS(=O)(=O)c2cccc3nc(C)ccc23)CCCO1,CHEMBL4051,CHEMBL6121060,Cystic fibrosis transmembrane conductance regulator,CHEMBL6126616,Activation of CFTR F508del mutant (unknown origin),B,EC50,>,300.0,nM,,,2025,F508del,activator
CHEMBL6068031,COc1ccc(C)cc1[C@@]1(C(=O)NS(=O)(=O)c2cccc3nc(C)ccc23)C[C@H](c2ccccc2)CO1,CHEMBL4051,CHEMBL6121060,Cystic fibrosis transmembrane conductance regulator,CHEMBL6126616,Activation of CFTR F508del mutant (unknown origin),B,EC50,=,10.0,nM,8.00,,2025,F508del,activator
CHEMBL6151253,COc1ccc(C)cc1[C@]1(C(=O)NS(=O)(=O)c2cccc3nc(C)ccc23)C[C@@H](c2ccccc2)CO1,CHEMBL4051,CHEMBL6121060,Cystic fibrosis transmembrane conductance regulator,CHEMBL6126616,Activation of CFTR F508del mutant (unknown origin),B,EC50,=,30.0,nM,7.52,,2025,F508del,activator
CHEMBL6175200,Cc1ccc(C2CCCCCC2)c(OC2(C(=O)NS(=O)(=O)c3cccc(N)n3)CC2)c1,CHEMBL4051,CHEMBL6121060,Cystic fibrosis transmembrane conductance regulator,CHEMBL6126616,Activation of CFTR F508del mutant (unknown origin),B,EC50,=,2.0,nM,8.70,,2025,F508del,activator
CHEMBL6163177,Cc1ccc(C2CCCCC2)c(OC2(C(=O)NS(=O)(=O)c3cccc(N4CCOC[C@@H]4C)n3)CC2)c1,CHEMBL4051,CHEMBL6121060,Cystic fibrosis transmembrane conductance regulator,CHEMBL6126616,Activation of CFTR F508del mutant (unknown origin),B,EC50,=,80.0,nM,7.10,,2025,F508del,activator
CHEMBL6160710,Cc1ccc(C2CCCCC2)c(OC2(C(=O)NS(=O)(=O)c3cccc(N4CCC(N)(C(F)(F)F)CC4)n3)CC2)c1,CHEMBL4051,CHEMBL6121060,Cystic fibrosis transmembrane conductance regulator,CHEMBL6126616,Activation of CFTR F508del mutant (unknown origin),B,EC50,=,4.0,nM,8.40,,2025,F508del,activator
CHEMBL6167703,Cc1ccc(-c2cccc(C(F)(F)F)c2)c(OC2(C(=O)NS(=O)(=O)c3cccc(N4CCC(N)(C(F)(F)F)CC4)n3)CC2)c1,CHEMBL4051,CHEMBL6121060,Cystic fibrosis transmembrane conductance regulator,CHEMBL6126616,Activation of CFTR F508del mutant (unknown origin),B,EC50,=,80.0,nM,7.10,,2025,F508del,activator
CHEMBL6174727,Cc1ccccc1-c1nc(NS(=O)(=O)c2cccc(N3CCC[C@H](CC(=O)O)C3)n2)ccc1C(F)(F)F,CHEMBL4051,CHEMBL6121060,Cystic fibrosis transmembrane conductance regulator,CHEMBL6126616,Activation of CFTR F508del mutant (unknown origin),B,EC50,=,100.0,nM,7.00,,2025,F508del,activator
CHEMBL6167971,Cc1ccc(F)cc1-c1nc(NS(=O)(=O)c2cccc(N3CCC[C@@](C)(CC(=O)O)C3)n2)ccc1C(F)(F)F,CHEMBL4051,CHEMBL6121060,Cystic fibrosis transmembrane conductance regulator,CHEMBL6126616,Activation of CFTR F508del mutant (unknown origin),B,EC50,=,2.0,nM,8.70,,2025,F508del,activator
CHEMBL6148174,CCc1ccccc1-c1nc(NS(=O)(=O)c2cccc(N(CCCC(=O)O)C(C)C)n2)ccc1C(F)(F)F,CHEMBL4051,CHEMBL6121060,Cystic fibrosis transmembrane conductance regulator,CHEMBL6126616,Activation of CFTR F508del mutant (unknown origin),B,EC50,=,2.0,nM,8.70,,2025,F508del,activator
CHEMBL6167563,CCc1ccccc1-c1nc(NS(=O)(=O)c2cccc(N(CC)CCCC(=O)O)n2)ccc1C(F)(F)F,CHEMBL4051,CHEMBL6121060,Cystic fibrosis transmembrane conductance regulator,CHEMBL6126616,Activation of CFTR F508del mutant (unknown origin),B,EC50,=,4.0,nM,8.40,,2025,F508del,activator
CHEMBL6171349,CC(C)(CO)CN1CCCCCc2ccccc2-c2nc(ccc2C(F)(F)F)NS(=O)(=O)c2cccc1n2,CHEMBL4051,CHEMBL6121060,Cystic fibrosis transmembrane conductance regulator,CHEMBL6126616,Activation of CFTR F508del mutant (unknown origin),B,EC50,=,3.0,nM,8.52,,2025,F508del,activator
CHEMBL6174231,CC(C)(CO)CN1CCCCCCc2ccccc2-c2nc(ccc2C(F)(F)F)NS(=O)(=O)c2cccc1n2,CHEMBL4051,CHEMBL6121060,Cystic fibrosis transmembrane conductance regulator,CHEMBL6126616,Activation of CFTR F508del mutant (unknown origin),B,EC50,=,10.0,nM,8.00,,2025,F508del,activator
CHEMBL6174831,CC(C)(CN1CCCCCCc2ccccc2-c2nc(ccc2C(F)(F)F)NS(=O)(=O)c2cccc1n2)C(=O)O,CHEMBL4051,CHEMBL6121060,Cystic fibrosis transmembrane conductance regulator,CHEMBL6126616,Activation of CFTR F508del mutant (unknown origin),B,EC50,=,80.0,nM,7.10,,2025,F508del,activator
CHEMBL6168993,CC(C)(CN1CCCCCc2ccccc2-c2nc(ccc2C(F)(F)F)NS(=O)(=O)c2cccc1n2)C(=O)O,CHEMBL4051,CHEMBL6121060,Cystic fibrosis transmembrane conductance regulator,CHEMBL6126616,Activation of CFTR F508del mutant (unknown origin),B,EC50,=,4.0,nM,8.40,,2025,F508del,activator
CHEMBL4075348,CC1(C)Cc2c(sc(NC(=O)c3ccn[nH]3)c2C(N)=O)C(C)(C)O1,CHEMBL4051,CHEMBL6121060,Cystic fibrosis transmembrane conductance regulator,CHEMBL6126616,Activation of CFTR F508del mutant (unknown origin),B,EC50,=,326.0,nM,6.49,,2025,F508del,activator
CHEMBL4059736,CC1(C)Cc2c(sc(NC(=O)c3ccccc3O)c2C(N)=O)C(C)(C)O1,CHEMBL4051,CHEMBL6121060,Cystic fibrosis transmembrane conductance regulator,CHEMBL6126616,Activation of CFTR F508del mutant (unknown origin),B,EC50,=,15.0,nM,7.82,,2025,F508del,activator
CHEMBL4083374,CC1(C)Cc2c(sc(NC(=O)C3(CO)CC3)c2C(N)=O)C(C)(C)O1,CHEMBL4051,CHEMBL6121060,Cystic fibrosis transmembrane conductance regulator,CHEMBL6126616,Activation of CFTR F508del mutant (unknown origin),B,EC50,=,2.7,nM,8.57,,2025,F508del,activator
CHEMBL4102980,CC1(C)Cc2c(sc(NC(=O)[C@@H](O)C(C)(C)C)c2C(N)=O)C(C)(C)O1,CHEMBL4051,CHEMBL6121060,Cystic fibrosis transmembrane conductance regulator,CHEMBL6126616,Activation of CFTR F508del mutant (unknown origin),B,EC50,=,127.0,nM,6.90,,2025,F508del,activator
CHEMBL4077574,CC1(C)Cc2c(sc(NC(=O)[C@H](O)C(C)(C)C)c2C(N)=O)C(C)(C)O1,CHEMBL4051,CHEMBL6121060,Cystic fibrosis transmembrane conductance regulator,CHEMBL6126616,Activation of CFTR F508del mutant (unknown origin),B,EC50,=,3.0,nM,8.52,,2025,F508del,activator
CHEMBL4079652,Cc1cc(C(=O)Nc2sc3c(c2C(N)=O)CC(C)(C)OC3(C)C)[nH]n1,CHEMBL4051,CHEMBL6121060,Cystic fibrosis transmembrane conductance regulator,CHEMBL6126616,Activation of CFTR F508del mutant (unknown origin),B,EC50,=,13.0,nM,7.89,,2025,F508del,activator
CHEMBL2010601,CC(C)(C)c1cc(C(C)(C)C)c(NC(=O)c2c[nH]c3ccccc3c2=O)cc1O,CHEMBL4051,CHEMBL6121060,Cystic fibrosis transmembrane conductance regulator,CHEMBL6126623,Potentiation of VX-809-induced corrector activity at CFTR F508del mutant in patient derived human HBE cells,B,EC50,=,46.6,nM,7.33,,2025,F508del,corrector
CHEMBL4075348,CC1(C)Cc2c(sc(NC(=O)c3ccn[nH]3)c2C(N)=O)C(C)(C)O1,CHEMBL4051,CHEMBL6121060,Cystic fibrosis transmembrane conductance regulator,CHEMBL6126623,Potentiation of VX-809-induced corrector activity at CFTR F508del mutant in patient derived human HBE cells,B,EC50,=,68.9,nM,7.16,,2025,F508del,corrector
CHEMBL4785210,C[C@H](O)CNC(=O)c1ncc(S(=O)(=O)c2ccc(OC(F)(F)F)cc2)cc1N,CHEMBL4051,CHEMBL6121060,Cystic fibrosis transmembrane conductance regulator,CHEMBL6126623,Potentiation of VX-809-induced corrector activity at CFTR F508del mutant in patient derived human HBE cells,B,EC50,=,80.7,nM,7.09,,2025,F508del,corrector
CHEMBL4650318,COc1nc(C(=O)NC[C@](C)(O)C(F)(F)F)c(N)cc1C(F)(F)F,CHEMBL4051,CHEMBL6121060,Cystic fibrosis transmembrane conductance regulator,CHEMBL6126626,Potentiation of CFTR F508del mutant (unknown origin),B,EC50,=,40.0,nM,7.40,,2025,F508del,potentiator
CHEMBL5085858,COC(=O)c1nc(-c2ccco2)c(C(F)(F)F)cc1N,CHEMBL4051,CHEMBL6121060,Cystic fibrosis transmembrane conductance regulator,CHEMBL6126626,Potentiation of CFTR F508del mutant (unknown origin),B,EC50,=,70.0,nM,7.16,,2025,F508del,potentiator
CHEMBL6172511,COC(=O)c1nc(I)c(C(F)(F)F)cc1N,CHEMBL4051,CHEMBL6121060,Cystic fibrosis transmembrane conductance regulator,CHEMBL6126626,Potentiation of CFTR F508del mutant (unknown origin),B,EC50,=,360.0,nM,6.44,,2025,F508del,potentiator
CHEMBL6172174,CNC(=O)c1nc(-c2ccco2)c(C(F)(F)F)cc1N,CHEMBL4051,CHEMBL6121060,Cystic fibrosis transmembrane conductance regulator,CHEMBL6126626,Potentiation of CFTR F508del mutant (unknown origin),B,EC50,=,1860.0,nM,5.73,,2025,F508del,potentiator
CHEMBL5086285,CNC(=O)c1nc(Br)c(C(F)(F)F)cc1N,CHEMBL4051,CHEMBL6121060,Cystic fibrosis transmembrane conductance regulator,CHEMBL6126626,Potentiation of CFTR F508del mutant (unknown origin),B,EC50,=,250.0,nM,6.60,,2025,F508del,potentiator
CHEMBL5093146,Nc1cc(C(F)(F)F)c(Br)nc1C(=O)NCCC(F)(F)F,CHEMBL4051,CHEMBL6121060,Cystic fibrosis transmembrane conductance regulator,CHEMBL6126626,Potentiation of CFTR F508del mutant (unknown origin),B,EC50,=,40.0,nM,7.40,,2025,F508del,potentiator
CHEMBL5087757,Nc1cc(C(F)(F)F)c(Br)nc1C(=O)NC[C@@H](O)C(F)(F)F,CHEMBL4051,CHEMBL6121060,Cystic fibrosis transmembrane conductance regulator,CHEMBL6126626,Potentiation of CFTR F508del mutant (unknown origin),B,EC50,=,10.0,nM,8.00,,2025,F508del,potentiator
CHEMBL5084140,C[C@](O)(CNC(=O)c1nc(Br)c(C(F)(F)F)cc1N)C(F)(F)F,CHEMBL4051,CHEMBL6121060,Cystic fibrosis transmembrane conductance regulator,CHEMBL6126626,Potentiation of CFTR F508del mutant (unknown origin),B,EC50,=,10.0,nM,8.00,,2025,F508del,potentiator
CHEMBL5088607,C[C@](O)(CNC(=O)c1nc(C(F)(F)F)c(C(F)(F)F)cc1N)C(F)(F)F,CHEMBL4051,CHEMBL6121060,Cystic fibrosis transmembrane conductance regulator,CHEMBL6126626,Potentiation of CFTR F508del mutant (unknown origin),B,EC50,=,10.0,nM,8.00,,2025,F508del,potentiator
CHEMBL2010601,CC(C)(C)c1cc(C(C)(C)C)c(NC(=O)c2c[nH]c3ccccc3c2=O)cc1O,CHEMBL4051,CHEMBL6121060,Cystic fibrosis transmembrane conductance regulator,CHEMBL6126646,Potentiation of CFTR G551D mutant (unknown origin) expressed in FRT cells,B,EC50,=,131.0,nM,6.88,,2025,G551D,potentiator
CHEMBL4650318,COc1nc(C(=O)NC[C@](C)(O)C(F)(F)F)c(N)cc1C(F)(F)F,CHEMBL4051,CHEMBL6121060,Cystic fibrosis transmembrane conductance regulator,CHEMBL6126646,Potentiation of CFTR G551D mutant (unknown origin) expressed in FRT cells,B,EC50,=,500.0,nM,6.30,,2025,G551D,potentiator
CHEMBL5084140,C[C@](O)(CNC(=O)c1nc(Br)c(C(F)(F)F)cc1N)C(F)(F)F,CHEMBL4051,CHEMBL6121060,Cystic fibrosis transmembrane conductance regulator,CHEMBL6126646,Potentiation of CFTR G551D mutant (unknown origin) expressed in FRT cells,B,EC50,=,150.0,nM,6.82,,2025,G551D,potentiator
CHEMBL2010601,CC(C)(C)c1cc(C(C)(C)C)c(NC(=O)c2c[nH]c3ccccc3c2=O)cc1O,CHEMBL4051,CHEMBL6121060,Cystic fibrosis transmembrane conductance regulator,CHEMBL6126647,Potentiation of CFTR F508del mutant (unknown origin) expressed in HBE cells,B,EC50,=,60.0,nM,7.22,,2025,F508del,potentiator
CHEMBL4650318,COc1nc(C(=O)NC[C@](C)(O)C(F)(F)F)c(N)cc1C(F)(F)F,CHEMBL4051,CHEMBL6121060,Cystic fibrosis transmembrane conductance regulator,CHEMBL6126647,Potentiation of CFTR F508del mutant (unknown origin) expressed in HBE cells,B,EC50,=,30.0,nM,7.52,,2025,F508del,potentiator
CHEMBL5084140,C[C@](O)(CNC(=O)c1nc(Br)c(C(F)(F)F)cc1N)C(F)(F)F,CHEMBL4051,CHEMBL6121060,Cystic fibrosis transmembrane conductance regulator,CHEMBL6126647,Potentiation of CFTR F508del mutant (unknown origin) expressed in HBE cells,B,EC50,=,20.0,nM,7.70,,2025,F508del,potentiator
CHEMBL4176184,O=C(Nc1ncc(Cc2ccccc2Cl)s1)C(c1ccccc1)c1ccccc1,CHEMBL4051,CHEMBL6121060,Cystic fibrosis transmembrane conductance regulator,CHEMBL6126647,Potentiation of CFTR F508del mutant (unknown origin) expressed in HBE cells,B,EC50,=,100.0,nM,7.00,,2025,F508del,potentiator
CHEMBL2103870,Cc1ccc(NC(=O)C2(c3ccc4c(c3)OC(F)(F)O4)CC2)nc1-c1cccc(C(=O)O)c1,CHEMBL4051,CHEMBL6121060,Cystic fibrosis transmembrane conductance regulator,CHEMBL6126647,Potentiation of CFTR F508del mutant (unknown origin) expressed in HBE cells,B,EC50,=,80.0,nM,7.10,,2025,F508del,potentiator
CHEMBL3544914,CC(C)(CO)c1cc2cc(NC(=O)C3(c4ccc5c(c4)OC(F)(F)O5)CC3)c(F)cc2n1C[C@@H](O)CO,CHEMBL4051,CHEMBL6121060,Cystic fibrosis transmembrane conductance regulator,CHEMBL6126647,Potentiation of CFTR F508del mutant (unknown origin) expressed in HBE cells,B,EC50,=,500.0,nM,6.30,,2025,F508del,potentiator
CHEMBL4101487,O=C(O)c1ccc([C@H]2C[C@@H](NC(=O)C3(c4ccc5c(c4)OC(F)(F)O5)CC3)c3ccc(OC(F)F)cc3O2)cc1,CHEMBL4051,CHEMBL6121060,Cystic fibrosis transmembrane conductance regulator,CHEMBL6126647,Potentiation of CFTR F508del mutant (unknown origin) expressed in HBE cells,B,EC50,=,5.0,nM,8.30,,2025,F508del,potentiator
CHEMBL4298128,Cc1nn(C)cc1S(=O)(=O)NC(=O)c1ccc(-n2ccc(OCC(C)(C)C(F)(F)F)n2)nc1N1C[C@@H](C)CC1(C)C,CHEMBL4051,CHEMBL6121060,Cystic fibrosis transmembrane conductance regulator,CHEMBL6126652,Potentiation of CFTR F508del mutant (unknown origin) expressed in NIH3T3 cells,B,EC50,=,70.0,nM,7.16,,2025,F508del,potentiator
CHEMBL6165049,Cc1nn(C)cc1S(=O)(=O)NC(=O)c1ccc(-n2ccc(OCC3(C(F)(F)F)CC3)n2)nc1N1C[C@@H](C)CC1(C)C,CHEMBL4051,CHEMBL6121060,Cystic fibrosis transmembrane conductance regulator,CHEMBL6126652,Potentiation of CFTR F508del mutant (unknown origin) expressed in NIH3T3 cells,B,EC50,=,220.0,nM,6.66,,2025,F508del,potentiator
CHEMBL6172973,Cc1nn(C)cc1S(=O)(=O)NC(=O)c1ccc(-n2ccc(OCCC3(C(F)(F)F)CC3)n2)nc1N1C[C@@H](C)CC1(C)C,CHEMBL4051,CHEMBL6121060,Cystic fibrosis transmembrane conductance regulator,CHEMBL6126652,Potentiation of CFTR F508del mutant (unknown origin) expressed in NIH3T3 cells,B,EC50,=,130.0,nM,6.89,,2025,F508del,potentiator
CHEMBL6172958,Cc1nn(C)cc1S(=O)(=O)NC(=O)c1ccc(-n2ccc(OCC3(C(F)(F)F)CCC3)n2)nc1N1C[C@@H](C)CC1(C)C,CHEMBL4051,CHEMBL6121060,Cystic fibrosis transmembrane conductance regulator,CHEMBL6126652,Potentiation of CFTR F508del mutant (unknown origin) expressed in NIH3T3 cells,B,EC50,=,130.0,nM,6.89,,2025,F508del,potentiator
CHEMBL6175544,Cc1c(S(=O)(=O)NC(=O)c2ccc(-n3ccc(OCC(C)(C)C(F)(F)F)n3)nc2N2C[C@@H](C)CC2(C)C)cnn1C,CHEMBL4051,CHEMBL6121060,Cystic fibrosis transmembrane conductance regulator,CHEMBL6126652,Potentiation of CFTR F508del mutant (unknown origin) expressed in NIH3T3 cells,B,EC50,=,170.0,nM,6.77,,2025,F508del,potentiator
CHEMBL6144497,Cc1nn(C)c(C)c1S(=O)(=O)NC(=O)c1ccc(-n2ccc(OCC(C)(C)C(F)(F)F)n2)nc1N1C[C@@H](C)CC1(C)C,CHEMBL4051,CHEMBL6121060,Cystic fibrosis transmembrane conductance regulator,CHEMBL6126652,Potentiation of CFTR F508del mutant (unknown origin) expressed in NIH3T3 cells,B,EC50,=,90.0,nM,7.05,,2025,F508del,potentiator
CHEMBL6177436,CN(C(=O)c1cccc(-n2nc(C(F)(F)F)c3c2[C@@H](Oc2ccc(C(=O)O)cc2)CCC3)c1)c1ccc(C2(C(F)(F)F)N=N2)cc1,CHEMBL4051,CHEMBL6153119,Cystic fibrosis transmembrane conductance regulator,CHEMBL6157282,Corrector activity at CFTR F508del mutant (unknown origin) expressed in human CFBE41o- cells co-expressing HS-YFP assessed as restoration of channel function incubated for 24 hrs by florescence based analysis,B,EC50,=,24.0,nM,7.62,,2025,F508del,corrector
CHEMBL6173991,C#CCCC1(CCNC(=O)c2ccc(O[C@H]3CCCc4c(C(F)(F)F)nn(-c5cccc(C(=O)N(C)c6ccc7c(c6)OC(F)(F)O7)c5)c43)cc2)N=N1,CHEMBL4051,CHEMBL6153119,Cystic fibrosis transmembrane conductance regulator,CHEMBL6157282,Corrector activity at CFTR F508del mutant (unknown origin) expressed in human CFBE41o- cells co-expressing HS-YFP assessed as restoration of channel function incubated for 24 hrs by florescence based analysis,B,EC50,<,3.0,nM,,,2025,F508del,corrector
CHEMBL6177416,CN(C(=O)c1cccc(-n2nc(C(F)(F)F)c3c2[C@@H](Oc2ccc(C(=O)O)cc2)CCC3)c1)c1ccc2c(c1)OC(F)(F)O2,CHEMBL4051,CHEMBL6153119,Cystic fibrosis transmembrane conductance regulator,CHEMBL6157282,Corrector activity at CFTR F508del mutant (unknown origin) expressed in human CFBE41o- cells co-expressing HS-YFP assessed as restoration of channel function incubated for 24 hrs by florescence based analysis,B,EC50,<,3.0,nM,,,2025,F508del,corrector
CHEMBL6177322,C#Cc1ccc(O[C@H]2CCCc3c(C(F)(F)F)nn(-c4cccc(C(=O)N(C)c5ccc6c(c5)OC(F)(F)O6)c4)c32)cc1,CHEMBL4051,CHEMBL6153119,Cystic fibrosis transmembrane conductance regulator,CHEMBL6157282,Corrector activity at CFTR F508del mutant (unknown origin) expressed in human CFBE41o- cells co-expressing HS-YFP assessed as restoration of channel function incubated for 24 hrs by florescence based analysis,B,EC50,=,3.3,nM,8.48,,2025,F508del,corrector
CHEMBL6162568,C#Cc1ccc(O[C@H]2CCCc3c(C(F)(F)F)nn(-c4cccc(C(=O)N(C)c5ccc(C6(C(F)(F)F)N=N6)cc5)c4)c32)cc1,CHEMBL4051,CHEMBL6153119,Cystic fibrosis transmembrane conductance regulator,CHEMBL6157282,Corrector activity at CFTR F508del mutant (unknown origin) expressed in human CFBE41o- cells co-expressing HS-YFP assessed as restoration of channel function incubated for 24 hrs by florescence based analysis,B,EC50,=,385.0,nM,6.42,,2025,F508del,corrector
CHEMBL6177294,C[C@H]1NC(=O)N[C@H]1CCCCCC(=O)NCCOCCOCCOCCn1cc(CCC2(CCNC(=O)c3ccc(O[C@H]4CCCc5c(C(F)(F)F)nn(-c6cccc(C(=O)N(C)c7ccc8c(c7)OC(F)(F)O8)c6)c54)cc3)N=N2)nn1,CHEMBL4051,CHEMBL6153119,Cystic fibrosis transmembrane conductance regulator,CHEMBL6157282,Corrector activity at CFTR F508del mutant (unknown origin) expressed in human CFBE41o- cells co-expressing HS-YFP assessed as restoration of channel function incubated for 24 hrs by florescence based analysis,B,EC50,=,122.0,nM,6.91,,2025,F508del,corrector
CHEMBL6176900,C[C@H]1NC(=O)N[C@H]1CCCCCC(=O)NCCOCCOCCOCCn1cc(-c2ccc(O[C@H]3CCCc4c(C(F)(F)F)nn(-c5cccc(C(=O)N(C)c6ccc(C7(C(F)(F)F)N=N7)cc6)c5)c43)cc2)nn1,CHEMBL4051,CHEMBL6153119,Cystic fibrosis transmembrane conductance regulator,CHEMBL6157282,Corrector activity at CFTR F508del mutant (unknown origin) expressed in human CFBE41o- cells co-expressing HS-YFP assessed as restoration of channel function incubated for 24 hrs by florescence based analysis,B,EC50,=,480.0,nM,6.32,,2025,F508del,corrector
